Workbook

Sheet Overview
B2: Pokemon Change Docs
B5: These documents will outline all the changes made to the mechanics of the game: including all changes to the stats, typings, abilities, and learnsets of all 649 Pokemon.
B7: Pokemon are grouped together by evolution line, placed in the generation where said line was introduced. For example, Pichu is in Kanto because Pikachu was introduced in Gen 1.
B9: You can find full documentation on moves, abilities, and typing changes on their associated tabs!
B13: Note! | C13: All Pokemon have had their held item chances reduced to 0.
B15: Note! | C15: All Pokemon have had their EV Yields reduced to 0.
B17: Hidden Abilities | C17: Wild Pokemon have a 10% chance to be found with their hidden ability if it's unique from their other abilities.
B21: Move Changes | E21: Ability Changes | H21: Typing Changes
B25: Kanto: #1-151
B28: Johto: #152-251
B31: Hoenn: #252-386
B34: Sinnoh: #387-493
B37: Unova: #494-649

Sheet Kanto
K3: Bulbasaur | M3: Ivysaur | O3: Venusaur | Q3: Now Compatible With
K4: 1 | L4: Tackle | M4: 1 | N4: Tackle | O4: 1 | P4: Spit Up | Q4: TM34: Sludge Wave
K5: 1 | L5: Growl | M5: 1 | N5: Growl | O5: 1 | P5: Petal Dance | Q5: TM57: Weather Ball
K6: 3 | L6: Growth | M6: 3 | N6: Growth | O6: 3 | P6: Growth | Q6: TM85: Play Rough
K7: 5 | L7: Absorb | M7: 5 | N7: Absorb | O7: 5 | P7: Absorb | Q7: TM63: Brutal Swing
K8: 7 | L8: Leech Seed | M8: 7 | N8: Leech Seed | O8: 7 | P8: Leech Seed | Q8: TM54: Breaking Swipe
B9: #1 Bulbasaur | E9: # 2 Ivysaur | H9: #3 Venusaur | K9: 9 | L9: Razor Leaf | M9: 9 | N9: Razor Leaf | O9: 9 | P9: Razor Leaf | Q9: Tutor: Earth Power
A10: Type | B10: Grass | C10: Poison | D10: Type | E10: Grass | F10: Poison | G10: Type | H10: Grass | I10: Poison | K10: 11 | L10: Sweet Scent | M10: 11 | N10: Sweet Scent | O10: 11 | P10: Sweet Scent | Q10: TM05: Knock Off
A11: HP | C11: 45 | D11: HP | F11: 60 | G11: HP | I11: 80 | K11: 13 | L11: Sleep Powder | M11: 13 | N11: Sleep Powder | O11: 13 | P11: Sleep Powder
A12: Attack | C12: 49 | D12: Attack | F12: 62 | G12: Attack | I12: 82 | K12: 13 | L12: Stun Spore | M12: 13 | N12: Stun Spore | O12: 13 | P12: Stun Spore
A13: Defence | C13: 49 | D13: Defence | F13: 63 | G13: Defence | I13: 83 | K13: 15 | L13: Sludge | M13: 15 | N13: Sludge | O13: 15 | P13: Sludge
A14: SpAtk | C14: 65 | D14: SpAtk | F14: 80 | G14: SpAtk | I14: 100 | K14: 19 | L14: Vine Whip | M14: 19 | N14: Vine Whip | O14: 19 | P14: Vine Whip
A15: SpDef | B15: 7+ | C15: 72 | D15: SpDef | E15: 15+ | F15: 95 | G15: SpDef | H15: 20+ | I15: 120 | K15: 21 | L15: Gastro Acid | M15: 21 | N15: Gastro Acid | O15: 21 | P15: Gastro Acid
A16: Speed | C16: 45 | D16: Speed | F16: 60 | G16: Speed | I16: 80 | K16: 24 | L16: Bulldoze | M16: 24 | N16: Bulldoze | O16: 24 | P16: Bulldoze
A17: Total | B17: 15+ | C17: =SUM(C11:C16) -> 325 | D17: Total | E17: 15+ | F17: =SUM(F11:F16) -> 420 | G17: Total | H17: 20+ | I17: =SUM(I11:I16) -> 545 | K17: 27 | L17: Synthesis | M17: 27 | N17: Synthesis | O17: 27 | P17: Synthesis
A18: Ability 1 | B18: Resilient (Shield Dust) | D18: Ability 1 | E18: Resilient (Shield Dust) | G18: Ability 1 | H18: Resilient (Shield Dust) | K18: 32 | L18: Petal Dance | M18: 32 | N18: Petal Dance | O18: 32 | P18: Petal Dance
A19: Ability 2 | B19: Overgrow | D19: Ability 2 | E19: Overgrow | G19: Ability 2 | H19: Overgrow | K19: 36 | L19: Smog | M19: 36 | N19: Smog | O19: 36 | P19: Smog
A20: Ability 3 (HA) | B20: Thick Fat | D20: Ability 3 (HA) | E20: Thick Fat | G20: Ability 3 (HA) | H20: Thick Fat | M20: 40 | N20: Toxic | O20: 40 | P20: Toxic
A21: Evolution Changes | D21: Evolution Changes | G21: Evolution Changes | M21: 43 | N21: Roar | O21: 43 | P21: Roar
M22: 46 | N22: Amnesia | O22: 46 | P22: Amnesia
M23: 50 | N23: Earth Power | O23: 50 | P23: Earth Power
M24: 53 | N24: Sludge Bomb | O24: 53 | P24: Sludge Bomb
O25: 57 | P25: Swords Dance
O26: 62 | P26: Leaf Storm
O27: 70 | P27: Hyper Beam
O28: 78 | P28: Frenzy Plant
K32: Charmander | M32: Charmeleon | O32: Charizard | Q32: Now Compatible With
K33: 1 | L33: Scratch | M33: 1 | N33: Scratch | O33: 1 | P33: Sky Attack | Q33: TM62: Acrobatics
K34: 1 | L34: Growl | M34: 1 | N34: Growl | O34: 1 | P34: Steel Wing | Q34: TM47: Low Sweep
K35: 5 | L35: Ember | M35: 5 | N35: Ember | O35: 1 | P35: Dragon Claw | Q35: TM54: Breaking Swipe
K36: 7 | L36: Smokescreen | M36: 7 | N36: Smokescreen | O36: 7 | P36: Smokescreen | Q36: TM48: Mystical Fire
K37: 10 | L37: Flame Wheel | M37: 10 | N37: Flame Wheel | O37: 10 | P37: Flame Wheel | Q37: TM63: Brutal Swing
B38: #4 Charmander | E38: #5 Charmeleon | H38: #6 Charizard | K38: 13 | L38: Metal Claw | M38: 13 | N38: Metal Claw | O38: 13 | P38: Metal Claw | Q38: Tutor: Dragon Pulse
A39: Type | B39: Fire | D39: Type | E39: Fire | F39: Dragon | G39: Type | H39: Fire | I39: Dragon | K39: 16 | L39: Breaking Swipe | M39: 16 | N39: Breaking Swipe | O39: 16 | P39: Breaking Swipe | Q39: Tutor: Dual Chop
A40: HP | B40: 11+ | C40: 50 | D40: HP | F40: 58 | G40: HP | I40: 78 | K40: 18 | L40: Glare | M40: 18 | N40: Glare | O40: 18 | P40: Glare | Q40: TM18: Scorching Sands
A41: Attack | B41: 15+ | C41: 67 | D41: Attack | E41: 30+ | F41: 89 | G41: Attack | H41: 35+ | I41: 119 | K41: 22 | L41: Slash | M41: 22 | N41: Slash | O41: 22 | P41: Slash | Q41: TM12: Taunt
A42: Defence | C42: 43 | D42: Defence | F42: 58 | G42: Defence | I42: 78 | K42: 25 | L42: Flamethrower | M42: 25 | N42: Flamethrower | O42: 25 | P42: Flamethrower | Q42: Tutor: Draco Meteor
A43: SpAtk | B43: 10- | C43: 50 | D43: SpAtk | E43: 10- | F43: 70 | G43: SpAtk | H43: 29- | I43: 80 | K43: 27 | L43: Scary Face | M43: 27 | N43: Scary Face | O43: 27 | P43: Scary Face
A44: SpDef | C44: 50 | D44: SpDef | F44: 65 | G44: SpDef | I44: 85 | K44: 30 | L44: Thunderpunch | M44: 30 | N44: Thunderpunch | O44: 30 | P44: Thunderpunch
A45: Speed | C45: 65 | D45: Speed | F45: 80 | G45: Speed | H45: 5+ | I45: 105 | K45: 33 | L45: Devour | M45: 33 | N45: Devour | O45: 33 | P45: Devour
A46: Total | B46: 16+ | C46: =SUM(C40:C45) -> 325 | D46: Total | E46: 15+ | F46: =SUM(F40:F45) -> 420 | G46: Total | H46: 16+ | I46: =SUM(I40:I45) -> 545 | K46: 36 | L46: Sky Drop | M46: 36 | N46: Sky Drop | O46: 36 | P46: Sky Drop
A47: Ability 1 | B47: Flash Fire | D47: Ability 1 | E47: Flash Fire | G47: Ability 1 | H47: Levitate | K47: 40 | L47: Dragon Tail | M47: 40 | N47: Dragon Tail | O47: 40 | P47: Dragon Tail
A48: Ability 2 | B48: Blaze | D48: Ability 2 | E48: Blaze | G48: Ability 2 | H48: Blaze | K48: 43 | L48: Work Up | M48: 43 | N48: Work Up | O48: 43 | P48: Work Up
A49: Ability 3 (HA) | B49: Tough Claws | D49: Ability 3 (HA) | E49: Tough Claws | G49: Ability 3 (HA) | H49: Tough Claws | K49: 46 | L49: Fire Lash | M49: 46 | N49: Fire Lash | O49: 46 | P49: Fire Lash
A50: Evolution Changes | D50: Evolution Changes | G50: Evolution Changes | K50: 49 | L50: Roost | M50: 49 | N50: Roost | O50: 49 | P50: Roost
K51: 53 | L51: Dragon Rush | M51: 53 | N51: Dragon Rush | O51: 53 | P51: Dragon Rush
K52: 58 | L52: Overheat | M52: 58 | N52: Overheat | O52: 58 | P52: Overheat
K53: 68 | L53: Dragon Dance | M53: 68 | N53: Dragon Dance | O53: 68 | P53: Dragon Dance
O54: 73 | P54: Flare Blitz
O55: 79 | P55: Outrage
O56: 85 | P56: Blast Burn
K60: Squirtle | M60: Wartortle | O60: Blastoise | Q60: Now Compatible With
K61: 1 | L61: Tackle | M61: 1 | N61: Tackle | O61: 1 | P61: Fake Out | Q61: TM46: Aura Sphere
K62: 1 | L62: Defense Curl | M62: 1 | N62: Defense Curl | O62: 1 | P62: Mirror Coat | Q62: TM60: Wave Crash
K63: 5 | L63: Water Gun | M63: 5 | N63: Water Gun | O63: 1 | P63: Aura Sphere | Q63: TM79: Body Press
K64: 8 | L64: Rapid Spin | M64: 8 | N64: Rapid Spin | O64: 8 | P64: Rapid Spin | Q64: TM20: Hyper Voice
K65: 10 | L65: Bite | M65: 10 | N65: Bite | O65: 10 | P65: Bite
B66: #7 Squirtle | E66: #8 Wartortle | H66: #9 Blastoise | K66: 13 | L66: Barrage | M66: 13 | N66: Barrage | O66: 13 | P66: Barrage
A67: Type | B67: Water | D67: Type | E67: Water | F67: Steel | G67: Type | H67: Water | I67: Steel | K67: 16 | L67: Yawn | M67: 16 | N67: Yawn | O67: 16 | P67: Yawn
A68: HP | C68: 44 | D68: HP | F68: 59 | G68: HP | I68: 79 | K68: 19 | L68: Metal Claw | M68: 19 | N68: Metal Claw | O68: 19 | P68: Metal Claw
A69: Attack | C69: 48 | D69: Attack | F69: 63 | G69: Attack | I69: 83 | K69: 22 | L69: Mist | M69: 22 | N69: Mist | O69: 22 | P69: Mist
A70: Defence | B70: 11+ | C70: 76 | D70: Defence | E70: 10+ | F70: 90 | G70: Defence | H70: 15+ | I70: 115 | K70: 25 | L70: Bubble Beam | M70: 25 | N70: Bubble Beam | O70: 25 | P70: Bubble Beam
A71: SpAtk | C71: 50 | D71: SpAtk | F71: 70 | G71: SpAtk | I71: 85 | K71: 29 | L71: Protect | M71: 29 | N71: Protect | O71: 29 | P71: Protect
A72: SpDef | C72: 64 | D72: SpDef | F72: 80 | G72: SpDef | I72: 105 | K72: 33 | L72: Double-Edge | M72: 33 | N72: Double-Edge | O72: 33 | P72: Double-Edge
A73: Speed | C73: 43 | D73: Speed | F73: 58 | G73: Speed | I73: 78 | K73: 36 | L73: Gyro Ball | M73: 36 | N73: Gyro Ball | O73: 36 | P73: Gyro Ball
A74: Total | B74: 11+ | C74: =SUM(C68:C73) -> 325 | D74: Total | E74: 10+ | F74: =SUM(F68:F73) -> 420 | G74: Total | H74: 15+ | I74: =SUM(I68:I73) -> 545 | K74: 39 | L74: Block | M74: 39 | N74: Block | O74: 39 | P74: Block
A75: Ability 1 | B75: Shell Armor | D75: Ability 1 | E75: Shell Armor | G75: Ability 1 | H75: Shell Armor | K75: 42 | L75: Scald | M75: 42 | N75: Scald | O75: 42 | P75: Scald
A76: Ability 2 | B76: Torrent | D76: Ability 2 | E76: Torrent | G76: Ability 2 | H76: Torrent | K76: 45 | L76: Aqua Ring | M76: 45 | N76: Aqua Ring | O76: 45 | P76: Aqua Ring
A77: Ability 3 (HA) | B77: Rain Dish | D77: Ability 3 (HA) | E77: Rain Dish | G77: Ability 3 (HA) | H77: Determined (Rock Head) | K77: 47 | L77: Flash Cannon | M77: 47 | N77: Flash Cannon | O77: 47 | P77: Flash Cannon
A78: Evolution Changes | D78: Evolution Changes | G78: Evolution Changes | K78: 53 | L78: Hydro Pump | M78: 53 | N78: Hydro Pump | O78: 53 | P78: Hydro Pump
K79: 57 | L79: Iron Defense | M79: 57 | N79: Iron Defense | O79: 57 | P79: Iron Defense
K80: 60 | L80: Skull Bash | M80: 60 | N80: Skull Bash | O80: 60 | P80: Skull Bash
K81: 66 | L81: Wave Crash | M81: 66 | N81: Wave Crash | O81: 66 | P81: Wave Crash
K82: 76 | L82: Hyper Beam | M82: 76 | N82: Hyper Beam | O82: 76 | P82: Hyper Beam
O83: 82 | P83: Hydro Cannon
O84: 85 | P84: Steel Beam
K88: Caterpie | M88: Metapod | O88: Butterfree | Q88: Now Compatible With
K89: 1 | L89: Tackle | M89: 10 | N89: Harden | O89: 1 | P89: Silver Wind | Q89: TM58: Hurricane
K90: 1 | L90: String Shot | M90: 14 | N90: Flail | O90: 18 | P90: Psybeam | Q90: TM32: Dazzling Gleam
K91: 4 | L91: Bug Bite | O91: 20 | P91: Stun Spore | Q91: TM04: Shock Wave
K92: 6 | L92: Struggle Bug | O92: 20 | P92: Sleep Powder | Q92: TM50: Water Pulse
K93: 8 | L93: Electroweb | O93: 20 | P93: Poisonpowder | Q93: TM06: Magical Leaf
B94: #10 Caterpie | E94: #11 Metapod | H94: #12 Butterfree | O94: 22 | P94: Air Cutter | Q94: TM90: Draining Kiss
A95: Type | B95: Bug | D95: Type | E95: Bug | G95: Type | H95: Bug | I95: Flying | O95: 25 | P95: Signal Beam | Q95: TM41: Infestation
A96: HP | C96: 45 | D96: HP | F96: 50 | G96: HP | H96: 20+ | I96: 80 | O96: 29 | P96: Sweet Scent
A97: Attack | C97: 30 | D97: Attack | F97: 20 | G97: Attack | I97: 45 | O97: 31 | P97: Giga Drain
A98: Defence | C98: 35 | D98: Defence | E98: 40+ | F98: 95 | G98: Defence | I98: 50 | O98: 33 | P98: Air Slash
A99: SpAtk | C99: 20 | D99: SpAtk | E99: 50+ | F99: 75 | G99: SpAtk | H99: 30+ | I99: 110 | O99: 35 | P99: U-Turn
A100: SpDef | C100: 20 | D100: SpDef | E100: 50+ | F100: 75 | G100: SpDef | I100: 80 | O100: 37 | P100: Safeguard
A101: Speed | C101: 45 | D101: Speed | F101: 30 | G101: Speed | H101: 25+ | I101: 95 | O101: 39 | P101: Pollen Puff
A102: Total | C102: =SUM(C96:C101) -> 195 | D102: Total | E102: 170+ | F102: =SUM(F96:F101) -> 345 | G102: Total | H102: 85+ | I102: =SUM(I96:I101) -> 460 | O102: 41 | P102: Light Screen
A103: Ability 1 | B103: Resilient (Shield Dust) | D103: Ability 1 | E103: Resilient (Shield Dust) | G103: Ability 1 | H103: Keen Senses (Compoundeyes) | O103: 43 | P103: Psychic
A104: Ability 2 | B104: Keen Senses (Compoundeyes) | D104: Ability 2 | E104: Battle Armor | G104: Ability 2 | H104: Tenacity (Tinted Lens) | O104: 46 | P104: Hurricane
A105: Ability 3 (HA) | B105: Swarm | D105: Ability 3 (HA) | E105: Swarm | G105: Ability 3 (HA) | H105: Swarm | O105: 50 | P105: Tailwind
A106: Evolution Changes | D106: Evolution Changes | E106: Level 10 | G106: Evolution Changes | H106: Level 18 | O106: 55 | P106: Scorching Swarm
O107: 60 | P107: Quiver Dance
K112: Weedle | M112: Kakuna | O112: Beedrill | Q112: Now Compatible With
K113: 1 | L113: Poison Sting | M113: 10 | N113: Harden | O113: 1 | P113: Poison Sting | Q113: TM77: Bug Buzz
K114: 1 | L114: String Shot | M114: 14 | N114: Pin Missile | O114: 18 | P114: Brutal Swing | Q114: TM45: Lunge
K115: 4 | L115: Bug Bite | O115: 20 | P115: Toxic | Q115: TM01: Psychic Fangs
...

Sheet New Sheet Idea
B2: Kanto: #1-151 | J2: Note!
J3: Because evolution lines are grouped together, some pokemon from later generations are here.
B4: *note, evolution lines are grouped together, so some gen 2 and 4 mons are here
H9: Bulbasaur | K9: Ivysaur | N9: Venusaur | Q9: Now Compatible With
H10: 1 | J10: Tackle | K10: 1 | M10: Tackle | N10: 1 | P10: Spit Up | Q10: TM34: Sludge Wave
H11: 1 | J11: Growl | K11: 1 | M11: Growl | N11: 1 | P11: Petal Dance | Q11: TM57: Weather Ball
H12: 3 | J12: Growth | K12: 3 | M12: Growth | N12: 3 | P12: Growth | Q12: TM85: Play Rough
H13: 5 | J13: Absorb | K13: 5 | M13: Absorb | N13: 5 | P13: Absorb | Q13: TM63: Brutal Swing
H14: 7 | J14: Leech Seed | K14: 7 | M14: Leech Seed | N14: 7 | P14: Leech Seed | Q14: TM54: Breaking Swipe
B15: #1 Bulbasaur | D15: # 2 Ivysaur | F15: #3 Venusaur | H15: 9 | J15: Razor Leaf | K15: 9 | M15: Razor Leaf | N15: 9 | P15: Razor Leaf | Q15: Tutor: Earth Power
A16: Type | B16: Grass | C16: Poison | D16: Grass | E16: Poison | F16: Grass | G16: Poison | H16: 11 | J16: Sweet Scent | K16: 11 | M16: Sweet Scent | N16: 11 | P16: Sweet Scent | Q16: TM05: Knock Off
A17: HP | C17: 45 | E17: 60 | G17: 80 | H17: 13 | J17: Sleep Powder | K17: 13 | M17: Sleep Powder | N17: 13 | P17: Sleep Powder
A18: Attack | C18: 49 | E18: 62 | G18: 82 | H18: 13 | J18: Stun Spore | K18: 13 | M18: Stun Spore | N18: 13 | P18: Stun Spore
A19: Defence | C19: 49 | E19: 63 | G19: 83 | H19: 15 | J19: Sludge | K19: 15 | M19: Sludge | N19: 15 | P19: Sludge
A20: SpAtk | C20: 65 | E20: 80 | G20: 100 | H20: 19 | J20: Vine Whip | K20: 19 | M20: Vine Whip | N20: 19 | P20: Vine Whip
A21: SpDef | B21: 7+ | C21: 72 | D21: 15+ | E21: 95 | F21: 20+ | G21: 120 | H21: 21 | J21: Gastro Acid | K21: 21 | M21: Gastro Acid | N21: 21 | P21: Gastro Acid
A22: Speed | C22: 45 | E22: 60 | G22: 80 | H22: 24 | J22: Bulldoze | K22: 24 | M22: Bulldoze | N22: 24 | P22: Bulldoze
A23: Total | B23: 15+ | C23: =SUM(C17:C22) -> 325 | D23: 15+ | E23: =SUM(E17:E22) -> 420 | F23: 20+ | G23: =SUM(G17:G22) -> 545 | H23: 27 | J23: Synthesis | K23: 27 | M23: Synthesis | N23: 27 | P23: Synthesis
A24: Ability 1 | B24: Resilient (Shield Dust) | D24: Resilient (Shield Dust) | F24: Resilient (Shield Dust) | H24: 32 | J24: Petal Dance | K24: 32 | M24: Petal Dance | N24: 32 | P24: Petal Dance
A25: Ability 2 | B25: Overgrow | D25: Overgrow | F25: Overgrow | H25: 36 | J25: Smog | K25: 36 | M25: Smog | N25: 36 | P25: Smog
A26: Ability 3 (HA) | B26: Thick Fat | D26: Thick Fat | F26: Thick Fat | K26: 40 | M26: Toxic | N26: 40 | P26: Toxic
A27: Evolution Changes | K27: 43 | M27: Roar | N27: 43 | P27: Roar
K28: 46 | M28: Amnesia | N28: 46 | P28: Amnesia
K29: 50 | M29: Earth Power | N29: 50 | P29: Earth Power
K30: 53 | M30: Sludge Bomb | N30: 53 | P30: Sludge Bomb
N31: 57 | P31: Swords Dance
N32: 62 | P32: Leaf Storm
N33: 70 | P33: Hyper Beam
N34: 78 | P34: Frenzy Plant
H38: Charmander | K38: Charmeleon | N38: Charizard | Q38: Now Compatible With
H39: 1 | J39: Scratch | K39: 1 | M39: Scratch | N39: 1 | P39: Sky Attack | Q39: TM62: Acrobatics
H40: 1 | J40: Growl | K40: 1 | M40: Growl | N40: 1 | P40: Steel Wing | Q40: TM47: Low Sweep
H41: 5 | J41: Ember | K41: 5 | M41: Ember | N41: 1 | P41: Dragon Claw | Q41: TM54: Breaking Swipe
H42: 7 | J42: Smokescreen | K42: 7 | M42: Smokescreen | N42: 7 | P42: Smokescreen | Q42: TM48: Mystical Fire
H43: 10 | J43: Flame Wheel | K43: 10 | M43: Flame Wheel | N43: 10 | P43: Flame Wheel | Q43: TM63: Brutal Swing
B44: #4 Charmander | D44: #5 Charmeleon | F44: #6 Charizard | H44: 13 | J44: Metal Claw | K44: 13 | M44: Metal Claw | N44: 13 | P44: Metal Claw | Q44: Tutor: Dragon Pulse
A45: Type | B45: Fire | D45: Fire | E45: Dragon | F45: Fire | G45: Dragon | H45: 16 | J45: Breaking Swipe | K45: 16 | M45: Breaking Swipe | N45: 16 | P45: Breaking Swipe | Q45: Tutor: Dual Chop
A46: HP | B46: 11+ | C46: 50 | E46: 58 | G46: 78 | H46: 18 | J46: Glare | K46: 18 | M46: Glare | N46: 18 | P46: Glare | Q46: TM18: Scorching Sands
A47: Attack | B47: 15+ | C47: 67 | D47: 30+ | E47: 89 | F47: 35+ | G47: 119 | H47: 22 | J47: Slash | K47: 22 | M47: Slash | N47: 22 | P47: Slash | Q47: TM12: Taunt
A48: Defence | C48: 43 | E48: 58 | G48: 78 | H48: 25 | J48: Flamethrower | K48: 25 | M48: Flamethrower | N48: 25 | P48: Flamethrower | Q48: Tutor: Draco Meteor
A49: SpAtk | B49: 10- | C49: 50 | D49: 10- | E49: 70 | F49: 29- | G49: 80 | H49: 27 | J49: Scary Face | K49: 27 | M49: Scary Face | N49: 27 | P49: Scary Face
A50: SpDef | C50: 50 | E50: 65 | G50: 85 | H50: 30 | J50: Thunderpunch | K50: 30 | M50: Thunderpunch | N50: 30 | P50: Thunderpunch
A51: Speed | C51: 65 | E51: 80 | F51: 5+ | G51: 105 | H51: 33 | J51: Devour | K51: 33 | M51: Devour | N51: 33 | P51: Devour
A52: Total | B52: 16+ | C52: =SUM(C46:C51) -> 325 | D52: 15+ | E52: =SUM(E46:E51) -> 420 | F52: 16+ | G52: =SUM(G46:G51) -> 545 | H52: 36 | J52: Sky Drop | K52: 36 | M52: Sky Drop | N52: 36 | P52: Sky Drop
A53: Ability 1 | B53: Flash Fire | D53: Flash Fire | F53: Levitate | H53: 40 | J53: Dragon Tail | K53: 40 | M53: Dragon Tail | N53: 40 | P53: Dragon Tail
A54: Ability 2 | B54: Blaze | D54: Blaze | F54: Blaze | H54: 43 | J54: Work Up | K54: 43 | M54: Work Up | N54: 43 | P54: Work Up
A55: Ability 3 (HA) | B55: Tough Claws | D55: Tough Claws | F55: Tough Claws | H55: 46 | J55: Fire Lash | K55: 46 | M55: Fire Lash | N55: 46 | P55: Fire Lash
A56: Evolution Changes | H56: 49 | J56: Roost | K56: 49 | M56: Roost | N56: 49 | P56: Roost
H57: 53 | J57: Dragon Rush | K57: 53 | M57: Dragon Rush | N57: 53 | P57: Dragon Rush
H58: 58 | J58: Overheat | K58: 58 | M58: Overheat | N58: 58 | P58: Overheat
H59: 68 | J59: Dragon Dance | K59: 68 | M59: Dragon Dance | N59: 68 | P59: Dragon Dance
N60: 73 | P60: Flare Blitz
N61: 79 | P61: Outrage
N62: 85 | P62: Blast Burn
H66: Squirtle | K66: Wartortle | N66: Blastoise | Q66: Now Compatible With
H67: 1 | J67: Tackle | K67: 1 | M67: Tackle | N67: 1 | P67: Fake Out | Q67: TM46: Aura Sphere
H68: 1 | J68: Defense Curl | K68: 1 | M68: Defense Curl | N68: 1 | P68: Mirror Coat | Q68: TM60: Wave Crash
H69: 5 | J69: Water Gun | K69: 5 | M69: Water Gun | N69: 1 | P69: Aura Sphere | Q69: TM79: Body Press
H70: 8 | J70: Rapid Spin | K70: 8 | M70: Rapid Spin | N70: 8 | P70: Rapid Spin | Q70: TM20: Hyper Voice
H71: 10 | J71: Bite | K71: 10 | M71: Bite | N71: 10 | P71: Bite
B72: #7 Squirtle | D72: #8 Wartortle | F72: #9 Blastoise | H72: 13 | J72: Barrage | K72: 13 | M72: Barrage | N72: 13 | P72: Barrage
A73: Type | B73: Water | D73: Water | E73: Steel | F73: Water | G73: Steel | H73: 16 | J73: Yawn | K73: 16 | M73: Yawn | N73: 16 | P73: Yawn
A74: HP | C74: 44 | E74: 59 | G74: 79 | H74: 19 | J74: Metal Claw | K74: 19 | M74: Metal Claw | N74: 19 | P74: Metal Claw
A75: Attack | C75: 48 | E75: 63 | G75: 83 | H75: 22 | J75: Mist | K75: 22 | M75: Mist | N75: 22 | P75: Mist
A76: Defence | B76: 11+ | C76: 76 | D76: 10+ | E76: 90 | F76: 15+ | G76: 115 | H76: 25 | J76: Bubble Beam | K76: 25 | M76: Bubble Beam | N76: 25 | P76: Bubble Beam
A77: SpAtk | C77: 50 | E77: 70 | G77: 85 | H77: 29 | J77: Protect | K77: 29 | M77: Protect | N77: 29 | P77: Protect
A78: SpDef | C78: 64 | E78: 80 | G78: 105 | H78: 33 | J78: Double-Edge | K78: 33 | M78: Double-Edge | N78: 33 | P78: Double-Edge
A79: Speed | C79: 43 | E79: 58 | G79: 78 | H79: 36 | J79: Gyro Ball | K79: 36 | M79: Gyro Ball | N79: 36 | P79: Gyro Ball
A80: Total | B80: 11+ | C80: =SUM(C74:C79) -> 325 | D80: 10+ | E80: =SUM(E74:E79) -> 420 | F80: 15+ | G80: =SUM(G74:G79) -> 545 | H80: 39 | J80: Block | K80: 39 | M80: Block | N80: 39 | P80: Block
A81: Ability 1 | B81: Shell Armor | D81: Shell Armor | F81: Shell Armor | H81: 42 | J81: Scald | K81: 42 | M81: Scald | N81: 42 | P81: Scald
A82: Ability 2 | B82: Torrent | D82: Torrent | F82: Torrent | H82: 45 | J82: Aqua Ring | K82: 45 | M82: Aqua Ring | N82: 45 | P82: Aqua Ring
A83: Ability 3 (HA) | B83: Rain Dish | D83: Rain Dish | F83: Determined (Rock Head) | H83: 47 | J83: Flash Cannon | K83: 47 | M83: Flash Cannon | N83: 47 | P83: Flash Cannon
A84: Evolution Changes | H84: 53 | J84: Hydro Pump | K84: 53 | M84: Hydro Pump | N84: 53 | P84: Hydro Pump
H85: 57 | J85: Iron Defense | K85: 57 | M85: Iron Defense | N85: 57 | P85: Iron Defense
H86: 60 | J86: Skull Bash | K86: 60 | M86: Skull Bash | N86: 60 | P86: Skull Bash
H87: 66 | J87: Wave Crash | K87: 66 | M87: Wave Crash | N87: 66 | P87: Wave Crash
H88: 76 | J88: Hyper Beam | K88: 76 | M88: Hyper Beam | N88: 76 | P88: Hyper Beam
N89: 82 | P89: Hydro Cannon
N90: 85 | P90: Steel Beam
H94: Caterpie | K94: Metapod | N94: Buttefree | Q94: Now Compatible With
H95: 1 | J95: Tackle | K95: 10 | M95: Harden | N95: 1 | P95: Silver Wind | Q95: TM58: Hurricane
H96: 1 | J96: String Shot | K96: 14 | M96: Flail | N96: 18 | P96: Psybeam | Q96: TM32: Dazzling Gleam
H97: 4 | J97: Bug Bite | N97: 20 | P97: Stun Spore | Q97: TM04: Shock Wave
H98: 6 | J98: Struggle Bug | N98: 20 | P98: Sleep Powder | Q98: TM50: Water Pulse
H99: 8 | J99: Electroweb | N99: 20 | P99: Poisonpowder | Q99: TM06: Magical Leaf
B100: #10 Caterpie | D100: #11 Metapod | F100: #12 Butterfree | N100: 22 | P100: Air Cutter | Q100: TM90: Draining Kiss
A101: Type | B101: Bug | D101: Bug | F101: Bug | G101: Flying | N101: 25 | P101: Signal Beam | Q101: TM41: Infestation
A102: HP | C102: 45 | E102: 50 | F102: 20+ | G102: 80 | N102: 29 | P102: Sweet Scent
A103: Attack | C103: 30 | E103: 20 | G103: 45 | N103: 31 | P103: Giga Drain
A104: Defence | C104: 35 | D104: 40+ | E104: 95 | G104: 50 | N104: 33 | P104: Air Slash
A105: SpAtk | C105: 20 | D105: 50+ | E105: 75 | F105: 30+ | G105: 110 | N105: 35 | P105: U-Turn
A106: SpDef | C106: 20 | D106: 50+ | E106: 75 | G106: 80 | N106: 37 | P106: Safeguard
A107: Speed | C107: 45 | E107: 30 | F107: 25+ | G107: 95 | N107: 39 | P107: Pollen Puff
A108: Total | C108: =SUM(C102:C107) -> 195 | D108: 170+ | E108: =SUM(E102:E107) -> 345 | F108: 85+ | G108: =SUM(G102:G107) -> 460 | N108: 41 | P108: Light Screen
A109: Ability 1 | B109: Resilient (Shield Dust) | D109: Resilient (Shield Dust) | F109: Keen Senses (Compoundeyes) | N109: 43 | P109: Psychic
A110: Ability 2 | B110: Keen Senses (Compoundeyes) | D110: Battle Armor | F110: Tenacity (Tinted Lens) | N110: 46 | P110: Hurricane
A111: Ability 3 (HA) | B111: Swarm | D111: Swarm | F111: Swarm | N111: 50 | P111: Tailwind
A112: Evolution Changes | D112: Level 10 | F112: Level 18 | N112: 55 | P112: Scorching Swarm
N113: 60 | P113: Quiver Dance
H118: Weedle | K118: Kakuna | N118: Beedrill | Q118: Now Compatible With
...

Sheet Johto
K3: Chikorita | M3: Bayleef | O3: Meganium | Q3: Now Compatible With
K4: 1 | L4: Tackle | M4: 1 | N4: Tackle | O4: 1 | P4: Skull Bash | Q4: TM85: Play Rough
K5: 1 | L5: Growl | M5: 1 | N5: Growl | O5: 1 | P5: Sunny Day | Q5: TM32: Dazzling Gleam
K6: 7 | L6: Poisonpowder | M6: 7 | N6: Poisonpowder | O6: 7 | P6: Poisonpowder | Q6: TM48: Mystical Fire
K7: 10 | L7: Heart Stamp | M7: 10 | N7: Heart Stamp | O7: 10 | P7: Heart Stamp | Q7: TM29: Psychic
K8: 13 | L8: Bullet Seed | M8: 13 | N8: Bullet Seed | O8: 13 | P8: Bullet Seed | Q8: TM79: Body Press
B9: #152 Chikorita | E9: #153 Bayleef | H9: #154 Meganium | K9: 15 | L9: Synthesis | M9: 15 | N9: Synthesis | O9: 15 | P9: Synthesis | Q9: TM92: Solar Blade
A10: Type | B10: Grass | D10: Type | E10: Grass | F10: Fairy | G10: Type | H10: Grass | I10: Fairy | K10: 18 | L10: Take Down | M10: 18 | N10: Take Down | O10: 18 | P10: Take Down | Q10: TM03: Psyshock
A11: HP | C11: 45 | D11: HP | F11: 60 | G11: HP | I11: 80 | K11: 21 | L11: Safeguard | M11: 21 | N11: Safeguard | O11: 21 | P11: Safeguard
A12: Attack | B12: 18+ | C12: 67 | D12: Attack | E12: 25+ | F12: 87 | G12: Attack | H12: 20+ | I12: 102 | K12: 24 | L12: Natural Gift | M12: 24 | N12: Natural Gift | O12: 24 | P12: Natural Gift
A13: Defence | C13: 65 | D13: Defence | F13: 80 | G13: Defence | I13: 100 | K13: 27 | L13: Horn Leech | M13: 27 | N13: Horn Leech | O13: 27 | P13: Horn Leech
A14: SpAtk | B14: 11- | C14: 38 | D14: SpAtk | E14: 10- | F14: 53 | G14: SpAtk | I14: 83 | K14: 30 | L14: Reflect | M14: 30 | N14: Reflect | O14: 30 | P14: Reflect
A15: SpDef | C15: 65 | D15: SpDef | F15: 80 | G15: SpDef | I15: 100 | K15: 30 | L15: Light Screen | M15: 30 | N15: Light Screen | O15: 30 | P15: Light Screen
A16: Speed | C16: 45 | D16: Speed | F16: 60 | G16: Speed | I16: 80 | K16: 33 | L16: Moonblast | M16: 33 | N16: Moonblast | O16: 33 | P16: Moonblast
A17: Total | B17: 7+ | C17: =SUM(C11:C16) -> 325 | D17: Total | E17: 15+ | F17: =SUM(F11:F16) -> 420 | G17: Total | H17: 20+ | I17: =SUM(I11:I16) -> 545 | K17: 38 | L17: Weather Crash | M17: 38 | N17: Weather Crash | O17: 38 | P17: Weather Crash
A18: Ability 1 | B18: Overgrow | D18: Ability 1 | E18: Overgrow | G18: Ability 1 | H18: Overgrow | K18: 41 | L18: Rest | M18: 41 | N18: Rest | O18: 41 | P18: Rest
A19: Ability 2 | B19: Healer | D19: Ability 2 | E19: Healer | G19: Ability 2 | H19: Healer | M19: 46 | N19: Petal Blizzard | O19: 46 | P19: Petal Blizzard
A20: Ability 3 (HA) | B20: Natural Cure | D20: Ability 3 (HA) | E20: Natural Cure | G20: Ability 3 (HA) | H20: Flower Gift | M20: 50 | N20: Earthquake | O20: 50 | P20: Earthquake
A21: Evolution Changes | D21: Evolution Changes | G21: Evolution Changes | M21: 56 | N21: Play Rough | O21: 56 | P21: Play Rough
M22: 60 | N22: Growth | O22: 60 | P22: Growth
M23: 64 | N23: Spirit Break | O23: 64 | P23: Spirit Break
O24: 70 | P24: Giga Impact
O25: 75 | P25: Frenzy Plant
K29: Cyndaquil | M29: Quilava | O29: Typhlosion | Q29: Now Compatible With
K30: 1 | L30: Tackle | M30: 1 | N30: Tackle | O30: 1 | P30: Magma Storm | Q30: Tutor: Earth Power
K31: 1 | L31: Leer | M31: 1 | N31: Leer | O31: 1 | P31: Sand Tomb | Q31: TM48: Mystical Fire
K32: 4 | L32: Smokescreen | M32: 4 | N32: Smokescreen | O32: 4 | P32: Smokescreen
K33: 6 | L33: Ember | M33: 6 | N33: Ember | O33: 6 | P33: Ember
K34: 10 | L34: Quick Attack | M34: 10 | N34: Quick Attack | O34: 10 | P34: Quick Attack
B35: #155 Cyndaquil | E35: #156 Quilava | H35: #157 Typhlosion | K35: 13 | L35: Flame Wheel | M35: 13 | N35: Flame Wheel | O35: 13 | P35: Flame Wheel
A36: Type | B36: Fire | D36: Type | E36: Fire | F36: Ground | G36: Type | H36: Fire | I36: Ground | K36: 17 | L36: Bulldoze | M36: 17 | N36: Bulldoze | O36: 17 | P36: Bulldoze
A37: HP | C37: 39 | D37: HP | F37: 58 | G37: HP | I37: 78 | K37: 20 | L37: Infernal Parade | M37: 20 | N37: Infernal Parade | O37: 20 | P37: Infernal Parade
A38: Attack | C38: 52 | D38: Attack | F38: 64 | G38: Attack | I38: 84 | K38: 24 | L38: Endure | M38: 24 | N38: Endure | O38: 24 | P38: Endure
A39: Defence | C39: 43 | D39: Defence | F39: 58 | G39: Defence | I39: 78 | K39: 27 | L39: Gyro Ball | M39: 27 | N39: Gyro Ball | O39: 27 | P39: Gyro Ball
A40: SpAtk | B40: 16+ | C40: 76 | D40: SpAtk | E40: 15+ | F40: 95 | G40: SpAtk | H40: 11+ | I40: 120 | K40: 30 | L40: Scorching Sands | M40: 30 | N40: Scorching Sands | O40: 30 | P40: Scorching Sands
A41: SpDef | C41: 50 | D41: SpDef | F41: 65 | G41: SpDef | I41: 85 | K41: 33 | L41: Defense Curl | M41: 33 | N41: Defense Curl | O41: 33 | P41: Defense Curl
A42: Speed | C42: 65 | D42: Speed | F42: 80 | G42: Speed | I42: 100 | K42: 36 | L42: Extrasensory | M42: 36 | N42: Extrasensory | O42: 36 | P42: Extrasensory
A43: Total | B43: 11+ | C43: =SUM(C37:C42) -> 325 | D43: Total | E43: 15+ | F43: =SUM(F37:F42) -> 420 | G43: Total | H43: 11+ | I43: =SUM(I37:I42) -> 545 | K43: 40 | L43: Reversal | M43: 40 | N43: Reversal | O43: 40 | P43: Reversal
A44: Ability 1 | B44: Blaze | D44: Ability 1 | E44: Blaze | G44: Ability 1 | H44: Blaze | K44: 44 | L44: Lava Plume | M44: 44 | N44: Lava Plume | O44: 44 | P44: Lava Plume
A45: Ability 2 | B45: Flash Fire | D45: Ability 2 | E45: Flash Fire | G45: Ability 2 | H45: Flash Fire | K45: 48 | L45: Rollout | M45: 48 | N45: Rollout | O45: 48 | P45: Rollout
A46: Ability 3 (HA) | B46: Turboblaze | D46: Ability 3 (HA) | E46: Turboblaze | G46: Ability 3 (HA) | H46: Turboblaze | K46: 52 | L46: Earth Power | M46: 52 | N46: Earth Power | O46: 52 | P46: Earth Power
A47: Evolution Changes | D47: Evolution Changes | G47: Evolution Changes | M47: 57 | N47: Blast Burn | O47: 57 | P47: Blast Burn
O48: 64 | P48: Extremespeed
O49: 70 | P49: Eruption
O50: 85 | P50: Focus Energy
K54: Totodile | M54: Croconaw | O54: Feraligatr | Q54: Now Compatible With
K55: 1 | L55: Leer | M55: 1 | N55: Leer | O55: 1 | P55: Psychic Fangs | Q55: TM60: Wave Crash
K56: 1 | L56: Water Gun | M56: 1 | N56: Water Gun | O56: 1 | P56: Wave Crash | Q56: TM68: Avalanche
K57: 1 | L57: Scratch | M57: 1 | N57: Scratch | O57: 1 | P57: Dragon Claw
K58: 6 | L58: Aqua Jet | M58: 6 | N58: Aqua Jet | O58: 6 | P58: Aqua Jet
K59: 10 | L59: Bite | M59: 10 | N59: Bite | O59: 10 | P59: Bite
B60: #158 Totodile | E60: #159 Croconaw | H60: #160 Feraligatr | K60: 15 | L60: Scale Shot | M60: 15 | N60: Scale Shot | O60: 15 | P60: Scale Shot
A61: Type | B61: Water | D61: Type | E61: Water | F61: Dragon | G61: Type | H61: Water | I61: Dragon | K61: 18 | L61: Scary Face | M61: 18 | N61: Scary Face | O61: 18 | P61: Scary Face
A62: HP | B62: 6+ | C62: 56 | D62: HP | F62: 65 | G62: HP | I62: 85 | K62: 21 | L62: Ice Fang | M62: 21 | N62: Ice Fang | O62: 21 | P62: Ice Fang
A63: Attack | C63: 65 | D63: Attack | E63: 5+ | F63: 85 | G63: Attack | H63: 10+ | I63: 115 | K63: 24 | L63: Razor Shell | M63: 24 | N63: Razor Shell | O63: 24 | P63: Razor Shell
A64: Defence | C64: 64 | D64: Defence | F64: 80 | G64: Defence | I64: 100 | K64: 27 | L64: Block | M64: 27 | N64: Block | O64: 27 | P64: Block
A65: SpAtk | C65: 44 | D65: SpAtk | F65: 59 | G65: SpAtk | H65: 10- | I65: 74 | K65: 30 | L65: Crunch | M65: 30 | N65: Crunch | O65: 30 | P65: Crunch
A66: SpDef | C66: 48 | D66: SpDef | F66: 63 | G66: SpDef | I66: 83 | K66: 34 | L66: Devour | M66: 34 | N66: Devour | O66: 34 | P66: Devour
A67: Speed | B67: 5+ | C67: 48 | D67: Speed | E67: 10+ | F67: 68 | G67: Speed | H67: 10+ | I67: 88 | K67: 38 | L67: Counter | M67: 38 | N67: Counter | O67: 38 | P67: Counter
A68: Total | B68: 11+ | C68: =SUM(C62:C67) -> 325 | D68: Total | E68: 15+ | F68: =SUM(F62:F67) -> 420 | G68: Total | H68: 10+ | I68: =SUM(I62:I67) -> 545 | K68: 40 | L68: Spiky Shield | M68: 40 | N68: Spiky Shield | O68: 40 | P68: Spiky Shield
A69: Ability 1 | B69: Torrent | D69: Ability 1 | E69: Torrent | G69: Ability 1 | H69: Torrent | K69: 46 | L69: Liquidation | M69: 46 | N69: Liquidation | O69: 46 | P69: Liquidation
A70: Ability 2 | B70: Rough Skin | D70: Ability 2 | E70: Rough Skin | G70: Ability 2 | H70: Rough Skin | K70: 53 | L70: Dragon Rush | M70: 53 | N70: Dragon Rush | O70: 53 | P70: Dragon Rush
A71: Ability 3 (HA) | B71: Sheer Force | D71: Ability 3 (HA) | E71: Sheer Force | G71: Ability 3 (HA) | H71: Sheer Force | M71: 57 | N71: Swagger | O71: 57 | P71: Swagger
A72: Evolution Changes | D72: Evolution Changes | G72: Evolution Changes | M72: 65 | N72: Aqua Tail | O72: 65 | P72: Aqua Tail
M73: 72 | N73: Head Smash | O73: 72 | P73: Head Smash
M74: 78 | N74: Outrage | O74: 78 | P74: Outrage
M75: 85 | N75: Dragon Dance | O75: 85 | P75: Dragon Dance
K79: Sentret | M79: Furret | Q79: Now Compatible With
K80: 1 | L80: Defense Curl | M80: 1 | N80: Agility | Q80: TM85: Play Rough
K81: 1 | L81: Tackle | M81: 1 | N81: Flail | Q81: TM78: Bulldoze
K82: 4 | L82: Quick Attack | M82: 4 | N82: Quick Attack | Q82: TM39: Rock Tomb
K83: 8 | L83: Follow Me | M83: 8 | N83: Follow Me | Q83: TM63: Brutal Swing
K84: 11 | L84: Brutal Swing | M84: 11 | N84: Brutal Swing | Q84: Tutor: Zen Headbutt
B85: #161 Sentret | E85: #162 Furret | K85: 13 | L85: Tail Slap | M85: 13 | N85: Tail Slap
A86: Type | B86: Normal | D86: Type | E86: Normal | G86: Type | K86: 16 | L86: Covet | M86: 16 | N86: Covet
A87: HP | B87: 20+ | C87: 55 | D87: HP | F87: 85 | G87: HP | K87: 20 | L87: Endure | M87: 20 | N87: Endure
A88: Attack | B88: 14+ | C88: 60 | D88: Attack | E88: 9+ | F88: 85 | G88: Attack | K88: 24 | L88: Dig | M88: 24 | N88: Dig
A89: Defence | B89: 31+ | C89: 65 | D89: Defence | E89: 31+ | F89: 95 | G89: Defence | K89: 27 | L89: Take Down | M89: 27 | N89: Take Down
A90: SpAtk | C90: 35 | D90: SpAtk | F90: 45 | G90: SpAtk | K90: 30 | L90: Helping Hand | M90: 30 | N90: Helping Hand
A91: SpDef | B91: 25+ | C91: 65 | D91: SpDef | E91: 40+ | F91: 95 | G91: SpDef | K91: 33 | L91: Rest | M91: 33 | N91: Rest
A92: Speed | B92: 40+ | C92: 60 | D92: Speed | F92: 90 | G92: Speed | K92: 35 | L92: Fake Out | M92: 35 | N92: Fake Out
A93: Total | B93: 125+ | C93: =SUM(C87:C92) -> 340 | D93: Total | E93: 80+ | F93: =SUM(F87:F92) -> 495 | G93: Total | K93: 37 | L93: Play Rough | M93: 37 | N93: Play Rough
A94: Ability 1 | B94: Adaptability | D94: Ability 1 | E94: Adaptability | G94: Ability 1 | K94: 40 | L94: Double-Edge | M94: 40 | N94: Double-Edge
A95: Ability 2 | B95: Run Away | D95: Ability 2 | E95: Run Away | G95: Ability 2 | K95: 44 | L95: Baton Pass | M95: 44 | N95: Baton Pass
A96: Ability 3 (HA) | B96: Scrappy | D96: Ability 3 (HA) | E96: Scrappy | G96: Ability 3 (HA) | M96: 48 | N96: Reversal
A97: Evolution Changes | D97: Evolution Changes | E97: Level 18 | G97: Evolution Changes | M97: 52 | N97: Last Resort
M98: 55 | N98: Giga Impact
M99: 60 | N99: Coil
K103: Hoothoot | M103: Noctowl | Q103: Now Compatible With
K104: 1 | L104: Confide | M104: 1 | N104: Blizzard | Q104: TM48: Mystical Fire
K105: 1 | L105: Gust | M105: 1 | N105: Psycho Boost | Q105: TM61: Will-o-Wisp
K106: 3 | L106: Astonish | M106: 3 | N106: Astonish | Q106: TM58: Hurricane
K107: 8 | L107: Confusion | M107: 8 | N107: Confusion | Q107: TM06: Magical Leaf
K108: 10 | L108: Defog | M108: 10 | N108: Defog | Q108: TM23: Icy Wind
B109: #163 Hoothoot | E109: #164 Noctowl | K109: 13 | L109: Reflect | M109: 13 | N109: Reflect | Q109: TM52: Focus Blast
A110: Type | B110: Ghost | C110: Flying | D110: Type | E110: Ghost | F110: Flying | G110: Type | K110: 15 | L110: Uproar | M110: 15 | N110: Uproar | Q110: TM30: Shadow Ball
A111: HP | C111: 60 | D111: HP | F111: 100 | G111: HP | K111: 18 | L111: Glare | M111: 18 | N111: Glare
A112: Attack | C112: 30 | D112: Attack | F112: 50 | G112: Attack | K112: 21 | L112: Hex | M112: 21 | N112: Hex
A113: Defence | B113: 10+ | C113: 40 | D113: Defence | E113: 20+ | F113: 70 | G113: Defence | K113: 24 | L113: Mean Look | M113: 24 | N113: Mean Look
A114: SpAtk | B114: 40+ | C114: 71 | D114: SpAtk | E114: 15+ | F114: 101 | G114: SpAtk | K114: 28 | L114: Air Cutter | M114: 28 | N114: Air Cutter
...

Sheet Kanto - Old
B2: Kanto: #1-151 | I2: Note!
I3: Because evolution lines are grouped together, some pokemon from later generations are here.
B4: *note, evolution lines are grouped together, so some gen 2 and 4 mons are here
H8: Bulbasaur | J8: Ivysaur | L8: Venusaur | N8: Now Compatible With
H9: 1 | I9: Tackle | J9: 1 | K9: Tackle | L9: 1 | M9: Spit Up | N9: TM34: Sludge Wave
H10: 1 | I10: Growth | J10: 1 | K10: Growth | L10: 1 | M10: Petal Dance | N10: TM57: Weather Ball
H11: 7 | I11: Leech Seed | J11: 7 | K11: Leech Seed | L11: 1 | M11: Earth Power | N11: TM85: Play Rough
H12: 9 | I12: Mega Drain | J12: 9 | K12: Mega Drain | L12: 7 | M12: Leech Seed | N12: TM63: Brutal Swing
H13: 13 | I13: Poisonpowder | J13: 13 | K13: Poisonpowder | L13: 9 | M13: Mega Drain | N13: TM54: Breaking Swipe
B14: #1 Bulbasaur | D14: # 2 Ivysaur | F14: #3 Venusaur | H14: 13 | I14: Stun Spore | J14: 13 | K14: Stun Spore | L14: 13 | M14: Poisonpowder | N14: Tutor: Earth Power
A15: Type | B15: Grass | C15: Poison | D15: Grass | E15: Poison | F15: Grass | G15: Poison | H15: 15 | I15: Venoshock | J15: 15 | K15: Venoshock | L15: 13 | M15: Stun Spore | N15: TM05: Knock Off
A16: HP | B16: 2+ | C16: 47 | D16: 10+ | E16: 70 | G16: 80 | H16: 19 | I16: Vine Whip | J16: 19 | K16: Vine Whip | L16: 15 | M16: Venoshock
A17: Attack | C17: 49 | E17: 62 | G17: 82 | H17: 21 | I17: Sweet Scent | J17: 21 | K17: Sweet Scent | L17: 19 | M17: Vine Whip
A18: Defence | C18: 49 | E18: 63 | G18: 83 | H18: 25 | I18: Natural Gift | J18: 25 | K18: Natural Gift | L18: 21 | M18: Sweet Scent
A19: SpAtk | C19: 65 | E19: 80 | F19: 5+ | G19: 105 | H19: 27 | I19: Leaf Tornado | J19: 27 | K19: Leaf Tornado | L19: 25 | M19: Natural Gift
A20: SpDef | B20: 5+ | C20: 70 | D20: 5+ | E20: 85 | F20: 15+ | G20: 115 | H20: 31 | I20: Sludge | J20: 31 | K20: Sludge | L20: 27 | M20: Leaf Tornado
A21: Speed | C21: 45 | E21: 60 | G21: 80 | H21: 33 | I21: Synthesis | J21: 33 | K21: Synthesis | L21: 31 | M21: Sludge
A22: Total | B22: 15+ | C22: =SUM(C16:C21) -> 325 | D22: 15+ | E22: =SUM(E16:E21) -> 420 | F22: 20+ | G22: =SUM(G16:G21) -> 545 | H22: 36 | I22: Giga Drain | J22: 36 | K22: Giga Drain | L22: 33 | M22: Synthesis
A23: Ability 1 | B23: Resilient (Shield Dust) | D23: Resilient (Shield Dust) | F23: Resilient (Shield Dust) | J23: 39 | K23: Amnesia | L23: 36 | M23: Giga Drain
A24: Ability 2 | B24: Overgrow | D24: Overgrow | F24: Overgrow | J24: 44 | K24: Petal Dance | L24: 39 | M24: Amnesia
A25: Ability 3 (HA) | B25: Thick Fat | D25: Thick Fat | F25: Thick Fat | J25: 48 | K25: Solar Beam | L25: 44 | M25: Petal Dance
A26: Evolution Changes | L26: 48 | M26: Solar Beam
L27: 54 | M27: Sludge Bomb
L28: 62 | M28: Toxic
L29: 70 | M29: Leaf Storm
E31: (NEW) | G31: (NEW) | I31: (NEW) | K31: (NEW) | M31: (NEW)
H32: Charmander | J32: Charmeleon | L32: Charizard | N32: Now Compatible With
H33: 1 | I33: Scratch | J33: 1 | K33: Scratch | L33: 1 | M33: Sky Drop | N33: TM62: Acrobatics
H34: 1 | I34: Growl | J34: 1 | K34: Growl | L34: 1 | M34: Steel Wing | N34: TM47: Low Sweep
H35: 4 | I35: Ember | J35: 4 | K35: Ember | L35: 4 | M35: Ember | N35: TM54: Breaking Swipe
H36: 7 | I36: Metal Claw | J36: 7 | K36: Metal Claw | L36: 7 | M36: Metal Claw | N36: TM48: Mystical Fire
H37: 10 | I37: Scary Face | J37: 10 | K37: Scary Face | L37: 10 | M37: Scary Face | N37: TM63: Brutal Swing
B38: #4 Charmander | D38: #5 Charmeleon | F38: #6 Charizard | H38: 13 | I38: Scale Shot | J38: 13 | K38: Scale Shot | L38: 13 | M38: Scale Shot | N38: Tutor: Dragon Pulse
A39: Type | B39: Fire | D39: Fire | E39: Dragon | F39: Fire | G39: Dragon | H39: 16 | I39: Incinerate | J39: 16 | K39: Incinerate | L39: 16 | M39: Incinerate | N39: Tutor: Dual Chop
A40: HP | B40: 11+ | C40: 50 | E40: 58 | G40: 78 | H40: 18 | I40: Taunt | J40: 18 | K40: Taunt | L40: 18 | M40: Taunt | N40: TM18: Scorching Sands
A41: Attack | B41: 15+ | C41: 67 | D41: 30+ | E41: 94 | F41: 36+ | G41: 110 | H41: 21 | I41: Breaking Swipe | J41: 21 | K41: Breaking Swipe | L41: 21 | M41: Breaking Swipe | N41: TM12: Taunt
A42: Defence | C42: 43 | E42: 58 | G42: 78 | H42: 25 | I42: Flamethrower | J42: 25 | K42: Flamethrower | L42: 25 | M42: Flamethrower | N42: Tutor: Draco Meteor
A43: SpAtk | B43: 10- | C43: 50 | D43: 15- | E43: 65 | F43: 15- | G43: 89 | H43: 29 | I43: Slash | J43: 29 | K43: Slash | L43: 29 | M43: Slash
A44: SpDef | C44: 50 | E44: 65 | G44: 85 | H44: 33 | I44: Temper Flare | J44: 33 | K44: Temper Flare | L44: 33 | M44: Temper Flare
A45: Speed | C45: 65 | E45: 80 | F45: 5+ | G45: 105 | H45: 38 | I45: Dual Chop | J45: 38 | K45: Dual Chop | L45: 38 | M45: Dual Chop
A46: Total | B46: 16+ | C46: =SUM(C40:C45) -> 325 | D46: 15+ | E46: =SUM(E40:E45) -> 420 | F46: 16+ | G46: =SUM(G40:G45) -> 545 | H46: 42 | I46: Work Up | J46: 42 | K46: Work Up | L46: 42 | M46: Work Up
A47: Ability 1 | B47: Flash Fire | D47: Flash Fire | F47: Levitate | H47: 46 | I47: Fire Lash | J47: 46 | K47: Fire Lash | L47: 46 | M47: Fire Lash
A48: Ability 2 | B48: Blaze | D48: Blaze | F48: Blaze | H48: 49 | I48: Acrobatics | J48: 49 | K48: Acrobatics | L48: 49 | M48: Acrobatics
A49: Ability 3 (HA) | B49: Tough Claws | D49: Tough Claws | F49: Tough Claws | H49: 52 | I49: Dragon Rush | J49: 52 | K49: Dragon Rush | L49: 52 | M49: Dragon Rush
A50: Evolution Changes | H50: 60 | I50: Flare Blitz | J50: 60 | K50: Flare Blitz | L50: 60 | M50: Flare Blitz
H51: 65 | I51: Dragon Dance | J51: 65 | K51: Dragon Dance | L51: 65 | M51: Dragon Dance
L52: 70 | M52: Blast Burn
L53: 76 | M53: Dragon Dance
C56: (NEW) | E56: (NEW) | G56: (NEW) | I56: (NEW) | K56: (NEW) | M56: (NEW)
H57: Squirtle | J57: Wartortle | L57: Blastoise | N57: Now Compatible With
H58: 1 | I58: Tackle | J58: 1 | K58: Tackle | L58: 1 | M58: Fake Out | N58: TM46: Aura Sphere
H59: 1 | I59: Tail Whip | J59: 1 | K59: Tail Whip | L59: 1 | M59: Blast Burn | N59: TM60: Wave Crash
H60: 5 | I60: Water Gun | J60: 5 | K60: Water Gun | L60: 5 | M60: Water Gun | N60: TM79: Body Press
H61: 8 | I61: Rapid Spin | J61: 8 | K61: Rapid Spin | L61: 8 | M61: Rapid Spin | N61: TM20: Hyper Voice
H62: 10 | I62: Bite | J62: 10 | K62: Bite | L62: 10 | M62: Bite
B63: #7 Squirtle | D63: #8 Wartortle | F63: #9 Blastoise | H63: 12 | I63: Aqua Jet | J63: 12 | K63: Aqua Jet | L63: 12 | M63: Aqua Jet
A64: Type | B64: Water | D64: Water | E64: Steel | F64: Water | G64: Steel | H64: 14 | I64: Barrage | J64: 14 | K64: Barrage | L64: 14 | M64: Barrage
A65: HP | B65: 6+ | C65: 50 | E65: 59 | G65: 79 | H65: 16 | I65: Yawn | J65: 16 | K65: Yawn | L65: 16 | M65: Yawn
A66: Attack | C66: 48 | E66: 63 | G66: 83 | H66: 19 | I66: Spike Cannon | J66: 19 | K66: Spike Cannon | L66: 19 | M66: Spike Cannon
A67: Defence | C67: 65 | D67: 10+ | E67: 90 | F67: 15+ | G67: 115 | H67: 22 | I67: Iron Defense | J67: 22 | K67: Iron Defense | L67: 22 | M67: Iron Defense
A68: SpAtk | C68: 50 | D68: 5+ | E68: 70 | G68: 85 | H68: 25 | I68: Bubble Beam | J68: 25 | K68: Bubble Beam | L68: 25 | M68: Bubble Beam
A69: SpDef | C69: 64 | E69: 80 | G69: 105 | H69: 29 | I69: Protect | J69: 29 | K69: Protect | L69: 29 | M69: Protect
A70: Speed | B70: 5+ | C70: 48 | E70: 58 | G70: 78 | H70: 33 | I70: Scald | J70: 33 | K70: Scald | L70: 33 | M70: Scald
A71: Total | B71: 11+ | C71: =SUM(C65:C70) -> 325 | D71: 15+ | E71: =SUM(E65:E70) -> 420 | F71: 15+ | G71: =SUM(G65:G70) -> 545 | H71: 36 | I71: Flash Cannon | J71: 36 | K71: Flash Cannon | L71: 36 | M71: Flash Cannon
A72: Ability 1 | B72: Shell Armor | D72: Shell Armor | F72: Shell Armor | H72: 39 | I72: Double-Edge | J72: 39 | K72: Double-Edge | L72: 39 | M72: Double-Edge
A73: Ability 2 | B73: Torrent | D73: Torrent | F73: Torrent | H73: 43 | I73: Gyro Ball | J73: 43 | K73: Gyro Ball | L73: 43 | M73: Gyro Ball
A74: Ability 3 (HA) | B74: Rain Dish | D74: Rain Dish | F74: Determined (Rock Head) | H74: 47 | I74: Wave Crash | J74: 47 | K74: Wave Crash | L74: 47 | M74: Wave Crash
A75: Evolution Changes | H75: 50 | I75: Skull Bash | J75: 50 | K75: Skull Bash | L75: 50 | M75: Skull Bash
H76: 53 | I76: Hydro Pump | J76: 53 | K76: Hydro Pump | L76: 53 | M76: Hydro Pump
H77: 56 | I77: Focus Energy | J77: 56 | K77: Focus Energy | L77: 56 | M77: Focus Energy
H78: 60 | I78: Hyper Beam | J78: 60 | K78: Hyper Beam | L78: 60 | M78: Hyper Beam
L79: 70 | M79: Hydro Cannon
L80: 78 | M80: Steel Beam
M83: (NEW)
H84: Caterpie | J84: Metapod | L84: Buttefree | N84: Now Compatible With
H85: 1 | I85: Tackle | J85: 10 | K85: Iron Defense | L85: 1 | M85: Silver Wind | N85: TM58: Hurricane
H86: 1 | I86: String Shot | J86: 14 | K86: Flail | L86: 18 | M86: Confusion | N86: TM32: Dazzling Gleam
H87: 4 | I87: Bug Bite | L87: 18 | M87: Air Cutter | N87: TM04: Shock Wave
H88: 6 | I88: Struggle Bug | L88: 20 | M88: Stun Spore | N88: TM50: Water Pulse
H89: 8 | I89: Electroweb | L89: 20 | M89: Sleep Powder | N89: TM06: Magical Leaf
B90: #10 Caterpie | D90: #11 Metapod | F90: #12 Butterfree | L90: 20 | M90: Poisonpowder | N90: TM90: Draining Kiss
A91: Type | B91: Bug | D91: Bug | F91: Bug | G91: Flying | L91: 22 | M91: Psybeam | N91: TM41: Infestation
A92: HP | C92: 45 | E92: 50 | F92: 20+ | G92: 80 | L92: 25 | M92: Signal Beam
A93: Attack | C93: 30 | E93: 20 | G93: 45 | L93: 29 | M93: Chatter
A94: Defence | C94: 35 | D94: 40+ | E94: 95 | G94: 50 | L94: 31 | M94: Giga Drain
A95: SpAtk | C95: 20 | D95: 50+ | E95: 75 | F95: 30+ | G95: 110 | L95: 33 | M95: Safeguard
A96: SpDef | C96: 20 | D96: 50+ | E96: 75 | G96: 80 | L96: 35 | M96: U-Turn
A97: Speed | C97: 45 | E97: 30 | F97: 25+ | G97: 95 | L97: 37 | M97: Air Slash
A98: Total | C98: =SUM(C92:C97) -> 195 | D98: 170+ | E98: =SUM(E92:E97) -> 345 | F98: 85+ | G98: =SUM(G92:G97) -> 460 | L98: 39 | M98: Pollen Puff
A99: Ability 1 | B99: Resilient (Shield Dust) | D99: Resilient (Shield Dust) | F99: Keen Senses (Compoundeyes) | L99: 41 | M99: Light Screen
A100: Ability 2 | B100: Keen Senses (Compoundeyes) | D100: Battle Armor | F100: Tenacity (Tinted Lens) | L100: 43 | M100: Psychic
A101: Ability 3 (HA) | B101: Swarm | D101: Swarm | F101: Swarm | L101: 46 | M101: Hurricane
A102: Evolution Changes | D102: Level 10 | F102: Level 18 | L102: 50 | M102: Tailwind
L103: 55 | M103: Scorching Swarm
L104: 60 | M104: Quiver Dance
G106: (NEW) | M106: (NEW)
H107: Weedle | J107: Kakuna | L107: Beedrill | N107: Now Compatible With
H108: 1 | I108: Poison Sting | J108: 10 | K108: Iron Defense | L108: 1 | M108: Poison Sting | N108: TM77: Bug Buzz
H109: 1 | I109: String Shot | J109: 14 | K109: Pin Missile | L109: 18 | M109: Razor Winds | N109: TM45: Lunge
H110: 4 | I110: Bug Bite | L110: 20 | M110: Toxic | N110: TM01: Psychic Fangs
...

Sheet Johto (Old)
B2: Johto: #152-251 | I2: Note! | K2: Kanto
I3: Because evolution lines are grouped together, the following Johto pokemon are not on this sheet.
B4: *note, evolution lines are grouped together, so some gen 3 and 4 mons are here
K6: Igglybuff, Cleffa, Pichu, Bellossom, Politoed, Espeon, Umbreon, Slowking, Steelix, Scizor, Kingdra, Porygon2, Tyrogue, Hitmontop, Smoochum, Elekid, Magby, Blissey
I7: (NEW) | K7: (NEW) | M7: (NEW)
H8: Chikorita | J8: Bayleef | L8: Meganium | N8: Now Compatible With
H9: 1 | I9: Tackle | J9: 1 | K9: Tackle | L9: 1 | M9: Skull Bash | N9: TM85: Play Rough
H10: 1 | I10: Growl | J10: 1 | K10: Growl | L10: 1 | M10: Charm | N10: TM32: Dazzling Gleam
H11: 7 | I11: Poisonpowder | J11: 7 | K11: Poisonpowder | L11: 7 | M11: Poisonpowder | N11: TM48: Mystical Fire
H12: 10 | I12: Horn Attack | J12: 10 | K12: Horn Attack | L12: 10 | M12: Horn Attack | N12: TM29: Psychic
H13: 13 | I13: Bullet Seed | J13: 13 | K13: Bullet Seed | L13: 13 | M13: Bullet Seed | N13: TM79: Body Press
B14: #152 Chikorita | D14: #153 Bayleef | F14: #154 Meganium | H14: 15 | I14: Synthesis | J14: 15 | K14: Synthesis | L14: 15 | M14: Synthesis | N14: TM92: Solar Blade
A15: Type | B15: Grass | D15: Grass | E15: Fairy | F15: Grass | G15: Fairy | H15: 18 | I15: Ingrain | J15: 18 | K15: Ingrain | L15: 18 | M15: Ingrain | N15: TM03: Psyshock
A16: HP | B16: 2+ | C16: 47 | D16: 5+ | E16: 65 | F16: 10+ | G16: 90 | H16: 21 | I16: Doubleslap | J16: 21 | K16: Doubleslap | L16: 21 | M16: Doubleslap
A17: Attack | B17: 10+ | C17: 59 | D17: 20+ | E17: 82 | F17: 25+ | G17: 107 | H17: 24 | I17: Natural Gift | J17: 24 | K17: Natural Gift | L17: 24 | M17: Natural Gift
A18: Defence | C18: 65 | E18: 80 | G18: 100 | H18: 27 | I18: Vine Whip | J18: 27 | K18: Vine Whip | L18: 27 | M18: Vine Whip
A19: SpAtk | B19: 10- | C19: 39 | D19: 10- | E19: 53 | F19: 15- | G19: 68 | H19: 30 | I19: Reflect | J19: 30 | K19: Reflect | L19: 30 | M19: Reflect
A20: SpDef | C20: 65 | E20: 80 | G20: 100 | H20: 30 | I20: Light Screen | J20: 30 | K20: Light Screen | L20: 30 | M20: Light Screen
A21: Speed | B21: 5+ | C21: 50 | E21: 60 | G21: 80 | H21: 33 | I21: Take Down | J21: 33 | K21: Take Down | L21: 33 | M21: Take Down
A22: Total | B22: 7+ | C22: =SUM(C16:C21) -> 325 | D22: 15+ | E22: =SUM(E16:E21) -> 420 | F22: 20+ | G22: =SUM(G16:G21) -> 545 | H22: 38 | I22: Play Rough | J22: 38 | K22: Play Rough | L22: 38 | M22: Play Rough
A23: Ability 1 | B23: Overgrow | D23: Overgrow | F23: Overgrow | H23: 41 | I23: Petal Blizzard | J23: 41 | K23: Petal Blizzard | L23: 41 | M23: Petal Blizzard
A24: Ability 2 | B24: Pixilate | D24: Healer | F24: Healer | J24: 46 | K24: Rest | L24: 46 | M24: Rest
A25: Ability 3 (HA) | B25: Natural Cure | D25: Natural Cure | F25: Flower Gift | J25: 50 | K25: Earthquake | L25: 50 | M25: Earthquake
A26: Evolution Changes | J26: 56 | K26: Swords Dance | L26: 56 | M26: Swords Dance
J27: 60 | K27: Facade | L27: 60 | M27: Facade
J28: 64 | K28: Spirit Break | L28: 64 | M28: Spirit Break
L29: 70 | M29: Giga Impact
L30: 75 | M30: Frenzy Plant
C32: (NEW) | E32: (NEW) | G32: (NEW) | I32: (NEW) | K32: (NEW) | M32: (NEW)
H33: Cyndaquil | J33: Quilava | L33: Typhlosion | N33: Now Compatible With
H34: 1 | I34: Tackle | J34: 1 | K34: Tackle | L34: 1 | M34: Magma Storm | N34: Tutor: Earth Power
H35: 1 | I35: Leer | J35: 1 | K35: Leer | L35: 1 | M35: Sand Tomb | N35: TM48: Mystical Fire
H36: 4 | I36: Smokescreen | J36: 4 | K36: Smokescreen | L36: 4 | M36: Smokescreen
H37: 6 | I37: Ember | J37: 6 | K37: Ember | L37: 6 | M37: Ember
H38: 10 | I38: Quick Attack | J38: 10 | K38: Quick Attack | L38: 10 | M38: Quick Attack
B39: #155 Cyndaquil | D39: #156 Quilava | F39: #157 Typhlosion | H39: 13 | I39: Flame Wheel | J39: 13 | K39: Flame Wheel | L39: 13 | M39: Flame Wheel
A40: Type | B40: Fire | D40: Fire | E40: Ground | F40: Fire | G40: Ground | H40: 17 | I40: Mud Shot | J40: 17 | K40: Mud Shot | L40: 17 | M40: Mud Shot
A41: HP | B41: 11+ | C41: 50 | D41: 8+ | E41: 66 | G41: 78 | H41: 20 | I41: Infernal Parade | J41: 20 | K41: Infernal Parade | L41: 20 | M41: Infernal Parade
A42: Attack | C42: 52 | E42: 64 | G42: 84 | H42: 24 | I42: Reversal | J42: 24 | K42: Reversal | L42: 24 | M42: Reversal
A43: Defence | C43: 43 | D43: 7+ | E43: 65 | G43: 78 | H43: 27 | I43: Facade | J43: 27 | K43: Facade | L43: 27 | M43: Facade
A44: SpAtk | B44: 5+ | C44: 65 | E44: 80 | F44: 11+ | G44: 120 | H44: 31 | I44: Scorching Sands | J44: 31 | K44: Scorching Sands | L44: 31 | M44: Scorching Sands
A45: SpDef | C45: 50 | E45: 65 | G45: 85 | H45: 34 | I45: Extrasensory | J45: 34 | K45: Extrasensory | L45: 34 | M45: Extrasensory
A46: Speed | C46: 65 | E46: 80 | G46: 100 | H46: 40 | I46: Will o Wisp | J46: 40 | K46: Will o Wisp | L46: 40 | M46: Will o Wisp
A47: Total | B47: 11+ | C47: =SUM(C41:C46) -> 325 | D47: 15+ | E47: =SUM(E41:E46) -> 420 | F47: 11+ | G47: =SUM(G41:G46) -> 545 | H47: 44 | I47: Lava Plume | J47: 44 | K47: Lava Plume | L47: 44 | M47: Lava Plume
A48: Ability 1 | B48: Blaze | D48: Blaze | F48: Blaze | H48: 52 | I48: Earth Power | J48: 52 | K48: Earth Power | L48: 52 | M48: Earth Power
A49: Ability 2 | B49: Sand Rush | D49: Sand Rush | F49: Sand Rush | J49: 57 | K49: Fire Spin | L49: 57 | M49: Fire Spin
A50: Ability 3 (HA) | B50: Turboblaze | D50: Turboblaze | F50: Turboblaze | L50: 64 | M50: Focus Energy
A51: Evolution Changes | L51: 70 | M51: Overheat
E53: (NEW) | G53: (NEW) | I53: (NEW) | K53: (NEW) | M53: (NEW)
H54: Totodile | J54: Croconaw | L54: Feraligatr | N54: Now Compatible With
H55: 1 | I55: Leer | J55: 1 | K55: Leer | L55: 1 | M55: Psychic Fangs | N55: TM60: Wave Crash
H56: 1 | I56: Water Gun | J56: 1 | K56: Water Gun | L56: 1 | M56: Water Gun | N56: TM68: Avalanche
H57: 1 | I57: Scratch | J57: 1 | K57: Scratch | L57: 1 | M57: Scratch
H58: 6 | I58: Aqua Jet | J58: 6 | K58: Aqua Jet | L58: 6 | M58: Aqua Jet
H59: 10 | I59: Bite | J59: 10 | K59: Bite | L59: 10 | M59: Bite
B60: #158 Totodile | D60: #159 Croconaw | F60: #160 Feraligatr | H60: 15 | I60: Scale Shot | J60: 15 | K60: Scale Shot | L60: 15 | M60: Scale Shot
A61: Type | B61: Water | D61: Water | E61: Dragon | F61: Water | G61: Dragon | H61: 18 | I61: Scary Face | J61: 18 | K61: Scary Face | L61: 18 | M61: Scary Face
A62: HP | B62: 6+ | C62: 56 | D62: 5+ | E62: 70 | G62: 85 | H62: 21 | I62: Ice Fang | J62: 21 | K62: Ice Fang | L62: 21 | M62: Ice Fang
A63: Attack | C63: 65 | D63: 10+ | E63: 85 | F63: 15+ | G63: 120 | H63: 24 | I63: Razor Shell | J63: 24 | K63: Razor Shell | L63: 24 | M63: Razor Shell
A64: Defence | C64: 64 | E64: 80 | G64: 100 | H64: 27 | I64: Swagger | J64: 27 | K64: Swagger | L64: 27 | M64: Swagger
A65: SpAtk | B65: 10- | C65: 34 | D65: 15- | E65: 44 | F65: 15- | G65: 64 | H65: 30 | I65: Dual Chop | J65: 30 | K65: Dual Chop | L65: 30 | M65: Dual Chop
A66: SpDef | C66: 48 | E66: 63 | G66: 83 | H66: 34 | I66: Crunch | J66: 34 | K66: Crunch | L66: 34 | M66: Crunch
A67: Speed | B67: 15+ | C67: 58 | D67: 15+ | E67: 73 | F67: 15+ | G67: 93 | H67: 38 | I67: Ice Punch | J67: 38 | K67: Ice Punch | L67: 38 | M67: Ice Punch
A68: Total | B68: 11+ | C68: =SUM(C62:C67) -> 325 | D68: 15+ | E68: =SUM(E62:E67) -> 415 | F68: 10+ | G68: =SUM(G62:G67) -> 545 | H68: 40 | I68: Spiky Shield | J68: 40 | K68: Spiky Shield | L68: 40 | M68: Spiky Shield
A69: Ability 1 | B69: Torrent | D69: Torrent | F69: Torrent | H69: 46 | I69: Liquidation | J69: 46 | K69: Liquidation | L69: 46 | M69: Liquidation
A70: Ability 2 | B70: Rough Skin | D70: Rough Skin | F70: Rough Skin | H70: 50 | I70: Dragon Claw | J70: 50 | K70: Dragon Claw | L70: 50 | M70: Dragon Claw
A71: Ability 3 (HA) | B71: Sheer Force | D71: Sheer Force | F71: Sheer Force | J71: 53 | K71: Aqua Tail | L71: 53 | M71: Aqua Tail
A72: Evolution Changes | J72: 56 | K72: Dragon Rush | L72: 56 | M72: Dragon Rush
J73: 59 | K73: Head Smash | L73: 59 | M73: Head Smash
J74: 63 | K74: Outrage | L74: 63 | M74: Outrage
J75: 70 | K75: Dragon Dance | L75: 70 | M75: Dragon Dance
C77: (NEW) | E77: (NEW) | K77: (NEW)
H78: Sentret | J78: Furret | N78: Now Compatible With
H79: 1 | I79: Defense Curl | J79: 1 | K79: Defense Curl | N79: TM85: Play Rough
H80: 1 | I80: Tackle | J80: 1 | K80: Flail | N80: TM78: Bulldoze
H81: 4 | I81: Quick Attack | J81: 4 | K81: Quick Attack | N81: TM39: Rock Tomb
H82: 8 | I82: Follow Me | J82: 8 | K82: Follow Me | N82: TM63: Brutal Swing
H83: 11 | I83: Confide | J83: 11 | K83: Confide | N83: Tutor: Zen Headbutt
B84: #161 Sentret | D84: #162 Furret | H84: 13 | I84: Tail Slap | J84: 13 | K84: Tail Slap
A85: Type | B85: Normal | D85: Normal | E85: Ground | H85: 16 | I85: Covet | J85: 16 | K85: Covet
A86: HP | B86: 30+ | C86: 65 | D86: 10+ | E86: 95 | H86: 20 | I86: Me First | J86: 20 | K86: Me First
A87: Attack | B87: 14+ | C87: 60 | D87: 9+ | E87: 85 | H87: 25 | I87: Dig | J87: 25 | K87: Dig
A88: Defence | B88: 31+ | C88: 65 | D88: 31+ | E88: 95 | H88: 28 | I88: Take Down | J88: 28 | K88: Take Down
A89: SpAtk | C89: 35 | E89: 45 | H89: 33 | I89: Rest | J89: 33 | K89: Rest
A90: SpDef | B90: 25+ | C90: 65 | D90: 40+ | E90: 95 | H90: 35 | I90: Fake Out | J90: 35 | K90: Fake Out
A91: Speed | B91: 40+ | C91: 60 | E91: 90 | H91: 39 | I91: Play Rough | J91: 39 | K91: Play Rough
A92: Total | B92: 135+ | C92: =SUM(C86:C91) -> 350 | D92: 90+ | E92: =SUM(E86:E91) -> 505 | H92: 44 | I92: Baton Pass | J92: 44 | K92: Baton Pass
A93: Ability 1 | B93: Adaptability | D93: Adaptability | J93: 48 | K93: Reversal
A94: Ability 2 | B94: Run Away | D94: Run Away | J94: 52 | K94: Last Resort
A95: Ability 3 (HA) | B95: - | D95: - | J95: 56 | K95: Coil
A96: Evolution Changes | D96: Level 18 | J96: 70 | K96: Giga Impact
I98: (NEW) | K98: (NEW)
H99: Hoothoot | J99: Noctowl | N99: Now Compatible With
H100: 1 | I100: Confide | J100: 1 | K100: Ominous Wind | N100: TM48: Mystical Fire
H101: 1 | I101: Gust | J101: 1 | K101: Psycho Shift | N101: TM61: Will-o-Wisp
H102: 3 | I102: Astonish | J102: 3 | K102: Astonish | N102: TM58: Hurricane
H103: 8 | I103: Confusion | J103: 8 | K103: Confusion | N103: TM06: Magical Leaf
H104: 10 | I104: Defog | J104: 10 | K104: Defog | N104: TM23: Icy Wind
B105: #163 Hoothoot | D105: #164 Noctowl | H105: 13 | I105: Reflect | J105: 13 | K105: Reflect | N105: TM52: Focus Blast
A106: Type | B106: Ghost | C106: Flying | D106: Ghost | E106: Flying | H106: 15 | I106: Uproar | J106: 15 | K106: Uproar | N106: TM30: Shadow Ball
...

Sheet Hoenn
K2: Treecko | M2: Grovyle | O2: Sceptile | Q2: Now Compatible With
K3: 1 | L3: Tackle | M3: 1 | N3: Tackle | O3: 1 | P3: Fake Out | Q3: TM89: U-turn
K4: 1 | L4: Absorb | M4: 1 | N4: Absorb | O4: 1 | P4: Growth | Q4: Tutor Draco Meteor
K5: 1 | L5: Leer | M5: 1 | N5: Leer | O5: 1 | P5: Leer
K6: 1 | L6: Quick Attack | M6: 1 | N6: Quick Attack | O6: 1 | P6: Quick Attack
K7: 5 | L7: Mega Drain | M7: 5 | N7: Mega Drain | O7: 5 | P7: Mega Drain
B8: #252 Treecko | E8: #253 Grovyle | H8: #254 Sceptile | K8: 9 | L8: Pursuit | M8: 9 | N8: Pursuit | O8: 9 | P8: Pursuit
A9: Type | B9: Grass | D9: Type | E9: Grass | F9: Dragon | G9: Type | H9: Grass | I9: Dragon | K9: 13 | L9: Double Team | M9: 13 | N9: Double Team | O9: 13 | P9: Double Team
A10: HP | C10: 40 | D10: HP | F10: 50 | G10: HP | I10: 70 | K10: 16 | L10: Breaking Swipe | M10: 16 | N10: Breaking Swipe | O10: 16 | P10: Breaking Swipe
A11: Attack | B11: 15+ | C11: 60 | D11: Attack | E11: 20+ | F11: 85 | G11: Attack | H11: 15+ | I11: 100 | K11: 19 | L11: Trop Kick | M11: 19 | N11: Trop Kick | O11: 19 | P11: Trop Kick
A12: Defence | C12: 35 | D12: Defence | F12: 45 | G12: Defence | I12: 65 | K12: 22 | L12: Night Slash | M12: 22 | N12: Night Slash | O12: 22 | P12: Night Slash
A13: SpAtk | C13: 65 | D13: SpAtk | F13: 85 | G13: SpAtk | I13: 105 | K13: 25 | L13: Screech | M13: 25 | N13: Screech | O13: 25 | P13: Screech
A14: SpDef | C14: 50 | D14: SpDef | F14: 60 | G14: SpDef | I14: 85 | K14: 29 | L14: Dragon Breath | M14: 29 | N14: Dragon Breath | O14: 29 | P14: Dragon Breath
A15: Speed | C15: 70 | D15: Speed | E15: ````````````````````````````````````````````````````````````````````````````````````````````````````````````````````````````````````````````````````````````````````````````````````````````````````````````````````````````````````````````````````````````````````````````````````````````````````````````````````````````````````````````````````````````````````````````````````````````````````````````````````````````````````````````````````````````````````````````````````````````````````````````````````````````````````````````````````````````````````````````````````````````````````````````````````````````````````````````````````````````````````````````````````````````````````````````````````````````````````````````````````````````````````````````````````````````````````````````````````````````````````````````````````````````````````````````````````````````````````````````````````````````````````````````````````````````````````````````````````````````````````````````````````````````````````````````````````````````````````````````````````````````````````````````````````````````````````````````````````````````````````````````````````````````````````````````````````````````````````````````````````````````````````````````````````````````````````````````````````````````````````````````````````````````````````````````````````````````````````````````````````````````````````````````````````````````````````````````````````````````````````````````````````````````````````````````````````````````````````````````````````````````````````````````````````````````````````````````````````````````````````````````````````````````````````````````````````````````````````````````````````````````````````````````````````````````````````````````````````````````````````````````````````````````````````````````````````````````````````````````````````````````````````````````````````````````````````````````````````````````````````````````````````````````````````````````````````````````````````````````````````````````````````````````````````````````````````````````````````````````````````````````````````````````````````````````````````````````````````````````````````````````````````````````````````````````````````````````````````````````````````````````````````````````````````````````````````````````````````````````````````````````````````````````````````````````````````````````````````````````````````````````````````````````````````````````````````````````````````````````````````````````````````````````````````````````````````````````````````````````````````````````````````````````````````````````````````````````````````````````````````````````````````````````````````````````````````````````````````````````````````````````````````````````````````````````````````````````````````````````````````````````````````````````````````````````````````````````````````````````````````````````````````````````````````````````````````````````````````````````````````````````````````````````````````````````````````````````````````````````````````````````````````````````````````````````````````````````````````````````````````````````````````````````````````````````````````````````````````````````````````````````````````````````````````````````````````````````````````````````````````````````````````````````````````````````````````````````````````````````````````````````````````````````````````````````````````````````````````````````````````````````````````````````````````````````````````````````````````````````````````````````````````````````````````````````````````````````````````````````````````````````````````````````````````````````````````````````````````````````````````````````````````````````````````````````````````````````````````````````````````````````````````````````````````````````````````````````````````````````````````````````````````````````````````````````````````````````````````````````````````````````````````````````````````````````````````````````````````````````````````````````````````````````````````````````````````````````````````````````````````````````````````````````````````````````````````````````````````````````````````````````````````````````````````````````````````````````````````````````````````````````````````````````````````````````````````````````````````````````````````````````````````````````````````````````````````````````````````````````````````````````````````````````````````````````````````````````````````````````````````````````````````````````````````````````````````````````````````````````````````````````````````````````````````````````````````````````````````````````````````````````````````````````````````````````````````````````````````````````````````````````````````````````````````````````````````````````````````````````````````````````````````````````````````````````````````````````````````````````````````````````````````````````````````````````````````````````````````````````````````````````````````````````````````````````````````````````````````````````````````````````````````````````````````````````````````````````````````````````````````````````````````````````````````````````````````````````````````````````````````````````````````````````````````````````````````````````````````````````````````````````````````````````````````````````````````````````````````````````````````````````````````````````````````````````````````````````````````````````````````````````````````````````````````````````````````````````````````````````````````````````````````````````````````````````````````````````````````````````````````````````````````````````````````````````````````````````````````````````````````````````````````````````````````````````````````````````````````````````````````````````````````````````````````````````````````````````````````````````````````````````````````````````````````````````````````````5` | F15: 95 | G15: Speed | I15: 120 | K15: 33 | L15: Air Cutter | M15: 33 | N15: Air Cutter | O15: 33 | P15: Air Cutter
A16: Total | B16: 15+ | C16: =SUM(C10:C15) -> 320 | D16: Total | E16: 20+ | F16: =SUM(F10:F15) -> 420 | G16: Total | H16: 15+ | I16: =SUM(I10:I15) -> 545 | K16: 36 | L16: Leaf Blade | M16: 36 | N16: Leaf Blade | O16: 36 | P16: Leaf Blade
A17: Ability 1 | B17: Overgrow | D17: Ability 1 | E17: Hyper Cutter | G17: Ability 1 | H17: Hyper Cutter | K17: 40 | L17: Synthesis | M17: 40 | N17: Synthesis | O17: 40 | P17: Synthesis
A18: Ability 2 | B18: Unburden | D18: Ability 2 | E18: Unburden | G18: Ability 2 | H18: Unburden | K18: 43 | L18: Dual Chop | M18: 43 | N18: Dual Chop | O18: 43 | P18: Dual Chop
A19: Ability 3 (HA) | B19: Technician | D19: Ability 3 (HA) | E19: Technician | G19: Ability 3 (HA) | H19: Exploit (Download) | K19: 47 | L19: Air Slash | M19: 47 | N19: Air Slash | O19: 47 | P19: Air Slash
A20: Evolution Changes | D20: Evolution Changes | G20: Evolution Changes | M20: 54 | N20: U-Turn | O20: 54 | P20: U-Turn
M21: 60 | N21: Detect | O21: 60 | P21: Detect
O22: 64 | P22: Outrage
O23: 68 | P23: Leaf Storm
O24: 75 | P24: Frenzy Plant
O25: 99 | P25: Draco Meteor
K29: Torchic | M29: Combusken | O29: Blaziken | Q29: Now Compatible With
K30: 1 | L30: Scratch | M30: 1 | N30: Scratch | O30: 1 | P30: Scratch | Q30: TM89: U-turn
K31: 1 | L31: Growl | M31: 1 | N31: Growl | O31: 1 | P31: Growl | Q31: TM18: Scorching Sands
K32: 4 | L32: Peck | M32: 4 | N32: Peck | O32: 4 | P32: Peck | Q32: TM07: Drain Punch
K33: 7 | L33: Sand Attack | M33: 7 | N33: Sand Attack | O33: 7 | P33: Sand Attack | Q33: HM02: Fly
K34: 10 | L34: Quick Attack | M34: 10 | N34: Quick Attack | O34: 10 | P34: Quick Attack | Q34: TM58: Hurricane
B35: #255 Torchic | E35: #256 Combusken | H35: #257 Blaziken | K35: 13 | L35: Pluck | M35: 13 | N35: Pluck | O35: 13 | P35: Pluck | Q35: TM11: Air Slash
A36: Type | B36: Fire | D36: Type | E36: Fire | F36: Flying | G36: Type | H36: Fire | I36: Flying | K36: 16 | L36: Double Kick | M36: 16 | N36: Double Kick | O36: 16 | P36: Double Kick | Q36: TM62: Acrobatics
A37: HP | C37: 45 | D37: HP | F37: 60 | G37: HP | I37: 80 | K37: 19 | L37: Flame Burst | M37: 19 | N37: Flame Burst | O37: 19 | P37: Flame Burst | Q37: TM46: Aura Sphere
A38: Attack | C38: 60 | D38: Attack | F38: 85 | G38: Attack | I38: 120 | K38: 22 | L38: Endure | M38: 22 | N38: Endure | O38: 22 | P38: Endure
A39: Defence | C39: 40 | D39: Defence | F39: 60 | G39: Defence | I39: 70 | K39: 25 | L39: U-turn | M39: 25 | N39: U-turn | O39: 25 | P39: U-turn
A40: SpAtk | C40: 70 | D40: SpAtk | F40: 85 | G40: SpAtk | I40: 110 | K40: 28 | L40: Sky Uppercut | M40: 28 | N40: Sky Uppercut | O40: 28 | P40: Sky Uppercut
A41: SpDef | C41: 50 | D41: SpDef | F41: 60 | G41: SpDef | I41: 70 | K41: 31 | L41: Bounce | M41: 31 | N41: Bounce | O41: 31 | P41: Bounce
A42: Speed | B42: 15+ | C42: 60 | D42: Speed | E42: 15+ | F42: 70 | G42: Speed | H42: 15+ | I42: 95 | K42: 34 | L42: Reversal | M42: 34 | N42: Reversal | O42: 34 | P42: Reversal
A43: Total | B43: 15+ | C43: =SUM(C37:C42) -> 325 | D43: Total | E43: 15+ | F43: =SUM(F37:F42) -> 420 | G43: Total | H43: 15+ | I43: =SUM(I37:I42) -> 545 | K43: 40 | L43: Blaze Kick | M43: 40 | N43: Blaze Kick | O43: 40 | P43: Blaze Kick
A44: Ability 1 | B44: Blaze | D44: Ability 1 | E44: Blaze | G44: Ability 1 | H44: Blaze | K44: 44 | L44: Feather Dance | M44: 44 | N44: Feather Dance | O44: 44 | P44: Feather Dance
A45: Ability 2 | B45: Quick Feet | D45: Ability 2 | E45: Quick Feet | G45: Ability 2 | H45: Quick Feet | K45: 47 | L45: Fire Spin | M45: 47 | N45: Fire Spin | O45: 47 | P45: Fire Spin
A46: Ability 3 (HA) | B46: Flash Fire | D46: Ability 3 (HA) | E46: Flash Fire | G46: Ability 3 (HA) | H46: Determined (Rock Head) | M46: 51 | N46: Acrobatics | O46: 51 | P46: Acrobatics
A47: Evolution Changes | D47: Evolution Changes | G47: Evolution Changes | M47: 57 | N47: Close Combat | O47: 57 | P47: Close Combat
O48: 61 | P48: Detect
O49: 65 | P49: Brave Bird
O50: 70 | P50: Flare Blitz
O51: 75 | P51: Fire Spin
O52: 80 | P52: Blast Burn
K56: Mudkip | M56: Marshtomp | O56: Swampert | Q56: Now Compatible With
K57: 1 | L57: Growl | M57: 1 | N57: Growl | O57: 1 | P57: Ice Hammer | Q57: TM60: Wave Crash
K58: 1 | L58: Tackle | M58: 1 | N58: Tackle | O58: 1 | P58: Rain Dance | Q58: TM07: Drain Punch
K59: 3 | L59: Mud Slap | M59: 3 | N59: Mud Slap | O59: 1 | P59: High Horsepower | Q59: TM08: Dizzy Punch
K60: 7 | L60: Mud Shot | M60: 7 | N60: Mud Shot | O60: 7 | P60: Mud Shot
K61: 10 | L61: Aqua Jet | M61: 10 | N61: Aqua Jet | O61: 10 | P61: Aqua Jet
B62: #258 Mudkip | E62: #259 Marshtomp | H62: #260 Swampert | K62: 14 | L62: Supersonic | M62: 14 | N62: Supersonic | O62: 14 | P62: Supersonic
A63: Type | B63: Water | D63: Type | E63: Water | F63: Ground | G63: Type | H63: Water | I63: Ground | K63: 17 | L63: Mud Bomb | M63: 17 | N63: Mud Bomb | O63: 17 | P63: Mud Bomb
A64: HP | C64: 50 | D64: HP | F64: 70 | G64: HP | I64: 100 | K64: 20 | L64: Rock Tomb | M64: 20 | N64: Rock Tomb | O64: 20 | P64: Rock Tomb
A65: Attack | C65: 70 | D65: Attack | F65: 85 | G65: Attack | I65: 110 | K65: 24 | L65: Amnesia | M65: 24 | N65: Amnesia | O65: 24 | P65: Amnesia
A66: Defence | C66: 50 | D66: Defence | F66: 70 | G66: Defence | I66: 90 | K66: 27 | L66: Muddy Water | M66: 27 | N66: Muddy Water | O66: 27 | P66: Muddy Water
A67: SpAtk | C67: 50 | D67: SpAtk | F67: 60 | G67: SpAtk | H67: 15- | I67: 70 | K67: 31 | L67: Bulldoze | M67: 31 | N67: Bulldoze | O67: 31 | P67: Bulldoze
A68: SpDef | C68: 50 | D68: SpDef | F68: 70 | G68: SpDef | I68: 90 | K68: 34 | L68: Ice Punch | M68: 34 | N68: Ice Punch | O68: 34 | P68: Ice Punch
A69: Speed | B69: 15+ | C69: 55 | D69: Speed | E69: 15+ | F69: 65 | G69: Speed | H69: 25+ | I69: 85 | K69: 37 | L69: Yawn | M69: 37 | N69: Yawn | O69: 37 | P69: Yawn
A70: Total | B70: 15+ | C70: =SUM(C64:C69) -> 325 | D70: Total | E70: 15+ | F70: =SUM(F64:F69) -> 420 | G70: Total | H70: 10+ | I70: =SUM(I64:I69) -> 545 | K70: 40 | L70: Hammer Arm | M70: 40 | N70: Hammer Arm | O70: 40 | P70: Hammer Arm
A71: Ability 1 | B71: Torrent | D71: Ability 1 | E71: Torrent | G71: Ability 1 | H71: Sheer Force | M71: 44 | N71: Aqua Tail | O71: 44 | P71: Aqua Tail
A72: Ability 2 | B72: Forewarn | D72: Ability 2 | E72: Forewarn | G72: Ability 2 | H72: Forewarn | M72: 48 | N72: Wide Guard | O72: 48 | P72: Wide Guard
A73: Ability 3 (HA) | B73: Swift Swim | D73: Ability 3 (HA) | E73: Swift Swim | G73: Ability 3 (HA) | H73: Swift Swim | M73: 53 | N73: Earthquake | O73: 53 | P73: Earthquake
A74: Evolution Changes | D74: Evolution Changes | G74: Evolution Changes | O74: 57 | P74: Liquidation
O75: 63 | P75: Protect
O76: 70 | P76: Hydro Cannon
O77: 75 | P77: Fissure
K81: Poochyena | M81: Mightyena | Q81: Now Compatible With
K82: 1 | L82: Tackle | M82: 1 | N82: Tackle | Q82: TM45: Play Rough
K83: 1 | L83: Lick | M83: 1 | N83: Lick | Q83: TM05: Knock Off
K84: 1 | L84: Leer | M84: 1 | N84: Leer
K85: 4 | L85: Snarl | M85: 4 | N85: Snarl
K86: 8 | L86: Sand Attack | M86: 8 | N86: Sand Attack
B87: #261 Poochyena | E87: #262 Mightyena | K87: 10 | L87: Taunt | M87: 10 | N87: Taunt
A88: Type | B88: Dark | D88: Type | E88: Dark | G88: Type | K88: 12 | L88: Bite | M88: 12 | N88: Bite
A89: HP | B89: 15+ | C89: 50 | D89: HP | F89: 70 | G89: HP | K89: 14 | L89: Poison Fang | M89: 14 | N89: Poison Fang
A90: Attack | B90: 20+ | C90: 75 | D90: Attack | E90: 20+ | F90: 110 | G90: Attack | K90: 18 | L90: Take Down | M90: 18 | N90: Take Down
A91: Defence | B91: 30+ | C91: 65 | D91: Defence | E91: 10+ | F91: 80 | G91: Defence | K91: 22 | L91: Scary Face | M91: 22 | N91: Scary Face
A92: SpAtk | C92: 30 | D92: SpAtk | F92: 60 | G92: SpAtk | K92: 26 | L92: Fire Fang | M92: 26 | N92: Fire Fang
A93: SpDef | B93: 15+ | C93: 45 | D93: SpDef | F93: 60 | G93: SpDef | K93: 26 | L93: Thunder Fang | M93: 26 | N93: Thunder Fang
A94: Speed | B94: 35+ | C94: 70 | D94: Speed | E94: 35+ | F94: 105 | G94: Speed | K94: 26 | L94: Ice Fang | M94: 26 | N94: Ice Fang
A95: Total | B95: 110+ | C95: =SUM(C89:C94) -> 335 | D95: Total | E95: 65+ | F95: =SUM(F89:F94) -> 485 | G95: Total | K95: 29 | L95: Sucker Punch | M95: 29 | N95: Sucker Punch
A96: Ability 1 | B96: Intimidate | D96: Ability 1 | E96: Intimidate | G96: Ability 1 | K96: 32 | L96: Swagger | M96: 32 | N96: Swagger
A97: Ability 2 | B97: Strong Jaw | D97: Ability 2 | E97: Strong Jaw | G97: Ability 2 | K97: 36 | L97: Crunch | M97: 36 | N97: Crunch
A98: Ability 3 (HA) | B98: Moxie | D98: Ability 3 (HA) | E98: Moxie | G98: Ability 3 (HA) | K98: 39 | L98: Psychic Fangs | M98: 39 | N98: Psychic Fangs
A99: Evolution Changes | D99: Evolution Changes | G99: Evolution Changes | K99: 43 | L99: Howl | M99: 43 | N99: Howl
M100: 48 | N100: Play Rough
M101: 52 | N101: Parting Shot
M102: 55 | N102: Hone Claws
M103: 65 | N103: Wicked Blow
K107: Zigzagoon | M107: Linoone | Q107: Now Compatible With
K108: 1 | L108: Growl | M108: 1 | N108: Growl | Q108: TM47: Low Sweep
K109: 1 | L109: Tail Whip | M109: 1 | N109: Tail Whip | Q109: TM08: Dizzy Punch
K110: 1 | L110: Tackle | M110: 1 | N110: Tackle | Q110: TM62: Acrobatics
K111: 4 | L111: Helping Hand | M111: 4 | N111: Helping Hand | Q111: TM92: Solar Blade
K112: 8 | L112: Fury Swipes | M112: 8 | N112: Fury Swipes | Q112: TM87: Rock Climb
B113: #263 Zigzagoon | E113: #264 Linoone | K113: 11 | L113: Headbutt | M113: 11 | N113: Headbutt
...

Sheet Sinnoh
K3: Turtwig | M3: Grotle | O3: Torterra | Q3: Now Compatible With
K4: 1 | L4: Tackle | M4: 1 | N4: Tackle | O4: 1 | P4: Giga Impact | Q4: TM68: Avalanche
K5: 1 | L5: Harden | M5: 1 | N5: Harden | O5: 1 | P5: Fissure | Q5: TM01: Psychic Fangs
K6: 1 | L6: Absorb | M6: 1 | N6: Absorb | O6: 1 | P6: Ingrain
K7: 1 | L7: Mud Slap | M7: 1 | N7: Mud Slap | O7: 1 | P7: Skull Bash
K8: 7 | L8: Razor Leaf | M8: 7 | N8: Razor Leaf | O8: 7 | P8: Razor Leaf
B9: #387 Turtwig | E9: #388 Grotle | H9: #389 Torterra | K9: 10 | L9: Stomp | M9: 10 | N9: Stomp | O9: 10 | P9: Stomp
A10: Type | B10: Grass | D10: Type | E10: Grass | F10: Ground | G10: Type | H10: Grass | I10: Ground | K10: 13 | L10: Bite | M10: 13 | N10: Bite | O10: 13 | P10: Bite
A11: HP | C11: 55 | D11: HP | F11: 75 | G11: HP | I11: 95 | K11: 16 | L11: Leech Seed | M11: 16 | N11: Leech Seed | O11: 16 | P11: Leech Seed
A12: Attack | C12: 68 | D12: Attack | F12: 89 | G12: Attack | I12: 109 | K12: 19 | L12: Bulldoze | M12: 19 | N12: Bulldoze | O12: 19 | P12: Bulldoze
A13: Defence | B13: 2+ | C13: 66 | D13: Defence | E13: 15+ | F13: 100 | G13: Defence | H13: 20+ | I13: 125 | K13: 22 | L13: Razor Shell | M13: 22 | N13: Razor Shell | O13: 22 | P13: Razor Shell
A14: SpAtk | C14: 45 | D14: SpAtk | F14: 55 | G14: SpAtk | I14: 75 | K14: 25 | L14: Crunch | M14: 25 | N14: Crunch | O14: 25 | P14: Crunch
A15: SpDef | C15: 55 | D15: SpDef | F15: 65 | G15: SpDef | I15: 85 | K15: 29 | L15: Seed Bomb | M15: 29 | N15: Seed Bomb | O15: 29 | P15: Seed Bomb
A16: Speed | C16: 36 | D16: Speed | F16: 36 | G16: Speed | I16: 56 | K16: 32 | L16: Wide Guard | M16: 32 | N16: Wide Guard | O16: 32 | P16: Wide Guard
A17: Total | B17: 2+ | C17: =SUM(C11:C16) -> 325 | D17: Total | E17: 15+ | F17: =SUM(F11:F16) -> 420 | G17: Total | H17: 20+ | I17: =SUM(I11:I16) -> 545 | K17: 36 | L17: Stompin Tantrum | M17: 36 | N17: Stompin Tantrum | O17: 36 | P17: Stompin Tantrum
A18: Ability 1 | B18: Shell Armor | D18: Ability 1 | E18: Shell Armor | G18: Ability 1 | H18: Shell Armor | K18: 40 | L18: Synthesis | M18: 40 | N18: Synthesis | O18: 40 | P18: Synthesis
A19: Ability 2 | B19: Overgrow | D19: Ability 2 | E19: Overgrow | G19: Ability 2 | H19: Determined (Rock Head) | M19: 44 | N19: Leaf Storm | O19: 44 | P19: Leaf Storm
A20: Ability 3 (HA) | B20: Solid Rock | D20: Ability 3 (HA) | E20: Solid Rock | G20: Ability 3 (HA) | H20: Solid Rock | M20: 46 | N20: Rock Polish | O20: 46 | P20: Rock Polish
A21: Evolution Changes | D21: Evolution Changes | G21: Evolution Changes | M21: 49 | N21: Rock Wrecker | O21: 49 | P21: Rock Wrecker
O22: 55 | P22: Earthquake
O23: 61 | P23: Wood Hammer
O24: 66 | P24: Curse
O25: 70 | P25: Headlong Rush
O26: 75 | P26: Frenzy Plant
K30: Chimchar | M30: Monferno | O30: Infernape | Q30: Now Compatible With
K31: 1 | L31: Scratch | M31: 1 | N31: Scratch | O31: 1 | P31: Focus Energy | Q31: TM05: Knock Off
K32: 1 | L32: Leer | M32: 1 | N32: Leer | O32: 1 | P32: Fake Out | Q32: TM07: Drain Punch
K33: 1 | L33: Ember | M33: 1 | N33: Ember | O33: 1 | P33: Ember
K34: 8 | L34: Covet | M34: 8 | N34: Covet | O34: 8 | P34: Covet
K35: 10 | L35: Flame Wheel | M35: 10 | N35: Flame Wheel | O35: 10 | P35: Flame Wheel
B36: #390 Chimchar | E36: #391 Monferno | H36: #392 Infernape | K36: 14 | L36: Mach Punch | M36: 14 | N36: Mach Punch | O36: 14 | P36: Mach Punch
A37: Type | B37: Fire | D37: Type | E37: Fire | F37: Fighting | G37: Type | H37: Fire | I37: Fighting | K37: 17 | L37: Counter | M37: 17 | N37: Counter | O37: 17 | P37: Counter
A38: HP | C38: 44 | D38: HP | F38: 64 | G38: HP | I38: 76 | K38: 20 | L38: Force Palm | M38: 20 | N38: Force Palm | O38: 20 | P38: Force Palm
A39: Attack | C39: 61 | D39: Attack | F39: 85 | G39: Attack | I39: 104 | K39: 23 | L39: Screech | M39: 23 | N39: Screech | O39: 23 | P39: Screech
A40: Defence | C40: 44 | D40: Defence | F40: 52 | G40: Defence | I40: 71 | K40: 27 | L40: Torment | M40: 27 | N40: Torment | O40: 27 | P40: Torment
A41: SpAtk | C41: 61 | D41: SpAtk | F41: 85 | G41: SpAtk | I41: 104 | K41: 30 | L41: Temper Flare | M41: 30 | N41: Temper Flare | O41: 30 | P41: Temper Flare
A42: SpDef | C42: 44 | D42: SpDef | F42: 52 | G42: SpDef | I42: 71 | K42: 33 | L42: Taunt | M42: 33 | N42: Taunt | O42: 33 | P42: Taunt
A43: Speed | B43: 16+ | C43: 77 | D43: Speed | E43: 15+ | F43: 96 | G43: Speed | H43: 11+ | I43: 119 | K43: 36 | L43: Sky Uppercut | M43: 36 | N43: Sky Uppercut | O43: 36 | P43: Sky Uppercut
A44: Total | B44: 16+ | C44: =SUM(C38:C43) -> 331 | D44: Total | E44: 15+ | F44: =SUM(F38:F43) -> 434 | G44: Total | H44: 11+ | I44: =SUM(I38:I43) -> 545 | K44: 39 | L44: Thunder Punch | M44: 39 | N44: Thunder Punch | O44: 39 | P44: Thunder Punch
A45: Ability 1 | B45: Iron Fist | D45: Ability 1 | E45: Iron Fist | G45: Ability 1 | H45: Iron Fist | K45: 41 | L45: Switcheroo | M45: 41 | N45: Switcheroo | O45: 41 | P45: Switcheroo
A46: Ability 2 | B46: Blaze | D46: Ability 2 | E46: Blaze | G46: Ability 2 | H46: Blaze | M46: 44 | N46: Fire Punch | O46: 44 | P46: Fire Punch
A47: Ability 3 (HA) | B47: Flame Body | D47: Ability 3 (HA) | E47: Flame Body | G47: Ability 3 (HA) | H47: Exploit (Download) | M47: 47 | N47: Hammer Arm | O47: 47 | P47: Hammer Arm
A48: Evolution Changes | D48: Evolution Changes | G48: Evolution Changes | M48: 51 | N48: Fire Spin | O48: 51 | P48: Fire Spin
M49: 54 | N49: Slack Off | O49: 54 | P49: Slack Off
M50: 59 | N50: Encore | O50: 59 | P50: Encore
O51: 65 | P51: Flare Blitz
O52: 70 | P52: Nasty Plot
O53: 74 | P53: Close Combat
O54: 79 | P54: Overheat
K58: Piplup | M58: Prinplup | O58: Empoleon | Q58: Now Compatible With
K59: 1 | L59: Growl | M59: 1 | N59: Growl | O59: 1 | P59: Hurricane | Q59: TM60: Wave Crash
K60: 1 | L60: Water Gun | M60: 1 | N60: Water Gun | O60: 1 | P60: Flip Turn | Q60: TM58: Hurricane
K61: 8 | L61: Aqua Jet | M61: 8 | N61: Aqua Jet | O61: 8 | P61: Aqua Jet
K62: 11 | L62: Pluck | M62: 11 | N62: Pluck | O62: 11 | P62: Pluck
K63: 13 | L63: Chilling Water | M63: 13 | N63: Chilling Water | O63: 13 | P63: Chilling Water
B64: #393 Piplup | E64: #394 Prinplup | H64: #395 Empoleon | K64: 16 | L64: Metal Claw | M64: 16 | N64: Metal Claw | O64: 16 | P64: Metal Claw
A65: Type | B65: Water | D65: Type | E65: Water | G65: Type | H65: Water | I65: Steel | K65: 19 | L65: Icy Wind | M65: 19 | N65: Icy Wind | O65: 19 | P65: Icy Wind
A66: HP | C66: 53 | D66: HP | F66: 64 | G66: HP | I66: 84 | K66: 22 | L66: Mist | M66: 22 | N66: Mist | O66: 22 | P66: Mist
A67: Attack | C67: 51 | D67: Attack | F67: 66 | G67: Attack | H67: 10- | I67: 76 | K67: 25 | L67: Bubble Beam | M67: 25 | N67: Bubble Beam | O67: 25 | P67: Bubble Beam
A68: Defence | C68: 53 | D68: Defence | F68: 68 | G68: Defence | I68: 88 | K68: 28 | L68: Aurora Beam | M68: 28 | N68: Aurora Beam | O68: 28 | P68: Aurora Beam
A69: SpAtk | C69: 61 | D69: SpAtk | F69: 81 | G69: SpAtk | I69: 111 | K69: 31 | L69: Feather Dance | M69: 31 | N69: Feather Dance | O69: 31 | P69: Feather Dance
A70: SpDef | C70: 56 | D70: SpDef | F70: 76 | G70: SpDef | I70: 101 | K70: 34 | L70: Drill Peck | M70: 34 | N70: Drill Peck | O70: 34 | P70: Drill Peck
A71: Speed | B71: 11+ | C71: 51 | D71: Speed | E71: 15+ | F71: 65 | G71: Speed | H71: 25+ | I71: 85 | K71: 36 | L71: Steel Wing | M71: 36 | N71: Steel Wing | O71: 36 | P71: Steel Wing
A72: Total | B72: 11+ | C72: =SUM(C66:C71) -> 325 | D72: Total | E72: 15+ | F72: =SUM(F66:F71) -> 420 | G72: Total | H72: 15+ | I72: =SUM(I66:I71) -> 545 | K72: 40 | L72: Muddy Water | M72: 40 | N72: Aqua Ring | O72: 40 | P72: Aqua Ring
A73: Ability 1 | B73: Rivalry | D73: Ability 1 | E73: Rivalry | G73: Ability 1 | H73: Rivalry | M73: 44 | N73: Flash Cannon | O73: 44 | P73: Flash Cannon
A74: Ability 2 | B74: Torrent | D74: Ability 2 | E74: Torrent | G74: Ability 2 | H74: Torrent | M74: 48 | N74: Whirlpool | O74: 48 | P74: Whirlpool
A75: Ability 3 (HA) | B75: Slush Rush | D75: Ability 3 (HA) | E75: Slush Rush | G75: Ability 3 (HA) | H75: Slush Rush | M75: 51 | N75: Glaciate | O75: 54 | P75: Glaciate
A76: Evolution Changes | D76: Evolution Changes | G76: Evolution Changes | M76: 54 | N76: Hail | O76: 54 | P76: Hail
M77: 59 | N77: Yawn | O77: 59 | P77: Yawn
O78: 65 | P78: Roost
O79: 70 | P79: Hydro Cannon
O80: 78 | P80: Steel Beam
K84: Starly | M84: Staravia | O84: Staraptor | Q84: Now Compatible With
K85: 1 | L85: Tackle | M85: 1 | N85: Tackle | O85: 1 | P85: Detect | Q85: TM58: Hurricane
K86: 1 | L86: Growl | M86: 1 | N86: Growl | O86: 1 | P86: Steel Wing | Q86: TM07: Drain Punch
K87: 4 | L87: Quick Attack | M87: 4 | N87: Quick Attack | O87: 4 | P87: Quick Attack | Q87: TM46: Aura Sphere
K88: 7 | L88: Sand Attack | M88: 7 | N88: Sand Attack | O88: 7 | P88: Sand Attack | Q88: TM54: Breaking Swipe
K89: 10 | L89: Wing Attack | M89: 10 | N89: Wing Attack | O89: 10 | P89: Wing Attack
B90: #396 Starly | E90: #397 Staravia | H90: #398 Staraptor | K90: 13 | L90: Retaliate | M90: 13 | N90: Retaliate | O90: 13 | P90: Retaliate
A91: Type | B91: Flying | C91: Normal | D91: Type | E91: Flying | F91: Normal | G91: Type | H91: Flying | I91: Fighting | K91: 17 | L91: Double Team | M91: 17 | N91: Double Team | O91: 17 | P91: Double Team
A92: HP | C92: 40 | D92: HP | F92: 55 | G92: HP | H92: 10+ | I92: 95 | K92: 20 | L92: Aerial Ace | M92: 20 | N92: Aerial Ace | O92: 20 | P92: Aerial Ace
A93: Attack | C93: 55 | D93: Attack | F93: 75 | G93: Attack | I93: 120 | K93: 23 | L93: Take Down | M93: 23 | N93: Take Down | O93: 23 | P93: Take Down
A94: Defence | C94: 30 | D94: Defence | F94: 50 | G94: Defence | I94: 70 | K94: 27 | L94: Revenge | M94: 27 | N94: Revenge | O94: 27 | P94: Revenge
A95: SpAtk | C95: 30 | D95: SpAtk | F95: 40 | G95: SpAtk | I95: 50 | K95: 30 | L95: Dual Wingbeat | M95: 30 | N95: Dual Wingbeat | O95: 30 | P95: Dual Wingbeat
A96: SpDef | C96: 30 | D96: SpDef | F96: 40 | G96: SpDef | H96: 10+ | I96: 70 | K96: 34 | L96: Feather Dance | M96: 34 | N96: Feather Dance | O96: 34 | P96: Feather Dance
A97: Speed | C97: 60 | D97: Speed | F97: 80 | G97: Speed | H97: 5+ | I97: 105 | M97: 38 | N97: Roost | O97: 38 | P97: Roost
A98: Total | C98: =SUM(C92:C97) -> 245 | D98: Total | F98: =SUM(F92:F97) -> 340 | G98: Total | H98: 25+ | I98: =SUM(I92:I97) -> 510 | M98: 42 | N98: Strength | O98: 42 | P98: Strength
A99: Ability 1 | B99: Intimidate | D99: Ability 1 | E99: Intimidate | G99: Ability 1 | H99: Intimidate | M99: 46 | N99: Drill Peck | O99: 46 | P99: Drill Peck
A100: Ability 2 | B100: Reckless | D100: Ability 2 | E100: Reckless | G100: Ability 2 | H100: Reckless | M100: 49 | N100: Me First | O100: 49 | P100: Me First
A101: Ability 3 (HA) | B101: - | D101: Ability 3 (HA) | E101: - | G101: Ability 3 (HA) | H101: - | M101: 53 | N101: Double-Edge | O101: 53 | P101: Double-Edge
A102: Evolution Changes | D102: Evolution Changes | G102: Evolution Changes | O102: 60 | P102: Close Combat
O103: 65 | P103: Brave Bird
O104: 70 | P104: Superpower
K108: Bidoof | M108: Bibarel | Q108: Now Compatible With
K109: 1 | L109: Tackle | M109: 1 | N109: Wood Hammer | Q109: TM60: Wave Crash
K110: 1 | L110: Growl | M110: 1 | N110: Triple Dive
K111: 1 | L111: Defense Curl | M111: 1 | N111: Defense Curl
K112: 4 | L112: Barrage | M112: 4 | N112: Barrage
K113: 8 | L113: Bite | M113: 8 | N113: Bite
B114: #399 Bidoof | E114: #400 Bibarel | K114: 11 | L114: Headbutt | M114: 11 | N114: Headbutt
...

Sheet TestDrive-Included TMs and Move
B2: Unova: #494-649
H6: Victini | N6: Now Compatible With | S6: Move Tutor
H7: 1 | I7: Searing Shot | N7: TM01 | O7: TM23 | P7: TM45 | Q7: TM67 | R7: TM89
H8: 1 | I8: Focus Energy | N8: TM02 | O8: TM24 | P8: TM46 | Q8: TM68 | R8: TM90
H9: 1 | I9: Confusion | N9: TM03 | O9: TM25 | P9: TM47 | Q9: TM69 | R9: TM91
H10: 1 | I10: Incinerate | N10: TM04 | O10: TM26 | P10: TM48 | Q10: TM70 | R10: TM92
H11: 1 | I11: Quick Attack | N11: TM05 | O11: TM27 | P11: TM49 | Q11: TM71 | R11: TM93
B12: #494 Victini | H12: 9 | I12: Endure | N12: TM06 | O12: TM28 | P12: TM50 | Q12: TM72 | R12: TM94
A13: Type | B13: Psychic | C13: Fire | H13: 17 | I13: Headbutt | N13: TM07 | O13: TM29 | P13: TM51 | Q13: TM73 | R13: TM95
A14: HP | C14: 100 | H14: 25 | I14: Flame Charge | N14: TM08 | O14: TM30 | P14: TM52 | Q14: TM74 | R14: HM01
A15: Attack | C15: 100 | H15: 33 | I15: Reversal | N15: TM09 | O15: TM31 | P15: TM53 | Q15: TM75 | R15: HM02
A16: Defence | C16: 100 | H16: 41 | I16: Flame Burst | N16: TM10 | O16: TM32 | P16: TM54 | Q16: TM76 | R16: HM03
A17: SpAtk | C17: 100 | H17: 49 | I17: Zen Headbutt | N17: TM11 | O17: TM33 | P17: TM55 | Q17: TM77 | R17: HM04
A18: SpDef | C18: 100 | H18: 57 | I18: Inferno | N18: TM12 | O18: TM34 | P18: TM56 | Q18: TM78 | R18: HM05
A19: Speed | C19: 100 | H19: 65 | I19: Double-edge | N19: TM13 | O19: TM35 | P19: TM57 | Q19: TM79 | R19: HM06
A20: Total | C20: =SUM(C14:C19) -> 600 | H20: 73 | I20: Flare Blitz | N20: TM14 | O20: TM36 | P20: TM58 | Q20: TM80
A21: Ability 1 | B21: Illumination (Victory Star) | H21: 81 | I21: Final Gambit | N21: TM15 | O21: TM37 | P21: TM59 | Q21: TM81
A22: Ability 2 | B22: - | H22: 89 | I22: Stored Power | N22: TM16 | O22: TM38 | P22: TM60 | Q22: TM82
A23: Ability 3 (HA) | B23: - | H23: 97 | I23: Overheat | N23: TM17 | O23: TM39 | P23: TM61 | Q23: TM83
A24: Evolution Changes | H24: 99 | I24: Psycho Boost | N24: TM18 | O24: TM40 | P24: TM62 | Q24: TM84
N25: TM19 | O25: TM41 | P25: TM63 | Q25: TM85
N26: TM20 | O26: TM42 | P26: TM64 | Q26: TM86
N27: TM21 | O27: TM43 | P27: TM65 | Q27: TM87
N28: TM22 | O28: TM44 | P28: TM66 | Q28: TM88
C35: (NEW) | E35: (NEW) | G35: (NEW) | K35: (NEW) | M35: (NEW)
H36: Snivy | J36: Servine | L36: Serperior | N36: Now Compatible With
H37: 1 | I37: Mud Slap | J37: 1 | K37: Mud Slap | L37: 1 | M37: Wrap | N37: TM24: Thunderbolt
H38: 1 | I38: Leer | J38: 1 | K38: Leer | L38: 1 | M38: Synthesis | N38: TM25: Thunder
H39: 1 | I39: Absorb | J39: 1 | K39: Absorb | L39: 1 | M39: Absorb | N39: TM72: Volt Switch
H40: 4 | I40: Glare | J40: 4 | K40: Glare | L40: 4 | M40: Glare | N40: TM73: Thunder Wave
H41: 7 | I41: Shock Wave | J41: 7 | K41: Shock Wave | L41: 7 | M41: Shock Wave | N41: TM93: Wild Charge
B42: #495 Snivy | D42: #496 Servine | F42: #497 Serperior | H42: 10 | I42: Mega Drain | J42: 10 | K42: Mega Drain | L42: 10 | M42: Mega Drain | N42: TM38: Fire Blast
A43: Type | B43: Grass | D43: Grass | E43: Electric | F43: Grass | G43: Electric | H43: 13 | I43: Leaf Tornado | J43: 13 | K43: Leaf Tornado | L43: 13 | M43: Leaf Tornado | N43: TM54: Breaking Swipe
A44: HP | B44: 5+ | C44: 50 | E44: 60 | F44: 15+ | G44: 90 | H44: 17 | I44: Leech Seed | J44: 17 | K44: Leech Seed | L44: 17 | M44: Leech Seed | N44: TM59: Incinerate
A45: Attack | B45: 20- | C45: 25 | D45: 20- | E45: 40 | F45: 25- | G45: 50 | H45: 20 | I45: Dragon Breath | J45: 20 | K45: Dragon Breath | L45: 20 | M45: Dragon Breath | N45: TM32: Dazzling Gleam
A46: Defence | C46: 55 | E46: 75 | G46: 95 | H46: 24 | I46: Volt Switch | J46: 24 | K46: Volt Switch | L46: 24 | M46: Volt Switch | N46: TM21: Aurora Beam
A47: SpAtk | B47: 17+ | C47: 62 | D47: 12+ | E47: 72 | F47: 17+ | G47: 92 | H47: 27 | I47: Giga Drain | J47: 27 | K47: Giga Drain | L47: 27 | M47: Giga Drain | N47: TM35: Flamethrower
A48: SpDef | C48: 55 | E48: 75 | G48: 95 | H48: 30 | I48: Swagger | J48: 30 | K48: Swagger | L48: 30 | M48: Swagger
A49: Speed | B49: 15+ | C49: 78 | D49: 15+ | E49: 98 | F49: 10+ | G49: 123 | H49: 33 | I49: Twister | J49: 33 | K49: Twister | L49: 33 | M49: Twister
A50: Total | B50: 17+ | C50: =SUM(C44:C49) -> 325 | D50: 7+ | E50: =SUM(E44:E49) -> 420 | F50: 17+ | G50: =SUM(G44:G49) -> 545 | H50: 36 | I50: Parabolic Zap | J50: 36 | K50: Parabolic Zap | L50: 36 | M50: Parabolic Zap
A51: Ability 1 | B51: Adaptability | D51: Adaptability | F51: Adaptability | H51: 39 | I51: Captivate | J51: 39 | K51: Captivate | L51: 39 | M51: Captivate
A52: Ability 2 | B52: - | D52: - | F52: - | J52: 41 | K52: Seething Cold | L52: 41 | M52: Seething Cold
A53: Ability 3 (HA) | B53: Contrary | D53: Contrary | F53: Contrary | J53: 44 | K53: Energy Ball | L53: 44 | M53: Energy Ball
A54: Evolution Changes | J54: 47 | K54: Thunderbolt | L54: 47 | M54: Thunderbolt
J55: 52 | K55: Worry Seed | L55: 52 | M55: Worry Seed
J56: 56 | K56: Electro Ball | L56: 56 | M56: Electro Ball
L57: 59 | M57: Focus Energy
L58: 64 | M58: Thunder
L59: 67 | M59: Draco Meteor
L60: 70 | M60: Leaf Storm
L61: 99 | M61: Zap Cannon
I63: (NEW | K63: (NEW) | M63: (NEW)
H64: Tepig | J64: Pignite | L64: Emboar | N64: Now Compatible With
H65: 1 | I65: Pursuit | J65: 1 | K65: Pursuit | L65: 1 | M65: Slack Off | N65: TM05: Knock Off
H66: 1 | I66: Tail Whip | J66: 1 | K66: Tail Whip | L66: 1 | M66: Wicked Blow | N66: TM07: Drain Punch
H67: 1 | I67: Ember | J67: 1 | K67: Ember | L67: 1 | M67: Rock Climb | N67: TM54: Breaking Swipe
H68: 7 | I68: Stomp | J68: 7 | K68: Stomp | L68: 7 | M68: Stomp | N68: TM63: Brutal Swing
H69: 10 | I69: Beat Up | J69: 10 | K69: Beat Up | L69: 10 | M69: Beat Up | N69: TM87: Rock Climb
B70: #498 Tepig | D70: #499 Pignite | F70: #500 Emboar | H70: 13 | I70: Temper Flare | J70: 13 | K70: Temper Flare | L70: 13 | M70: Temper Flare
A71: Type | B71: Fire | D71: Fire | E71: Dark | F71: Fire | G71: Dark | H71: 17 | I71: Scary Face | J71: 17 | K71: Scary Face | L71: 17 | M71: Scary Face
A72: HP | C72: 65 | E72: 90 | F72: 15+ | G72: 115 | H72: 20 | I72: Revenge | J72: 20 | K72: Revenge | L72: 20 | M72: Revenge
A73: Attack | B73: 11+ | C73: 74 | E73: 93 | G73: 123 | H73: 22 | I73: Stompin Tantrum | J73: 22 | K73: Stompin Tantrum | L73: 22 | M73: Stompin Tantrum
A74: Defence | B74: 8+ | C74: 53 | D74: 11+ | E74: 66 | F74: 20+ | G74: 85 | H74: 25 | I74: Taunt | J74: 25 | K74: Taunt | L74: 25 | M74: Scary
A75: SpAtk | B75: 10- | C75: 35 | D75: 20- | E75: 50 | F75: 28- | G75: 72 | H75: 29 | I75: Fake Out | J75: 29 | K75: Fake Out | L75: 29 | M75: Fake Out
A76: SpDef | B76: 8+ | C76: 53 | D76: 11+ | E76: 66 | F76: 20+ | G76: 85 | H76: 33 | I76: Payback | J76: 33 | K76: Payback | L76: 33 | M76: Payback
A77: Speed | C77: 45 | E77: 55 | G77: 65 | H77: 36 | I77: Heat Crash | J77: 36 | K77: Heat Crash | L77: 36 | M77: Heat Crash
A78: Total | B78: 17+ | C78: =SUM(C72:C77) -> 325 | D78: 2+ | E78: =SUM(E72:E77) -> 420 | F78: 17+ | G78: =SUM(G72:G77) -> 545 | H78: 39 | I78: Heavy Slam | J78: 39 | K78: Heavy Slam | L78: 39 | M78: Heavy Slam
A79: Ability 1 | B79: Intimidate | D79: Intimidate | F79: Intimidate | H79: 42 | I79: Hammer Arm | J79: 42 | K79: Hammer Arm | L79: 42 | M79: Hammer Arm
A80: Ability 2 | B80: - | D80: - | F80: - | J80: 45 | K80: Yawn | L80: 45 | M80: Yawn
A81: Ability 3 (HA) | B81: Sheer Force | D81: Sheer Force | F81: Sheer Force | J81: 47 | K81: Sucker Punch | L81: 47 | M81: Sucker Punch
A82: Evolution Changes | J82: 52 | K82: Fire Lash | L82: 52 | M82: Fire Lash
L83: 56 | M83: Head Smash
L84: 59 | M84: Flare Blitz
L85: 63 | M85: Close Combat
L86: 67 | M86: Bulk Up
L87: 70 | M87: Parting Shot
L88: 99 | M88: Blast Burn
M90: (NEW)
H91: Oshawott | J91: Dewott | L91: Samurott | N91: Now Compatible With
H92: 1 | I92: Counter | J92: 1 | K92: Counter | L92: 1 | M92: Clamp | N92: TM47: Low Sweep
H93: 1 | I93: Tackle | J93: 1 | K93: Tackle | L93: 1 | M93: Circle Throw | N93: TM60: Wave Crash
H94: 1 | I94: Barrage | J94: 1 | K94: Barrage | L94: 1 | M94: Counter | N94: TM07: Drain Punch
H95: 7 | I95: Rock Smash | J95: 7 | K95: Rock Smash | L95: 7 | M95: Rock Smash | N95: TM54: Breaking Swipe
H96: 10 | I96: Aqua Jet | J96: 10 | K96: Aqua Jet | L96: 10 | M96: Aqua Jet | N96: TM63: Brutal Swing
B97: #501 Oshawott | D97: #502 Dewott | F97: #503 Samurott | H97: 13 | I97: Razor Shell | J97: 13 | K97: Razor Shell | L97: 13 | M97: Razor Shell | N97: TM31: Brick Break
A98: Type | B98: Water | D98: Water | E98: Fighting | F98: Water | G98: Fighting | H98: 17 | I98: Revenge | J98: 17 | K98: Revenge | L98: 17 | M98: Revenge | N98: TM26: Earthquake
A99: HP | B99: 10+ | C99: 65 | D99: 10+ | E99: 85 | F99: 10+ | G99: 105 | H99: 20 | I99: Slash | J99: 20 | K99: Slash | L99: 20 | M99: Slash | N99: TM87: Rock Climb
A100: Attack | B100: 15+ | C100: 70 | D100: 17+ | E100: 92 | F100: 25+ | G100: 125 | H100: 22 | I100: Double Kick | J100: 22 | K100: Double Kick | L100: 22 | M100: Double Kick
A101: Defence | B101: 6+ | C101: 51 | E101: 60 | G101: 85 | H101: 25 | I101: Encore | J101: 25 | K101: Encore | L101: 25 | M101: Encore
A102: SpAtk | B102: 30- | C102: 33 | D102: 30- | E102: 53 | F102: 45- | G102: 63 | H102: 29 | I102: Detect | J102: 29 | K102: Detect | L102: 29 | M102: Detect
A103: SpDef | B103: 6+ | C103: 51 | E103: 60 | G103: 70 | H103: 33 | I103: Waterfall | J103: 33 | K103: Waterfall | L103: 33 | M103: Waterfall
A104: Speed | B104: 10+ | C104: 55 | D104: 10+ | E104: 70 | F104: 27+ | G104: 97 | H104: 36 | I104: Sacred Sword | J104: 36 | K104: Sacred Sword | L104: 36 | M104: Sacred Sword
A105: Total | B105: 17+ | C105: =SUM(C99:C104) -> 325 | D105: 7+ | E105: =SUM(E99:E104) -> 420 | F105: 17+ | G105: =SUM(G99:G104) -> 545 | H105: 40 | I105: Dive | J105: 40 | K105: Dive | L105: 40 | M105: Dive
A106: Ability 1 | B106: Shell Armor | D106: Shell Armor | F106: Shell Armor | H106: 44 | I106: Flip Turn | J106: 44 | K106: Flip Turn | L106: 44 | M106: Flip Turn
A107: Ability 2 | B107: - | D107: - | F107: - | J107: 47 | K107: Soak | L107: 47 | M107: Soak
A108: Ability 3 (HA) | B108: Defiant | D108: Defiant | F108: Defiant | J108: 52 | K108: Close Combat | L108: 52 | M108: Close Combat
A109: Evolution Changes | J109: 56 | K109: Crabhammer | L109: 56 | M109: Crabhammer
L110: 59 | M110: Megahorn
L111: 64 | M111: Swords Dance
L112: 70 | M112: Wave Crash
...

Sheet New Forms
B2: New Forms
B12: #19 Rattata | D12: #20 Raticate
A13: Type | B13: Normal | D13: Normal
A14: HP | B14: 15+ | C14: 45 | D14: 10+ | E14: 65
A15: Attack | B15: 10+ | C15: 66 | D15: 20+ | E15: 101
A16: Defence | B16: 15+ | C16: 50 | E16: 60
A17: SpAtk | C17: 25 | E17: 50
A18: SpDef | B18: 15+ | C18: 50 | E18: 70
A19: Speed | C19: 72 | D19: 20+ | E19: 117
A20: Total | B20: 40+ | C20: =SUM(C14:C19) -> 308 | D20: 50+ | E20: =SUM(E14:E19) -> 463
A21: Ability 1 | B21: Adaptability | D21: Adaptability
A22: Ability 2 | B22: Guts | D22: Guts
A23: Ability 3 (HA) | B23: Adaptability | D23: Adaptability
A24: Evolution Changes
H25: Rattata-Alola | J25: Raticate-Alola | N25: Now Compatible With
H26: 1 | I26: Tackle | J26: 1 | K26: Tackle | N26: TM01: Psychic Fangs
H27: 1 | I27: Tail Whip | J27: 1 | K27: Tail Whip | N27: TM40: Aerial Ace
H28: 4 | I28: Quick Attack | J28: 4 | K28: Quick Attack | N28: TM65: Shadow Claw
H29: 7 | I29: Screech | J29: 7 | K29: Screech | N29: TM87: Rock Climb
H30: 10 | I30: Bite | J30: 10 | K30: Bite | N30: TM45: Lunge
B31: #19 Rattata-Alola | D31: #20 Raticate-Alola | H31: 12 | I31: Flame Wheel | J31: 12 | K31: Flame Wheel
A32: Type | B32: Normal | C32: Dark | D32: Normal | E32: Dark | H32: 13 | I32: Hyper Fang | J32: 13 | K32: Hyper Fang
A33: HP | B33: 25+ | C33: 55 | E33: 75 | H33: 16 | I33: Nuzzle | J33: 16 | K33: Nuzzle
A34: Attack | C34: 56 | D34: 10+ | E34: 81 | H34: 19 | I34: Sucker Punch | J34: 19 | K34: Sucker Punch
A35: Defence | B35: 55+ | C35: 90 | D35: 40+ | E35: 110 | H35: 23 | I35: Fire Fang | J35: 23 | K35: Fire Fang
A36: SpAtk | C36: 25 | E36: 40 | H36: 23 | I36: Ice Fang | J36: 23 | K36: Ice Fang
A37: SpDef | C37: 35 | E37: 80 | H37: 23 | I37: Thunder Fang | J37: 23 | K37: Thunder Fang
A38: Speed | B38: 20- | C38: 52 | E38: 77 | H38: 28 | I38: Crunch | J38: 28 | K38: Crunch
A39: Total | B39: 60+ | C39: =SUM(C33:C38) -> 313 | D39: 50+ | E39: =SUM(E33:E38) -> 463 | H39: 34 | I39: U-Turn | J39: 34 | K39: U-Turn
A40: Ability 1 | B40: Thick Fat | D40: Thick Fat | H40: 39 | I40: Double-Edge | J40: 39 | K40: Double-Edge
A41: Ability 2 | B41: Hustle | D41: Hustle | H41: 44 | I41: Flail | J41: 44 | K41: Flail
A42: Ability 3 (HA) | B42: Strong Jaw | D42: Strong Jaw | H42: 54 | I42: Facade | J42: 54 | K42: Facade
A43: Evolution Changes | J43: 60 | K43: Skull Bash
J44: 70 | K44: Giga Impact
B56: #26 Raichu
A57: Type | B57: Electric | C57: Ground
A58: HP | C58: 60
A59: Attack | B59: 10+ | C59: 100
A60: Defence | C60: 55
A61: SpAtk | B61: 15+ | C61: 105
A62: SpDef | C62: 80
A63: Speed | B63: 10+ | C63: 110
A64: Total | B64: 35+ | C64: =SUM(C58:C63) -> 510
A65: Ability 1 | B65: Teravolt
A66: Ability 2 | B66: Sheer Force
A67: Ability 3 (HA) | B67: Lightning-Rod (AI Only)
A68: Evolution Changes
H69: Raichu | N69: Now Compatible With
H70: 1 | I70: Tail Whip | N70: TM29: Psychic
H71: 1 | I71: Nuzzle | N71: HM01: Cut
H72: 4 | I72: Quick Attack | N72: TM21: Aurora Beam
H73: 8 | I73: Double Hit | N73: HM02: Fly
H74: 11 | I74: Mud Shot | N74: HM03: Surf
B75: #26 Raichu-Alola | H75: 14 | I75: Stomp | N75: TM80: Rock Slide
A76: Type | B76: Electric | C76: Psychic | H76: 18 | I76: Electro Web | N76: TM26: Earthquake
A77: HP | C77: 60 | H77: 22 | I77: Body Slam | N77: TM71: Stone Edge
A78: Attack | C78: 85 | H78: 25 | I78: Charm | N78: TM78: Bulldoze
A79: Defence | C79: 50 | H79: 28 | I79: Thunder Punch | N79: TM39: Rock Tomb
A80: SpAtk | C80: 95 | H80: 31 | I80: Scorching Sands | N80: TM18: Scorching Sands
A81: SpDef | C81: 85 | H81: 34 | I81: Light Screen | N81: Tutor: Gunk Shot
A82: Speed | C82: 110 | H82: 37 | I82: Extremespeed | N82: TM36: Sludge Bomb
A83: Total | C83: =SUM(C77:C82) -> 485 | H83: 40 | I83: Spark | N83: TM08: Dizzy Punch
A84: Ability 1 | B84: Levitate | H84: 43 | I84: Iron Tail | N84: TM66: Power Gem
A85: Ability 2 | B85: - | H85: 46 | I85: Fake Out
A86: Ability 3 (HA) | B86: Contrary | H86: 49 | I86: High Horsepower
A87: Evolution Changes | H87: 54 | I87: Electro Ball
H88: 59 | I88: Earth Power
H89: 63 | I89: Power Whip
H90: 68 | I90: Volt Tackle
B103: #27 Sandshrew | D103: #28 Sandslash
A104: Type | B104: Ground | D104: Ground
A105: HP | B105: 10+ | C105: 60 | E105: 75
A106: Attack | C106: 75 | E106: 100
A107: Defence | B107: 5+ | C107: 90 | E107: 110
A108: SpAtk | C108: 20 | E108: 45
A109: SpDef | B109: 5+ | C109: 35 | E109: 55
A110: Speed | B110: 40+ | C110: 80 | D110: 50+ | E110: 115
A111: Total | B111: 60+ | C111: =SUM(C105:C110) -> 360 | D111: 50+ | E111: =SUM(E105:E110) -> 500
A112: Ability 1 | B112: Rough Skin | D112: Rough Skin
A113: Ability 2 | B113: Sand Force | D113: Sand Force
A114: Ability 3 (HA) | B114: Sand Veil (AI Only) | D114: Sand Veil (AI Only)
A115: Evolution Changes | D115: Level 24
H116: Sandshrew-Alola | J116: Sandslash-Alola | N116: Now Compatible With
H117: 1 | I117: Scratch | J117: 1 | K117: Coil | N117: TM47: Low Sweep
H118: 1 | I118: Defense Curl | J118: 1 | K118: Steamroller | N118: Tutor: Iron Head
H119: 5 | I119: Mud Slap | J119: 5 | K119: Mud Slap | N119: TM68: Avalanche
H120: 8 | I120: Poison Sting | J120: 8 | K120: Poison Sting | N120: Tutor: Drill Run
H121: 11 | I121: Stomp | J121: 11 | K121: Stomp | N121: Tutor: Drill Run
B122: #27 Sandshrew-Alola | D122: #28 Sandslash-Alola | H122: 13 | I122: Metal Claw | J122: 13 | K122: Metal Claw | N122: Tutor: Superpower
A123: Type | B123: Ice | C123: Steel | D123: Ice | E123: Steel | H123: 15 | I123: Rapid Spin | J123: 15 | K123: Rapid Spin
A124: HP | C124: 50 | E124: 75 | H124: 19 | I124: Bulldoze | J124: 19 | K124: Bulldoze
A125: Attack | C125: 75 | E125: 100 | H125: 21 | I125: Accelerock | J125: 21 | K125: Accelerock
A126: Defence | C126: 90 | E126: 120 | H126: 24 | I126: Pin Missile | J126: 24 | K126: Pin Missile
A127: SpAtk | C127: 10 | E127: 25 | H127: 28 | I127: Night Slash | J127: 28 | K127: Night Slash
A128: SpDef | C128: 35 | E128: 65 | H128: 33 | I128: Drill Run | J128: 33 | K128: Drill Run
A129: Speed | C129: 40 | E129: 65 | H129: 35 | I129: Body Press | J129: 35 | K129: Body Press
A130: Total | C130: =SUM(C124:C129) -> 300 | E130: =SUM(E124:E129) -> 450 | H130: 38 | I130: Leech Life | J130: 38 | K130: Leech Life
A131: Ability 1 | B131: Tough Claws | D131: Tough Claws | H131: 43 | I131: Earthquake | J131: 43 | K131: Earthquake
A132: Ability 2 | B132: Ice Body | D132: Ice Body | H132: 46 | I132: Spin Out | J132: 46 | K132: Spin Out
A133: Ability 3 (HA) | B133: Slush Rush | D133: Slush Rush | J133: 50 | K133: Sandstorm
...

Sheet Theoretical Imports
B2: New Forms
H7: Chesnaught | N7: Now Compatible With
H8: 1
H9: 1
H10: 4
H11: 7
H12: 10
B13: #654 Chesnaught | H13: 12
A14: Type | B14: Grass | C14: Fighting | H14: 13
A15: HP | C15: 88 | H15: 16
A16: Attack | C16: 107 | H16: 19
A17: Defence | C17: 122 | H17: 23
A18: SpAtk | C18: 74 | H18: 23
A19: SpDef | C19: 75 | H19: 23
A20: Speed | C20: 64 | H20: 28
A21: Total | C21: =SUM(C15:C20) -> 530 | H21: 34
A22: Ability 1 | B22: Overgrow | H22: 39
A23: Ability 2 | B23: Iron Barbs | H23: 44
A24: Ability 3 (HA) | B24: Bulletproof | H24: 54
A25: Evolution Changes
H29: Delphox | N29: Now Compatible With
H30: 1
H31: 1
H32: 4
H33: 7
H34: 10
B35: #655 Delphox | H35: 12
A36: Type | B36: Fire | C36: Psychic | H36: 13
A37: HP | C37: 75 | H37: 16
A38: Attack | C38: 69 | H38: 19
A39: Defence | C39: 72 | H39: 23
A40: SpAtk | C40: 114 | H40: 23
A41: SpDef | C41: 100 | H41: 23
A42: Speed | C42: 104 | H42: 28
A43: Total | C43: =SUM(C37:C42) -> 534 | H43: 34
A44: Ability 1 | B44: Blaze | H44: 39
A45: Ability 2 | B45: Forewarn | H45: 44
A46: Ability 3 (HA) | B46: Magic Guard | H46: 54
A47: Evolution Changes
H52: Greninja | N52: Now Compatible With
H53: 1
H54: 1
H55: 4
H56: 7
H57: 10
B58: #658 Greninja | H58: 12
A59: Type | B59: Water | C59: Dark | H59: 13
A60: HP | C60: 72 | H60: 16
A61: Attack | C61: 95 | H61: 19
A62: Defence | C62: 67 | H62: 23
A63: SpAtk | C63: 103 | H63: 23
A64: SpDef | C64: 71 | H64: 23
A65: Speed | C65: 122 | H65: 28
A66: Total | C66: =SUM(C60:C65) -> 530 | H66: 34
A67: Ability 1 | B67: Torrent | H67: 39
A68: Ability 2 | B68: Infiltrator | H68: 44
A69: Ability 3 (HA) | B69: Protean | H69: 54
A70: Evolution Changes
H81: Fletchling | J81: Fletchinder | L81: Talonflame | N81: Now Compatible With
H82: 1 | J82: 1 | L82: 1
H83: 1 | J83: 1 | L83: 1
H84: 4 | J84: 4 | L84: 4
H85: 7 | J85: 7 | L85: 7
H86: 10 | J86: 10 | L86: 10
B87: #661 Fletchling | D87: #662 Fletchinder | F87: #663 Talonflame | H87: 12 | J87: 12 | L87: 12
A88: Type | B88: Fire | C88: Flying | D88: Fire | E88: Flying | F88: Fire | G88: Flying | H88: 13 | J88: 13 | L88: 13
A89: HP | C89: 45 | E89: 62 | G89: 78 | H89: 16 | J89: 16 | L89: 16
A90: Attack | C90: 50 | E90: 73 | G90: 81 | H90: 19 | J90: 19 | L90: 19
A91: Defence | C91: 43 | E91: 55 | G91: 71 | H91: 23 | J91: 23 | L91: 23
A92: SpAtk | C92: 40 | E92: 56 | G92: 74 | H92: 23 | J92: 23 | L92: 23
A93: SpDef | C93: 38 | E93: 52 | G93: 69 | H93: 23 | J93: 23 | L93: 23
A94: Speed | C94: 62 | E94: 84 | G94: 126 | H94: 28 | J94: 28 | L94: 28
A95: Total | C95: =SUM(C89:C94) -> 278 | E95: =SUM(E89:E94) -> 382 | G95: =SUM(G89:G94) -> 499 | H95: 34 | J95: 34 | L95: 34
A96: Ability 1 | B96: Flash Fire | D96: Flash Fire | F96: Flash Fire | H96: 39 | J96: 39 | L96: 39
A97: Ability 2 | B97: Gale Wings | D97: Gale Wings | F97: Gale Wings | H97: 44 | J97: 44 | L97: 44
A98: Ability 3 (HA) | H98: 54 | J98: 54 | L98: 54
A99: Evolution Changes | J99: 60 | L99: 60
J100: 70 | L100: 70
H106: Spritzee | J106: Aromatisse | N106: Now Compatible With
H107: 1 | J107: 1
H108: 1 | J108: 1
H109: 4 | J109: 4
H110: 8 | J110: 8
H111: 11 | J111: 11
B112: #682 Spritzee | D112: #682 Spritzee | H112: 14 | J112: 14
A113: Type | B113: Fairy | C113: Poison | D113: Fairy | E113: Poison | H113: 18 | J113: 18
A114: HP | C114: 78 | E114: 101 | H114: 22 | J114: 22
A115: Attack | C115: 52 | E115: 72 | H115: 25 | J115: 25
A116: Defence | C116: 60 | E116: 72 | H116: 28 | J116: 28
A117: SpAtk | C117: 63 | E117: 99 | H117: 31 | J117: 31
A118: SpDef | C118: 65 | E118: 89 | H118: 34 | J118: 34
A119: Speed | C119: 23 | E119: 29 | H119: 37 | J119: 37
A120: Total | C120: =SUM(C114:C119) -> 341 | E120: =SUM(E114:E119) -> 462 | H120: 40 | J120: 40
A121: Ability 1 | B121: Levitate | D121: Distracting | H121: 43 | J121: 43
A122: Ability 2 | B122: Healer | D122: Healer | H122: 46 | J122: 46
A123: Ability 3 (HA) | B123: Entangling Hair | D123: Entangling Hair | H123: 49 | J123: 49
A124: Evolution Changes | H124: 54 | J124: 54
H125: 59 | J125: 59
H126: 63 | J126: 63
H127: 68 | J127: 68
...

Sheet Unova
K2: Victini
K3: 1 | L3: Searing Shot
K4: 1 | L4: Focus Energy
K5: 1 | L5: Confusion
K6: 1 | L6: Incinerate
K7: 1 | L7: Quick Attack
B8: #494 Victini | K8: 9 | L8: Endure
A9: Type | B9: Psychic | C9: Fire | D9: Type | G9: Type | K9: 17 | L9: Headbutt
A10: HP | C10: 100 | D10: HP | G10: HP | K10: 25 | L10: Flame Charge
A11: Attack | C11: 100 | D11: Attack | G11: Attack | K11: 33 | L11: Reversal
A12: Defence | C12: 100 | D12: Defence | G12: Defence | K12: 41 | L12: Flame Burst
A13: SpAtk | C13: 100 | D13: SpAtk | G13: SpAtk | K13: 49 | L13: Zen Headbutt
A14: SpDef | C14: 100 | D14: SpDef | G14: SpDef | K14: 57 | L14: Inferno
A15: Speed | C15: 100 | D15: Speed | G15: Speed | K15: 65 | L15: Double-edge
A16: Total | C16: =SUM(C10:C15) -> 600 | D16: Total | G16: Total | K16: 73 | L16: Flare Blitz
A17: Ability 1 | B17: Illumination (Victory Star) | D17: Ability 1 | G17: Ability 1 | K17: 81 | L17: Final Gambit
A18: Ability 2 | B18: - | D18: Ability 2 | G18: Ability 2 | K18: 89 | L18: Stored Power
A19: Ability 3 (HA) | B19: - | D19: Ability 3 (HA) | G19: Ability 3 (HA) | K19: 97 | L19: Overheat
A20: Evolution Changes | D20: Evolution Changes | G20: Evolution Changes | K20: 99 | L20: Psycho Boost
K24: Snivy | M24: Servine | O24: Serperior | Q24: Now Compatible With
K25: 1 | L25: Sweet Scent | M25: 1 | N25: Sweet Scent | O25: 1 | P25: Wrap | Q25: TM24: Thunderbolt
K26: 1 | L26: Leer | M26: 1 | N26: Leer | O26: 1 | P26: Synthesis | Q26: TM25: Thunder
K27: 1 | L27: Absorb | M27: 1 | N27: Absorb | O27: 1 | P27: Absorb | Q27: TM72: Volt Switch
K28: 4 | L28: Leech Seed | M28: 4 | N28: Leech Seed | O28: 4 | P28: Leech Seed | Q28: TM73: Thunder Wave
K29: 7 | L29: Shock Wave | M29: 7 | N29: Shock Wave | O29: 7 | P29: Shock Wave | Q29: TM93: Wild Charge
B30: #495 Snivy | E30: #496 Servine | H30: #497 Serperior | K30: 10 | L30: Mega Drain | M30: 10 | N30: Mega Drain | O30: 10 | P30: Mega Drain | Q30: TM38: Fire Blast
A31: Type | B31: Grass | D31: Type | E31: Grass | F31: Electric | G31: Type | H31: Grass | I31: Electric | K31: 13 | L31: Leaf Tornado | M31: 13 | N31: Leaf Tornado | O31: 13 | P31: Leaf Tornado | Q31: TM54: Breaking Swipe
A32: HP | B32: 5+ | C32: 50 | D32: HP | F32: 60 | G32: HP | H32: 15+ | I32: 90 | K32: 17 | L32: Gastro Acid | M32: 17 | N32: Gastro Acid | O32: 17 | P32: Gastro Acid | Q32: TM59: Incinerate
A33: Attack | C33: 45 | D33: Attack | F33: 60 | G33: Attack | I33: 75 | K33: 20 | L33: Flame Burst | M33: 20 | N33: Flame Burst | O33: 20 | P33: Flame Burst | Q33: TM32: Dazzling Gleam
A34: Defence | C34: 55 | D34: Defence | F34: 75 | G34: Defence | I34: 95 | K34: 24 | L34: Volt Switch | M34: 24 | N34: Volt Switch | O34: 24 | P34: Volt Switch | Q34: TM21: Aurora Beam
A35: SpAtk | B35: 17+ | C35: 62 | D35: SpAtk | E35: 12+ | F35: 72 | G35: SpAtk | H35: 17+ | I35: 92 | K35: 27 | L35: Giga Drain | M35: 27 | N35: Giga Drain | O35: 27 | P35: Giga Drain | Q35: TM35: Flamethrower
A36: SpDef | C36: 55 | D36: SpDef | F36: 75 | G36: SpDef | I36: 95 | K36: 30 | L36: Glare | M36: 30 | N36: Glare | O36: 30 | P36: Glare
A37: Speed | B37: 15+ | C37: 78 | D37: Speed | E37: 15+ | F37: 98 | G37: Speed | H37: 10+ | I37: 123 | K37: 33 | L37: Twister | M37: 33 | N37: Twister | O37: 33 | P37: Twister
A38: Total | B38: 37+ | C38: =SUM(C32:C37) -> 345 | D38: Total | E38: 27+ | F38: =SUM(F32:F37) -> 440 | G38: Total | H38: 42+ | I38: =SUM(I32:I37) -> 570 | K38: 36 | L38: Parabolic Zap | M38: 36 | N38: Parabolic Zap | O38: 36 | P38: Parabolic Zap
A39: Ability 1 | B39: Adaptability | D39: Ability 1 | E39: Adaptability | G39: Ability 1 | H39: Adaptability | K39: 39 | L39: Captivate | M39: 39 | N39: Captivate | O39: 39 | P39: Captivate
A40: Ability 2 | B40: - | D40: Ability 2 | E40: - | G40: Ability 2 | H40: - | M40: 42 | N40: Seething Cold | O40: 42 | P40: Seething Cold
A41: Ability 3 (HA) | B41: Contrary | D41: Ability 3 (HA) | E41: Contrary | G41: Ability 3 (HA) | H41: Contrary | M41: 46 | N41: Energy Ball | O41: 46 | P41: Energy Ball
A42: Evolution Changes | D42: Evolution Changes | G42: Evolution Changes | M42: 50 | N42: Thunderbolt | O42: 50 | P42: Thunderbolt
M43: 54 | N43: Swagger | O43: 54 | P43: Swagger
M44: 58 | N44: Draco Meteor | O44: 58 | P44: Draco Meteor
O45: 64 | P45: Focus Energy
O46: 67 | P46: Thunder
O47: 70 | P47: Hyper Beam
O48: 76 | P48: Leaf Storm
O49: 99 | P49: Zap Cannon
L52: \
K53: Tepig | M53: Pignite | O53: Emboar | Q53: Now Compatible With
K54: 1 | L54: Pursuit | M54: 1 | N54: Pursuit | O54: 1 | P54: Head Smash | Q54: TM05: Knock Off
K55: 1 | L55: Tail Whip | M55: 1 | N55: Tail Whip | O55: 1 | P55: Wicked Blow | Q55: TM07: Drain Punch
K56: 1 | L56: Ember | M56: 1 | N56: Ember | O56: 1 | P56: Rollout | Q56: TM54: Breaking Swipe
K57: 7 | L57: Stomp | M57: 7 | N57: Stomp | O57: 7 | P57: Stomp | Q57: TM63: Brutal Swing
K58: 10 | L58: Beat Up | M58: 10 | N58: Beat Up | O58: 10 | P58: Beat Up | Q58: TM87: Rock Climb
B59: #498 Tepig | E59: #499 Pignite | H59: #500 Emboar | K59: 13 | L59: Temper Flare | M59: 13 | N59: Temper Flare | O59: 13 | P59: Temper Flare
A60: Type | B60: Fire | D60: Type | E60: Fire | F60: Dark | G60: Type | H60: Fire | I60: Dark | K60: 17 | L60: Scary Face | M60: 17 | N60: Scary Face | O60: 17 | P60: Scary Face
A61: HP | C61: 65 | D61: HP | F61: 90 | G61: HP | I61: 110 | K61: 20 | L61: Revenge | M61: 20 | N61: Revenge | O61: 20 | P61: Revenge
A62: Attack | B62: 11+ | C62: 74 | D62: Attack | F62: 93 | G62: Attack | I62: 123 | K62: 22 | L62: Stompin Tantrum | M62: 22 | N62: Stompin Tantrum | O62: 22 | P62: Stompin Tantrum
A63: Defence | B63: 13+ | C63: 58 | D63: Defence | E63: 11+ | F63: 66 | G63: Defence | H63: 20+ | I63: 85 | K63: 25 | L63: Taunt | M63: 25 | N63: Taunt | O63: 25 | P63: Taunt
A64: SpAtk | C64: 45 | D64: SpAtk | F64: 70 | G64: SpAtk | H64: 8- | I64: 92 | K64: 29 | L64: Fake Out | M64: 29 | N64: Fake Out | O64: 29 | P64: Fake Out
A65: SpDef | B65: 13+ | C65: 58 | D65: SpDef | E65: 11+ | F65: 66 | G65: SpDef | H65: 20+ | I65: 85 | K65: 33 | L65: Crunch | M65: 33 | N65: Crunch | O65: 33 | P65: Crunch
A66: Speed | C66: 45 | D66: Speed | F66: 55 | G66: Speed | H66: 10+ | I66: 75 | K66: 36 | L66: Heat Crash | M66: 36 | N66: Heat Crash | O66: 36 | P66: Heat Crash
A67: Total | B67: 37+ | C67: =SUM(C61:C66) -> 345 | D67: Total | E67: 22+ | F67: =SUM(F61:F66) -> 440 | G67: Total | H67: 42+ | I67: =SUM(I61:I66) -> 570 | K67: 39 | L67: High Horsepower | M67: 39 | N67: High Horsepower | O67: 39 | P67: High Horsepower
A68: Ability 1 | B68: Intimidate | D68: Ability 1 | E68: Intimidate | G68: Ability 1 | H68: Intimidate | K68: 42 | L68: Hammer Arm | M68: 42 | N68: Hammer Arm | O68: 42 | P68: Hammer Arm
A69: Ability 2 | B69: - | D69: Ability 2 | E69: - | G69: Ability 2 | H69: - | M69: 45 | N69: Defense Curl | O69: 45 | P69: Defense Curl
A70: Ability 3 (HA) | B70: Sheer Force | D70: Ability 3 (HA) | E70: Sheer Force | G70: Ability 3 (HA) | H70: Sheer Force | M70: 47 | N70: Sucker Punch | O70: 47 | P70: Sucker Punch
A71: Evolution Changes | D71: Evolution Changes | G71: Evolution Changes | M71: 52 | N71: Fire Lash | O71: 52 | P71: Fire Lash
O72: 56 | P72: Payback
O73: 60 | P73: Close Combat
O74: 63 | P74: Slack Off
O75: 67 | P75: Flare Blitz
O76: 70 | P76: Parting Shot
O77: 75 | P77: Bulk Up
O78: 99 | P78: Blast Burn
K82: Oshawott | M82: Dewott | O82: Samurott | Q82: Now Compatible With
K83: 1 | L83: Harden | M83: 1 | N83: Harden | O83: 1 | P83: Clamp | Q83: TM47: Low Sweep
K84: 1 | L84: Tackle | M84: 1 | N84: Tackle | O84: 1 | P84: Circle Throw | Q84: TM60: Wave Crash
K85: 5 | L85: Barrage | M85: 5 | N85: Barrage | O85: 1 | P85: Counter | Q85: TM07: Drain Punch
K86: 7 | L86: Rock Smash | M86: 7 | N86: Rock Smash | O86: 7 | P86: Rock Smash | Q86: TM54: Breaking Swipe
K87: 9 | L87: Aqua Jet | M87: 9 | N87: Aqua Jet | O87: 9 | P87: Aqua Jet | Q87: TM63: Brutal Swing
B88: #501 Oshawott | E88: #502 Dewott | H88: #503 Samurott | K88: 11 | L88: Counter | M88: 11 | N88: Counter | O88: 11 | P88: Counter | Q88: TM31: Brick Break
A89: Type | B89: Water | D89: Type | E89: Water | F89: Fighting | G89: Type | H89: Water | I89: Fighting | K89: 13 | L89: Razor Shell | M89: 13 | N89: Razor Shell | O89: 13 | P89: Razor Shell | Q89: TM26: Earthquake
A90: HP | B90: 10+ | C90: 65 | D90: HP | E90: 10+ | F90: 85 | G90: HP | H90: 10+ | I90: 105 | K90: 17 | L90: Revenge | M90: 17 | N90: Revenge | O90: 17 | P90: Revenge | Q90: TM87: Rock Climb
A91: Attack | B91: 15+ | C91: 70 | D91: Attack | E91: 17+ | F91: 92 | G91: Attack | H91: 25+ | I91: 125 | K91: 20 | L91: Detect | M91: 20 | N91: Detect | O91: 20 | P91: Detect
A92: Defence | B92: 6+ | C92: 51 | D92: Defence | F92: 60 | G92: Defence | I92: 85 | K92: 22 | L92: Double Kick | M92: 22 | N92: Double Kick | O92: 22 | P92: Double Kick
A93: SpAtk | B93: 10- | C93: 53 | D93: SpAtk | E93: 10- | F93: 73 | G93: SpAtk | H93: 20- | I93: 88 | K93: 25 | L93: Encore | M93: 25 | N93: Encore | O93: 25 | P93: Encore
A94: SpDef | B94: 6+ | C94: 51 | D94: SpDef | F94: 60 | G94: SpDef | I94: 70 | K94: 29 | L94: Slash | M94: 29 | N94: Slash | O94: 29 | P94: Slash
A95: Speed | B95: 10+ | C95: 55 | D95: Speed | E95: 10+ | F95: 70 | G95: Speed | H95: 27+ | I95: 97 | K95: 29 | L95: Night Slash | M95: 29 | N95: Night Slash | O95: 29 | P95: Night Slash
A96: Total | B96: 37+ | C96: =SUM(C90:C95) -> 345 | D96: Total | E96: 27+ | F96: =SUM(F90:F95) -> 440 | G96: Total | H96: 42+ | I96: =SUM(I90:I95) -> 570 | K96: 33 | L96: Waterfall | M96: 33 | N96: Waterfall | O96: 33 | P96: Waterfall
A97: Ability 1 | B97: Shell Armor | D97: Ability 1 | E97: Shell Armor | G97: Ability 1 | H97: Shell Armor | K97: 36 | L97: Sacred Sword | M97: 36 | N97: Sacred Sword | O97: 36 | P97: Sacred Sword
A98: Ability 2 | B98: - | D98: Ability 2 | E98: - | G98: Ability 2 | H98: - | K98: 40 | L98: Helping Hand | M98: 40 | N98: Helping Hand | O98: 40 | P98: Helping Hand
A99: Ability 3 (HA) | B99: Defiant | D99: Ability 3 (HA) | E99: Hyper Cutter | G99: Ability 3 (HA) | H99: Hyper Cutter | K99: 44 | L99: Flip Turn | M99: 44 | N99: Flip Turn | O99: 44 | P99: Flip Turn
A100: Evolution Changes | D100: Evolution Changes | G100: Evolution Changes | M100: 47 | N100: Soak | O100: 47 | P100: Soak
M101: 52 | N101: Megahorn | O101: 52 | P101: Megahorn
M102: 56 | N102: Crabhammer | O102: 56 | P102: Crabhammer
O103: 59 | P103: Superpower
O104: 64 | P104: Swords Dance
O105: 70 | P105: Wave Crash
O106: 99 | P106: Shell Smash
K110: Patrat | M110: Watchog | Q110: Now Compatible With
K111: 1 | L111: Tackle | M111: 1 | N111: Tackle | Q111: TM47: Low Sweep
K112: 1 | L112: Leer | M112: 1 | N112: Leer | Q112: TM68: Avalanche
...

Sheet Colors
A1: Grass
A2: Water
A3: Dark
A4: Flying
A5: Normal | D5: Normal | E5: Electric | F5: Psychic | N5: Starter Choice | U5: Flocessy Gift
A6: Fire | C6: Rock
A7: Ground | C7: Ground | H7: Fighting | I7: Dark
A8: Electric
A9: Dragon
A10: Ghost | H10: Normal | I10: Steel
A11: Bug | C11: (Currents) | D11: New Grass or Bug color? | H11: Fire | I11: Rock
A12: Psychic | H12: Rock | I12: Electric | J12: Grass | K12: Dragon
A13: Fighting | H13: Psychic | I13: Ice | J13: Fairy
A14: Rock | N14: #498 Tepig | P14: #499 Pignite | R14: #500 Emboar | U14: #285 Shroomish | W14: #286 Breloom
A15: Steel | G15: Electric | H15: Flying | N15: Fire | P15: Fire | Q15: Dark | R15: Fire | S15: Dark | U15: Grass | W15: Grass | X15: Fighting
A16: Ice | D16: Poison | E16: Dragon | F16: Flying | O16: 65 | Q16: 90 | R16: 10+ | S16: 120 | V16: 60 | X16: 60
A17: Flying | N17: 11+ | O17: 74 | Q17: 93 | S17: 123 | U17: 20+ | V17: 60 | X17: 130
A18: Poison | H18: Fairy | I18: Poison | N18: 8+ | O18: 53 | P18: 11+ | Q18: 66 | R18: 15+ | S18: 80 | V18: 60 | W18: 20+ | X18: 100
A19: Fairy | E19: Ice | N19: 10- | O19: 35 | P19: 20- | Q19: 50 | R19: 28- | S19: 72 | U19: 20+ | V19: 60 | X19: 60
N20: 8+ | O20: 53 | P20: 11+ | Q20: 66 | R20: 15+ | S20: 80 | V20: 60 | W20: 10+ | X20: 70
E21: Ice | O21: 45 | Q21: 55 | S21: 65 | U21: 25+ | V21: 60 | X21: 70
D22: Rock | E22: Fairy | H22: Fairy | N22: 17+ | O22: =SUM(O16:O21) -> 325 | P22: 2+ | Q22: =SUM(Q16:Q21) -> 420 | R22: 12+ | S22: =SUM(S16:S21) -> 540 | U22: 55+ | V22: =SUM(V16:V21) -> 360 | W22: 30+ | X22: =SUM(X16:X21) -> 490
B23: Grass | C23: Fighting | D23: Water | N23: Intimidate | P23: Intimidate | R23: Intimidate | U23: Effect Spore | W23: Technician
A24: Normal | B24: Ghost | C24: Grass | N24: - | P24: - | R24: - | U24: Poison Heal | W24: Poison Heal
N25: Sheer Force | P25: Sheer Force | R25: Determined (Rock Head) | U25: Effect Spore | W25: Technician
E26: Rock
C28: Water
F29: Ice | G29: Electric
C30: Grass
C31: Ice
B32: Rock | C32: Fire
N34: #495 Snivy | P34: #496 Servine | R34: #497 Serperior | U34: #278 Wingull | W34: #279 Pelipper
N35: Grass | P35: Grass | Q35: Electric | R35: Grass | S35: Electric | U35: Water | V35: Flying | W35: Water | X35: Flying
N36: 3+ | O36: 50 | Q36: 60 | R36: 15+ | S36: 90 | U36: 20+ | V36: 60 | W36: 10+ | X36: 70
D37: Rock | N37: 20- | O37: 25 | P37: 25- | Q37: 35 | R37: 25- | S37: 50 | V37: 30 | X37: 50
D38: Rock | O38: 55 | Q38: 75 | S38: 95 | U38: 35+ | V38: 65 | W38: 10+ | X38: 110
N39: 22+ | O39: 67 | P39: 17+ | Q39: 77 | R39: 17+ | S39: 92 | U39: 20+ | V39: 75 | W39: 20+ | X39: 95
O40: 55 | Q40: 75 | S40: 95 | U40: 15+ | V40: 45 | W40: 20+ | X40: 90
N41: 10+ | O41: 73 | P41: 15+ | Q41: 98 | R41: 5+ | S41: 118 | V41: 85 | W41: 20+ | X41: 85
N42: 17+ | O42: =SUM(O36:O41) -> 325 | P42: 7+ | Q42: =SUM(Q36:Q41) -> 420 | R42: 12+ | S42: =SUM(S36:S41) -> 540 | U42: 90+ | V42: =SUM(V36:V41) -> 360 | W42: 80+ | X42: =SUM(X36:X41) -> 500
N43: Adaptability | P43: Adaptability | R43: Adaptability | U43: Marvel Scale | W43: Marvel Scale
N44: - | P44: - | R44: - | U44: Rain Dish | W44: Friend Guard
N45: Contrary | P45: Contrary | R45: Contrary | U45: Drizzle (AI Only) | W45: Drizzle (AI Only)
N54: #501 Oshawott | P54: #502 Dewott | R54: #503 Samurott | U54: #322 Numel | W54: #323 Camerupt
N55: Water | P55: Water | Q55: Fighting | R55: Water | S55: Fighting | U55: Fire | V55: Ground | W55: Fire | X55: Ground
N56: 10+ | O56: 65 | P56: 10+ | Q56: 85 | R56: 10+ | S56: 105 | U56: 60+ | V56: 120 | W56: 60+ | X56: 130
N57: 15+ | O57: 70 | P57: 17+ | Q57: 92 | R57: 25+ | S57: 125 | V57: 60 | X57: 100
N58: 6+ | O58: 51 | Q58: 60 | S58: 85 | V58: 40 | X58: 70
N59: 30- | O59: 33 | P59: 30- | Q59: 53 | R59: 45- | S59: 63 | V59: 65 | X59: 105
N60: 6+ | O60: 51 | Q60: 60 | S60: 70 | V60: 45 | X60: 75
N61: 10+ | O61: 55 | P61: 10+ | Q61: 70 | R61: 22+ | S61: 92 | U61: 5- | V61: 30 | W61: 10- | X61: 30
N62: 17+ | O62: =SUM(O56:O61) -> 325 | P62: 7+ | Q62: =SUM(Q56:Q61) -> 420 | R62: 12+ | S62: =SUM(S56:S61) -> 540 | U62: 55+ | V62: =SUM(V56:V61) -> 360 | W62: 50+ | X62: =SUM(X56:X61) -> 510
N63: Shell Armor | P63: Shell Armor | R63: Shell Armor | U63: Sheer Force | W63: Sheer Force
N64: - | P64: - | R64: - | U64: Resilient (Shield Dust) | W64: Resilient (Shield Dust)
N65: Defiant | P65: Defiant | R65: Defiant | U65: Solid Rock | W65: Solid Rock
C92: #306 Aggron | E92: #306 Aggron
C93: Steel | D93: Dragon | E93: Steel | F93: Dragon
D94: 70 | F94: 70
D95: 110 | F95: 110
C96: 35- | D96: 145 | E96: 35- | F96: 72
C97: 35+ | D97: 105 | E97: 35+ | F97: 105
C98: 30+ | D98: 90 | E98: 30+ | F98: 90
C99: 30+ | D99: 80 | E99: 30+ | F99: 120 | H99: L
C100: 70+ | D100: =SUM(D94:D99) -> 600 | E100: 70+ | F100: =SUM(F94:F99) -> 567
C101: Determined (Rock Head) | E101: Light Metal
C102: Filter
C103: Determined (Rock Head)
C104: Level 50 | E104: Level 50

Sheet Redesign Ideas
B2: New Forms
H7: Pinsir | N7: Now Compatible With
H8: 1 | I8: Rock Throw | N8: TM62: Acrobatics
H9: 1 | I9: Quick Attack | N9: TM76: Struggle Bug
H10: 7 | I10: Bug Bite | N10: TM84: Poison Jab
H11: 10 | I11: Stomp | N11: TM47: Low Sweep
H12: 13 | I12: Harden | N12: TM77: Bug Buzz
B13: #127 Pinsir | D13: #477 Dusknoir | H13: 17 | I13: Storm Throw
A14: Type | B14: Bug | D14: Ghost | E14: Fighting | H14: 22 | I14: Scary Face
A15: HP | C15: 65 | D15: 30+ | E15: 75 | H15: 25 | I15: Skitter Smack
A16: Attack | C16: 125 | D16: 10+ | E16: 110 | H16: 28 | I16: Thrash
A17: Defence | B17: 20+ | C17: 120 | E17: 135 | H17: 32 | I17: Dig
A18: SpAtk | C18: 55 | E18: 65 | H18: 35 | I18: Block
A19: SpDef | B19: 30+ | C19: 100 | E19: 135 | H19: 37 | I19: Rage
A20: Speed | C20: 85 | E20: 45 | H20: 40 | I20: Lunge
A21: Total | B21: 50+ | C21: =SUM(C15:C20) -> 550 | D21: 40+ | E21: =SUM(E15:E20) -> 565 | H21: 43 | I21: Iron Defense
A22: Ability 1 | B22: Mold Breaker | D22: Patient (Analytic) | H22: 48 | I22: Close Combat
A23: Ability 2 | B23: Hustle | D23: Forewarn | H23: 51 | I23: High Horsepower
A24: Ability 3 (HA) | B24: Sturdy | D24: - | H24: 56 | I24: Flail
A25: Evolution Changes | D25: Level 60 | H25: 62 | I25: Guillotine
H26: 65 | I26: Megahorn
H27: 71 | I27: Headlong Rush
H28: 79 | I28: Swords Dance
H34: Dwebble | J34: Crustle | N34: Now Compatible With
H35: 1 | I35: Harden | J35: 1 | K35: Accelerock | N35: TM54: Breaking Swipe
H36: 1 | I36: Accelerock | J36: 1 | K36: Clamp | N36: TM68: Avalanche
H37: 5 | I37: Bug Bite | J37: 5 | K37: Bug Bite | N37: TM89: U-Turn
H38: 7 | I38: Smack Down | J38: 7 | K38: Smack Down
H39: 11 | I39: Faint Attack | J39: 11 | K39: Faint Attack
B40: #557 Dwebble | D40: #558 Crustle | H40: 14 | I40: Rock Tomb | J40: 14 | K40: Rock Tomb
A41: Type | B41: Bug | C41: Ground | D41: Bug | E41: Ground | H41: 17 | I41: Rock Polish | J41: 17 | K41: Rock Polish
A42: HP | C42: 50 | E42: 70 | H42: 19 | I42: X-Scissor | J42: 19 | K42: X-Scissor
A43: Attack | B43: 10+ | C43: 75 | D43: 10+ | E43: 105 | H43: 22 | I43: Body Press | J43: 22 | K43: Body Press
A44: Defence | B44: 20+ | C44: 105 | D44: 20+ | E44: 145 | H44: 25 | I44: Razor Shell | J44: 25 | K44: Razor Shell
A45: SpAtk | C45: 35 | E45: 65 | H45: 27 | I45: Rock Slide | J45: 27 | K45: Rock Slide
A46: SpDef | B46: 10+ | C46: 45 | E46: 75 | H46: 32 | I46: Drill Run | J46: 32 | K46: Drill Run
A47: Speed | C47: 55 | E47: 45 | H47: 35 | I47: Lunge | J47: 35 | K47: Lunge
A48: Total | B48: 40+ | C48: =SUM(C42:C47) -> 365 | D48: 10+ | E48: =SUM(E42:E47) -> 505 | H48: 39 | I48: Tickle | J48: 39 | K48: Tickle
A49: Ability 1 | B49: Sturdy | D49: Sturdy | H49: 43 | I49: Heavy Slam | J49: 43 | K49: Heavy Slam
A50: Ability 2 | B50: Shell Armor | D50: Shell Armor | H50: 46 | I50: Stone Edge | J50: 46 | K50: Stone Edge
A51: Ability 3 (HA) | B51: Shed Skin | D51: Shed Skin | H51: 49 | I51: Counter | J51: 49 | K51: Counter
A52: Evolution Changes | D52: Level 28 | H52: 53 | I52: Crabhammer | J52: 53 | K52: Crabhammer
H53: 57 | I53: Reversal | J53: 57 | K53: Reversal
H54: 70 | I54: Shell Smash | J54: 62 | K54: Rock Wrecker
J55: 70 | K55: Shell Smash
H59: Wailmer | J59: Wailord | N59: Now Compatible With
H60: 1 | I60: Growl | J60: 1 | K60: Explosion | N60: TM60: Wave Crash
H61: 1 | I61: Water Gun | J61: 1 | K61: Whirlpool | N61: TM18: Scorching Sands
H62: 8 | I62: Stomp | J62: 8 | K62: Stomp | N62: TM56: Weather Ball
H63: 11 | I63: Chilling Water | J63: 11 | K63: Chilling Water
H64: 15 | I64: Astonish | J64: 15 | K64: Astonish
B65: #320 Wailmer | D65: #321 Wailord | H65: 20 | I65: Brine | J65: 20 | K65: Brine
A66: Type | B66: Water | D66: Water | H66: 23 | I66: Amnesia | J66: 23 | K66: Amnesia
A67: HP | C67: 130 | E67: 170 | H67: 26 | I67: Body Slam | J67: 26 | K67: Body Slam
A68: Attack | C68: 70 | E68: 90 | H68: 30 | I68: Rest | J68: 30 | K68: Rest
A69: Defence | B69: 35+ | C69: 70 | D69: 25+ | E69: 70 | H69: 30 | I69: Snore | J69: 30 | K69: Snore
A70: SpAtk | C70: 70 | D70: 80+ | E70: 160 | H70: 34 | I70: Surf | J70: 34 | K70: Surf
A71: SpDef | B71: 35+ | C71: 70 | D71: 75+ | E71: 120 | H71: 39 | I71: Water Spout | J71: 39 | K71: Water Spout
A72: Speed | C72: 60 | E72: 60 | H72: 44 | I72: Sleep Talk | J72: 44 | K72: Sleep Talk
A73: Total | B73: 70+ | C73: =SUM(C67:C72) -> 470 | D73: 180+ | E73: =SUM(E67:E72) -> 670 | H73: 49 | I73: Heavy Slam | J73: 49 | K73: Heavy Slam
A74: Ability 1 | B74: Moisturize | D74: Truant | H74: 55 | I74: Giga Impact | J74: 55 | K74: Giga Impact
A75: Ability 2 | B75: - | D75: - | H75: 60 | I75: Soak | J75: 60 | K75: Soak
A76: Ability 3 (HA) | B76: - | D76: - | H76: 65 | I76: Hydro Pump | J76: 65 | K76: Hydro Pump
A77: Evolution Changes | J77: 80 | K77: Hydro Cannon
H82: Lunatone | J82: Lunatone | N82: Now Compatible With
H83: 1 | I83: Imprison | J83: 1 | K83: Imprison | N83: TM46: Mystical Fire
H84: 1 | I84: Sand Tomb | J84: 1 | K84: Sand Tomb | N84: TM64: Teleport
H85: 1 | I85: Ally Switch | J85: 1 | K85: Ally Switch | N85: TM57: Weather Ball
H86: 1 | I86: Teleport | J86: 1 | K86: Teleport | N86: TM66: Power Gem
H87: 1 | I87: Cosmic Power | J87: 1 | K87: Cosmic Power
B88: #337 Lunatone | D88: #337 Lunatone | H88: 6 | I88: Sparkle | J88: 6 | K88: Sparkle
A89: Type | B89: Rock | C89: Ghost | D89: Rock | E89: Fairy | H89: 10 | I89: Hypnosis | J89: 10 | K89: Hypnosis
A90: HP | B90: 20+ | C90: 90 | D90: 20+ | E90: 90 | H90: 13 | I90: Stored Power | J90: 13 | K90: Stored Power
A91: Attack | C91: 55 | E91: 55 | H91: 17 | I91: Rock Polish | J91: 17 | K91: Rock Polish
A92: Defence | B92: 20+ | C92: 85 | D92: 15+ | E92: 80 | H92: 20 | I92: Scorching Sands | J92: 20 | K92: Scorching Sands
A93: SpAtk | B93: 10+ | C93: 105 | D93: 10+ | E93: 105 | H93: 25 | I93: Hex | J93: 25 | K93: Hex
A94: SpDef | B94: 25+ | C94: 110 | D94: 30+ | E94: 115 | H94: 30 | I94: Power Gem | J94: 30 | K94: Power Gem
A95: Speed | C95: 70 | E95: 70 | H95: 34 | I95: Ominous Wind | J95: 34 | K95: Fairy Wind
A96: Total | B96: 75+ | C96: =SUM(C90:C95) -> 515 | D96: 75+ | E96: =SUM(E90:E95) -> 515 | H96: 37 | I96: Moonlight | J96: 37 | K96: Moonlight
A97: Ability 1 | B97: Levitate | D97: Levitate | H97: 42 | I97: Magic Coat | J97: 42 | K97: Magic Coat
A98: Ability 2 | B98: Solid Rock | D98: Solid Rock | H98: 46 | I98: Ancient Power | J98: 46 | K98: Ancient Power
A99: Ability 3 (HA) | B99: Magic Bounce | D99: Magic Bounce | H99: 50 | I99: Dream Eater | J99: 50 | K99: Dream Eater
A100: Evolution Changes | H100: 53 | I100: Moonblast | J100: 53 | K100: Ice Beam
H101: 57 | I101: Ally Switch | J101: 57 | K101: Ally Switch
H102: 60 | I102: Diamond Storm | J102: 60 | K102: Diamond Storm
H103: 64 | I103: Nightmare | J103: 64 | K103: Moonblast
H104: 70 | I104: Starburst | J104: 70 | K104: Starburst
H105: 75 | I105: Meteor Beam | J105: 75 | K105: Meteor Beam
H111: Clamperl | J111: Huntail | L111: Gorebyss | N111: Now Compatible With
H112: 1 | I112: Aqua Ring | J112: 1 | K112: Coil | L112: 1 | M112: Coil | N112: TM05: Knock Off
H113: 1 | I113: Water Gun | J113: 1 | K113: Wrap | L113: 1 | M113: Wrap | N113: TM62: Acrobatics
H114: 1 | I114: Iron Defense | J114: 1 | K114: Bite | L114: 1 | M114: Poison Tail | N114: TM09: Venoshock
H115: 10 | I115: Water Pulse | J115: 4 | K115: Aqua Jet | L115: 4 | M115: Aqua Jet | N115: TM60: Wave Crash
H116: 16 | I116: Muddy Water | J116: 8 | K116: Scary Face | L116: 8 | M116: Captivate
B117: #366 Clamperl | D117: #367 Huntail | F117: #368 Gorebyss | H117: 21 | I117: Aurora Beam | J117: 11 | K117: Barrage | L117: 11 | M117: Poison Fang | N117: For Just Gorebyss
A118: Type | B118: Water | D118: Electric | E118: Dragon | F118: Poison | G118: Dragon | H118: 25 | I118: Protect | J118: 16 | K118: Leech Life | L118: 16 | M118: Leech Life | N118: Tutor: Gunk Shot
A119: HP | B119: 20+ | C119: 55 | E119: 55 | G119: 55 | H119: 29 | I119: Rest | J119: 20 | K119: Hypnosis | L119: 20 | M119: Lovely Kiss | N119: TM93: Wild Charge
A120: Attack | C120: 64 | D120: 10+ | E120: 114 | G120: 84 | H120: 29 | I120: Sleep Talk | J120: 25 | K120: Beat Up | L120: 25 | M120: Barb Barrage | N120: TM45: Lunge
A121: Defence | B121: 20+ | C121: 105 | E121: 105 | G121: 75 | H121: 29 | I121: Snore | J121: 30 | K121: Ice Fang | L121: 30 | M121: Slash | N121: TM34: Sludge Wave
A122: SpAtk | B122: 10+ | C122: 84 | E122: 94 | G122: 114 | H122: 85 | I122: Shell Smash | J122: 30 | K122: Thunder Fang | L122: 30 | M122: Night Slash | N122: TM36: Sludge Bomb
...

Sheet Type Changes
B2: Typing Changes
B4: The following Pokemon have had their typing's changed to create a fresh and unique metagame for both players and enemies in Cascade White.
B5: My priority for each change was in making mechanically interesting tools to play with, with less (but not 0) consideration for theming or flavor.
B8: Pokémon | C8: Old Typing | F8: New Typing
B9: Charmeleon | C9: Fire | F9: Fire | G9: Dragon
B10: Charizard | C10: Fire | D10: Flying | F10: Fire | G10: Dragon
B12: Wartortle | C12: Water | F12: Water | G12: Steel
B13: Blastoise | C13: Water | F13: Water | G13: Steel
B15: Pidgey | C15: Normal | D15: Flying | F15: Flying
B16: Pidgeotto | C16: Normal | D16: Flying | F16: Flying
B17: Pidgeot | C17: Normal | D17: Flying | F17: Flying
B19: Spearow | C19: Normal | D19: Flying | F19: Dark | G19: Flying
B20: Fearow | C20: Normal | D20: Flying | F20: Dark | G20: Flying
B22: Ekans | C22: Poison | F22: Poison | G22: Dragon
B23: Arbok | C23: Poison | F23: Poison | G23: Dragon
B25: Raichu | C25: Electric | F25: Electric | G25: Ground
B27: Vulpix | C27: Fire | F27: Fire | G27: Fairy
B28: Ninetales | C28: Fire | F28: Fire | G28: Fairy
B30: Igglybuff | C30: Normal | D30: Fairy | F30: Fairy | G30: Flying
B31: Jigglypuff | C31: Normal | D31: Fairy | F31: Fairy | G31: Flying
B32: Wigglytuff | C32: Normal | D32: Fairy | F32: Fairy | G32: Flying
B34: Oddish | C34: Grass | D34: Poison | F34: Fairy | G34: Poison
B35: Gloom | C35: Grass | D35: Poison | F35: Fairy | G35: Poison
B36: Vileplume | C36: Grass | D36: Poison | F36: Fairy | G36: Poison
B38: Paras | C38: Bug | D38: Grass | F38: Bug | G38: Ghost
B39: Parasect | C39: Bug | D39: Grass | F39: Bug | G39: Ghost
B41: Venonat | C41: Bug | D41: Poison | F41: Bug | G41: Psychic
B42: Venomoth | C42: Bug | D42: Poison | F42: Bug | G42: Psychic
B44: Diglett | C44: Ground | F44: Ground | G44: Fairy
B45: Dugtrio | C45: Ground | F45: Ground | G45: Fairy
B47: Meowth | C47: Normal | F47: Normal | G47: Steel
B48: Persian | C48: Normal | F48: Normal | G48: Steel
B50: Psyduck | C50: Water | F50: Water | G50: Psychic
B51: Golduck | C51: Water | F51: Water | G51: Psychic
B53: Growlithe | C53: Fire | F53: Fire | G53: Normal
B54: Arcanine | C54: Fire | F54: Fire | G54: Normal
B56: Poliwhirl | C56: Water | F56: Water | G56: Fighting
B58: Politoed | C58: Water | F58: Water | G58: Normal
B60: Rapidash | C60: Fire | F60: Fire | G60: Fairy
B62: Farfetch'd | C62: Normal | D62: Flying | F62: Flying | G62: Fighting
B64: Doduo | C64: Normal | D64: Flying | F64: Flying | G64: Ground
B65: Dodrio | C65: Normal | D65: Flying | F65: Flying | G65: Ground
B67: Drowzee | C67: Psychic | F67: Psychic | G67: Poison
B68: Hypno | C68: Psychic | F68: Psychic | G68: Poison
B70: Krabby | C70: Water | F70: Water | G70: Bug
B71: Kingler | C71: Water | F71: Water | G71: Bug
B73: Voltorb | C73: Electric | F73: Electric | G73: Steel
B74: Electrode | C74: Electric | F74: Electric | G74: Steel
B76: Marowak | C76: Ground | F76: Ground | G76: Ghost
B78: Koffing | C78: Poison | F78: Poison | G78: Fire
B79: Weezing | C79: Poison | F79: Poison | G79: Fire
B81: Kangaskhan | C81: Normal | F81: Normal | G81: Dragon
B83: Staryu | C83: Water | F83: Water | G83: Psychic
B85: Horsea | C85: Water | F85: Water | G85: Dragon
... B94: Magmortar | C94: Fire | F94: Fire | G94: Poison
B96: Lapras | C96: Water | D96: Ice | F96: Ice | G96: Dragon
B98: Porygon | C98: Normal | F98: Normal | G98: Electric
B99: Porygon2 | C99: Normal | F99: Normal | G99: Electric
B100: Porygon-Z | C100: Normal | F100: Normal | G100: Electric
B102: Bayleef | C102: Grass | F102: Grass | G102: Fairy
B103: Meganium | C103: Grass | F103: Grass | G103: Fairy
B105: Quilava | C105: Fire | F105: Fire | G105: Ground
B106: Typhlosion | C106: Fire | F106: Fire | G106: Ground
B108: Croconaw | C108: Water | F108: Water | G108: Dragon
B109: Feraligatr | C109: Water | F109: Water | G109: Dragon
B111: Hoothoot | C111: Normal | D111: Flying | F111: Ghost | G111: Flying
B112: Noctowl | C112: Normal | D112: Flying | F112: Ghost | G112: Flying
B114: Ledyba | C114: Bug | D114: Flying | F114: Bug | G114: Fighting
B115: Ledian | C115: Bug | D115: Flying | F115: Bug | G115: Fighting
B117: Spinarak | C117: Bug | D117: Poison | F117: Bug | G117: Dark
B118: Ariados | C118: Bug | D118: Poison | F118: Bug | G118: Dark
B120: Mareep | C120: Electric | F120: Electric | G120: Dragon
B121: Flaaffy | C121: Electric | F121: Electric | G121: Dragon
B122: Ampharos | C122: Electric | F122: Electric | G122: Dragon
B124: Bellossom | C124: Grass | F124: Fairy | G124: Grass
B126: Bonsly | C126: Rock | F126: Rock | G126: Grass
B127: Sudowoodo | C127: Rock | F127: Rock | G127: Grass
B129: Sunflora | C129: Grass | F129: Grass | G129: Fire
B131: Misdreavus | C131: Ghost | F131: Ghost | G131: Fairy
B132: Mismagius | C132: Ghost | F132: Ghost | G132: Fairy
B134: Unown | C134: Psychic | F134: Psychic | G134: Ghost
B136: Girafarig | C136: Normal | D136: Psychic | F136: Fairy | G136: Dark
B138: Dunsparce | C138: Normal | F138: Fairy | G138: Ground
B140: Snubbull | C140: Fairy | F140: Fairy | G140: Fighting
B141: Granbull | C141: Fairy | F141: Fairy | G141: Fighting
B143: Teddiursa | C143: Normal | F143: Normal | G143: Ground
B144: Ursaring | C144: Normal | F144: Normal | G144: Ground
B146: Corsola | C146: Water | D146: Rock | F146: Poison | G146: Rock
B148: Octillery | C148: Water | F148: Water | G148: Fire
B150: Delibird | C150: Ice | D150: Flying | F150: Ice | G150: Fairy
B152: Stantler | C152: Normal | F152: Normal | G152: Ghost
B154: Grovyle | C154: Grass | F154: Grass | G154: Dragon
B155: Sceptile | C155: Grass | F155: Grass | G155: Dragon
B157: Combusken | C157: Fire | D157: Fighting | F157: Fire | G157: Flying
B158: Blaziken | C158: Fire | D158: Fighting | F158: Fire | G158: Flying
B160: Silcoon | C160: Bug | F160: Bug | G160: Fairy
B161: Beautifly | C161: Bug | D161: Flying | F161: Bug | G161: Fairy
B163: Masquerain | C163: Bug | D163: Flying | F163: Bug | G163: Water
B165: Skitty | C165: Normal | F165: Normal | G165: Fairy
B166: Delcatty | C166: Normal | F166: Normal | G166: Fairy
...

Sheet Move Changes
B2: Move Changes
B4: The following moves have been adjusted to cultivate a fresh and exciting metagame for Cascade White.
B8: Trapping Moves | F8: Auto-Crit Moves | J8: Status Moves
B10: Move | C10: Changes | F10: Move | G10: Changes | J10: Move | K10: Changes
B11: Horn Drill | C11: OHKO > Trapping, 80% Accuracy | F11: Storm Throw | G11: 40 BP > 45 BP, 100% Accurate | J11: Meditate | K11: Also Boosts Special Defense
C12: 0BP > 100 BP, Normal > Rock Typing | F12: Frost Breath | G12: 40 BP > 45 BP, 100% Accurate | J12: Focus Energy | K12: Now raises Defense and Special Attack
B13: Fissure | C13: OHKO > Trapping, 80% Accuracy | F13: Pay Day | G13: Unique Effect > Autocrit. Steel type. Special! | J13: Spit Up | K13: 120 BP, Special, Poison Type, All adjacent
C14: 0BP > 120 BP | F14: Octazooka | G14: 65 BP > 45 BP, Autocrit | K14: Consumes berry to use!
B15: Guillotine | C15: OHKO > Trapping, 80% Accuracy | F15: Cross Poison | G15: 70 BP > 45 BP, Autocrit | J15: Swallow | K15: 50% heal and cures status. Consumes berry
C16: 0BP > 120 BP, Normal > Steel Typing | F16: Slash | G16: 70 BP > 45 BP, Autocrit | J16: Stockpile | K16: Priority. +1 Defense and Special Defense
B17: Imprison & Nightmare | C17: Status > Trapping, 80% Accuracy | F17: Night Slash | G17: 70 BP > 35 BP, Autocrit | K17: Consumes berry to use!
C18: 0BP > 100 BP, Special Attack | F18: Air Cutter | G18: 60 BP > 35 BP, Autocrit | J18: Captivate | K18: No Gender Restriction, Single Target
B19: Fire Spin, Whirlpool, Clamp, Bind | C19: 35 BP > 100 BP | F19: Explosion | G19: Autocrit | J19: Sleep Talk | K19: Won't select Rest.
F20: Self-Destruct | G20: Autocrit, 250 BP, Special | J20: Sweet Scent | K20: Also lowers Def and SpDef one stage
J21: Grasswhistle | K21: All Adjacent Opponents
B22: Wrap | C22: 15 BP > 100 BP, Normal > Poison Type | J22: Worry Seed | K22: All Adjacent Opponents
B23: Sand Tomb | C23: 35 BP > 100 BP, Physical > Special | F23: New Drawbacks | J23: Howl | K23: Boosts Atk and Spa for self and allies
B24: Curse | C24: Now also traps the target until death. | J24: Attract | K24: Now affects Pokemon regardless of gender
B25: Mean Look | C25: Also lowers Defense and Evasion -1 | F25: Move | G25: Changes | J25: Defense Curl / Harden | K25: Blocks crits until switch out. Raises Def +1
B26: Block | C26: Also lowers Special Defense and Evasion -1 | F26: Sheer Cold | G26: Halves the damage dealt by Special moves on the next turn. | J26: Barrier | K26: Blocks crits until switch out. Raises SDef +1
F27: Overheat | J27: Teeter Dance | K27: Also raises the User's speed one stage.
F28: Leaf Storm | J28: Refresh | K28: Also heals 25% of users health.
B29: Multi-Hit Moves | F29: Draco Meteor | J29: Recycle | K29: Also heals 25% of users health.
F30: Hyper Beam | G30: Cannot be used two turns in a row. | J30: Aqua Ring | K30: Also heals 25% of users health.
B31: Move | C31: Changes | F31: Giga Impact | J31: Charge | K31: Heals 25% of health instead of SpD Boost
B32: Gear Grind | C32: 50 BP > 60 BP | G32: Negative Priority. Deals half damage if attacked before able to perform the attack. | J32: Safeguard | K32: Also applies the effects of Mist.
B33: Barrage | C33: 20 BP > 25 BP, Normal > Water | F33: Focus Punch | J33: Mist | K33: Also applies the effects of Safeguard
B34: Fury Swipes | C34: 15 BP > 25 BP, Normal > Dark | J34: Helping Hand | K34: Provides a 2x boost, up from 1.5x.
B35: Double Slap | C35: 18 BP > 40 BP, Normal > Fairy, Two hit | J35: Magic Coat | K35: Turns the user's ability to Magic Bounce.
B36: Vine Whip | C36: 45 BP > 40 BP, Two hit | F36: Omniboost Moves | J36: Gastro Acid | K36: Persists after switchout. +1 Priority
B37: Arm Thrust | C37: 18 BP > 25 BP
B38: Spike Cannon | C38: 25 BP, Normal > Steel Typing | F38: Move | G38: Changes
B39: Twineedle | C39: 25 BP > 45 BP | F39: Ancient Power | G39: 60 BP > 80 BP, 5PP > 10PP | J39: Misc Move Functionality Changes
B40: Double Kick | C40: 30 BP > 35 BP | F40: Ominous Wind | G40: 60 BP > 80 BP, 5PP > 10PP
B41: Double Hit | C41: 35 BP > 40 BP | F41: Silver Wind | G41: 60 BP > 80 BP, 5PP > 10PP | J41: Move | K41: Changes
B42: Triple Kick | C42: 20 BP > 35 BP. 95% Acc. Does not ramp. | F42: Petal Dance | G42: 120 BP > 80 BP, 10% Omniboost, no Lock-in | J42: Hidden Power | K42: Always 70 BP
B43: Tri Attack | C43: 3 hits, 33 BP, 10% chance per hit for status | F43: Fairy Wind | G43: 50 BP > 80 BP, 10% Omniboost | J43: Ingrain | K43: 0 BP > 70 BP, Physical, 95% Acc
K44: Applies Leech Seed
J45: Sky Uppercut | K45: Applies Leech Seed
B46: Accuracy Related Moves | F46: Recoil Moves | J46: Chip Away | K46: Always has neutral effectiveness.
J47: Relic Song | K47: Can hit Ghost types.
B48: Move | C48: Changes | F48: Move | G48: Changes | J48: Heat Crash | K48: 85 BP, Reduces Speed by 2 Stages
B49: Telekinesis | C49: Lowers Evasion, Works like Rapid Spin | F49: Blast Burn | G49: These 1-turn Recharge moves are now Recoil moves (1/2) that hit adjacent foes. 5 PP > 10 PP | J49: Heavy Slam | K49: 85 BP, Reduces Speed by 2 Stages
C50: 65 BP, Psychic, Special, Can't Miss, Spread | F50: Hydro Cannon | J50: Electro Ball | K50: 55 BP, Deals 2x damage if user is faster
B51: Defog | C51: Works like Rapid Spin, Lowers Evasion | F51: Frenzy Plant | J51: Gyro Ball | K51: 55 BP, Deals 2x damage if the user is slower
C52: 65 BP, Flying, Special, Can't Miss, Spread | F52: Rock Wrecker | G52: Now a recoil move (1/2), 100% accurate | J52: Skull Bash | K52: Boosts Atk and Defense while charging
B53: Faint Attack | C53: 60 BP > 70 BP | G53: These SpA Dropping attacks are now Recoil moves (1/2) that hit a single target. 5 PP > 10 PP | J53: Sky Attack | K53: Boosts Atk while charging
B54: Dizzy Punch | C54: Normal > Fairy, Can't Miss | J54: Present | K54: Has "Pollen Puff"'s effect
B55: Dig / Fly / Bounce | C55: Never Misses | F55: Psycho Boost | J55: Stored Power | K55: 50 BP. Boosted 25 BP per stat boost.
B56: Dive | C56: Never Misses, 80 BP > 100 BP | F56: Superpower | G56: -1 Atk/Def > 1/3 Recoil, 5 PP > 10 PP | J56: Torment | K56: 75 BP Special Dark Move. Applies Torment
B57: Secret Power | C57: Never Misses | F57: Night Daze | G57: 40% drop chance > Recoil (1/2) | J57: Snore | K57: 40 BP > 85 BP. Works while awake.
B58: Retaliate | C58: Never Misses, 70 BP > 75 BP | G58: 85 BP > 140 BP | J58: Natural Gift | K58: Uses updated BPs. Doesn't consume berries
B59: Aerial Ace | C59: 60 BP > 70 BP | F59: Zap Cannon | G59: Paralysis > Recoil (1/2), 100% Accuracy | K59: 80 BP Normal if no berry is held
B60: Magnet Bomb | C60: 60 BP > 70 BP | G60: 120 BP > 140 BP, | J60: Rollout | K60: 30 BP > 60 BP, Switches the user out of battle
B61: Shock Wave | C61: 60 BP > 70 BP | F61: Head Smash | G61: 150 BP > 120 BP, 1/3 Recoil, 100% accurate | J61: Metal Sound | K61: 40 BP Steel Special Move. -2 SpD on hit
B62: Swift | C62: 60 BP > 50 BP, +1 Priority | F62: Self Destruct | G62: 200 BP > 250 BP, Physical > Special | J62: Cotton Spore | K62: 55 BP Physical Grass move. -1 Speed on hit
B63: Magical Leaf | C63: 60 BP > 70 BP | F63: Outrage | G63: Locked In > Recoil (1/3)
B64: Petal Blizzard | C64: Never Misses, 80 BP > 100 BP | F64: Head Charge | G64: 120 BP > 130 BP, 10% confuse chance
B65: Water Pulse | C65: Never Misses | F65: Double-Edge | G65: Single Target > Spread | J65: Status Boosted Moves
B66: X-Scissor | C66: Never Misses | F66: Wild Charge | G66: 90 BP > 100 BP, Single Target > Spread
B67: Psycho Cut | C67: Never Misses | J67: Move | K67: Changes
B68: Vital Throw | C68: No more negative priority | J68: Hex | K68: 50 BP > 65 BP, 20% Paralysis Chance
B69: Sacred Sword | C69: Never Misses, Hits Ghost Types | F69: Failure-Boosted Moves | J69: Venoshock | K69: 30% Poison Chance
B70: Scary Face | C70: Never Misses. +1 Priority. Also Lowers evasion -2 | K70: Unique Effect > 2x damage if target statused
B71: Double Team | C71: Now also boosts Speed one stage. | F71: Move | G71: Changes | J71: Beat Up | K71: 65 BP, 20% Para Chance, Punch Move
B72: Acid Armor | C72: Also raises Evasion one stage. | F72: Thrash | G72: Has "Temper Flare"'s effect. 75 BP, Dark | J72: Bitter Malice | K72: 75 BP > 65 BP, Ghost > Ice, Status Boosted
F73: Uproar | G73: Has "Temper Flare"'s effect. 80 BP, Spread | J73: Infernal Parade | K73: 60 BP > 65 BP, Ghost > Fire
F74: Grudge | G74: Has "Temper Flare"'s effect. 75 BP, Special | J74: Barb Barrage | K74: 60 BP > 65 BP, Hits all adjacent foes
J75: Dream Eater | K75: Functions like Wake Up Slap, Spread
B78: Move Replacements
B81: Move Replacements | G81: Move Replacements
B83: Old Move | C83: New Move | D83: Altered Effects | G83: Old Move | H83: New Move | I83: Altered Effects
B84: Smack Down | C84: Accelerock | G84: Power Trick | H84: Petal Blizzard | I84: 80 BP > 100 BP, Never Misses
B85: Ice Ball | C85: Boomburst | G85: Judgement | H85: Spirit Break | I85: 75 > 110 BP, 85% Accurate, Spread
B86: Withdraw | C86: Breaking Swipe | G86: Quash | H86: Fairy Wind | I86: 40 > 80 BP, 10% Omniboost
B87: Slam | C87: Brutal Swing | D87: Cannot miss; Hits only enemies | G87: Acid | H87: Parabolic Zap | I87: 50 > 75 BP, 75% > 50% lifesteal
D88: -1 Evasion on hit, Rapid Spin Effect | G88: False Swipe | H88: Body Press | I88: 80 BP > 95 BP
B89: Luster Purge | C89: Dazzling Gleam | D89: 20% chance to reduce accuracy | G89: Freeze Shock | H89: Solar Blade | I89: 120 BP > 130 BP
B90: Round | C90: Disarming Voice | D90: 50 BP > 60 BP | G90: Wonder Room | H90: Liquidation | I90: 85 BP > 90 BP
B91: Sweet Kiss | C91: Draining Kiss | D91: 50 > 75 BP, 75% > 50% lifesteal | G91: Water Sport | H91: Wicked Blow | I91: 80 BP > 55 BP, 25% recoil.
B92: Vise Grip | C92: Dual Wingbeat | D92: 100% Accurate | G92: Psych Up | H92: Bitter Malice | I92: Ghost > Ice Type, Status Boosted
B93: Mud Sport | C93: Esper Wing | D93: No Speed Boost, +1 Priority, 75 BP | I93: 30% Paralysis Chance, 65 BP
B94: Constrict | C94: Infestation | D94: 100 BP, 85% Accuracy | G94: Embargo | H94: First Impression
B95: Rolling Kick | C95: Headlong Rush | G95: Power Swap | H95: Psyblade | I95: 110 BP, 85% accurate, spread
B96: Mega Kick | C96: High Horsepower | D96: 100% Accurate, 10% Confusion | I96: 20% chance to boost attack
B97: Kinesis | C97: Lunge | G97: Power Split | H97: Triple Dive
B98: Mist Ball | C98: Moonblast | G98: Magic Room | H98: Power Trip | I98: 50 BP. +25 BP per boost.
B99: Sacred Fire | C99: Mystical Fire | G99: Odor Sleuth | H99: Eerie Impulse
B100: Splash | C100: Play Rough | D100: 100% Accurate | G100: Magnitude | H100: Sticky Web
B101: Synchronoise | C101: Scorching Sands | G101: Trump Card | H101: Spiky Shield | I101: Only blocks damaging moves.
B102: Guard Split | C102: Triple Axel | D102: 95% Accurate, 35 BP 3 hits | G102: Feint | H102: Confide
B103: Punishment | C103: Wave Crash | G103: Guard Swap | H103: Clanging Scales
B104: Snatch | C104: Victory Dance | G104: Mimic | H104: Psychic Noise | I104: 85 BP, Spread, blocks heal 5 turns
B105: Spacial Rend | C105: Steel Beam | D105: 1/2 recoil, down from 50% | G105: Heal Block | H105: Allluring Voice | I105: 100 BP, 75% accuracy, Trapping
B106: Sharpen | C106: Nuzzle | D106: No guaranteed para, 50 BP | G106: Wring Out | H106: Scale Shot
B107: Miracle Eye | C107: Freeze Dry | G107: Crush Grip | H107: Silk Trap | I107: Only blocks damaging moves.
B108: Fury Attack | C108: Fire Lash | G108: Spite | H108: Diamond Storm | I108: 100 > 95 BP, Physical > Special
B109: Ice Burn | C109: Meteor Beam | G109: Lunar Dance | H109: Pollen Puff
B110: Conversion | C110: Flip Turn | G110: Fusion Bolt | H110: Baneful Bunker | I110: Only blocks damaging moves.
B111: Role Play | C111: Barb Barrage | D111: 60 BP > 65 BP, Spread | G111: Memento | H111: Obstruct | I111: Only blocks damaging moves.
...

Sheet Ability Changes
B2: Ability Tweaks
B4: Minor Functionality Changes | F4: Rivalry | J4: Anger Point
B6: Shed Skin | C6: 100% chance to proc at the end of the turn | F6: New Effect | G6: New Users | J6: New Effect | K6: New Users
B7: Healer / Plus / Minus | C7: Protects pokemon from ally attacks, like Telepathy | F7: Increases damage dealt to and reduces damage taken from Pokemon that share a type with the user by 33%. | J7: Boosts damage and speed by 50% when the user's move failed the previous turn.
B8: Friend Guard / Healer
B9: Forewarn
B10: Weak Armor | C10: Boosts Speed by 2 Stages
B11: Toxic Boost | C11: Halves damage from Poison status + attacks
B12: Heatproof | C12: No burns. Reduces Fire dmg taken by 75% | F12: Pickup | J12: Healer
B13: Mold Breaker / Turboblaze / Teravolt | C13: Now also increases damage dealt by 1.1x.
F14: New Effect | G14: New Users | J14: New Effect | K14: New Users
B15: Marvel Scale / Guts | C15: Prevents user from losing turn to paralysis. | F15: Pokemon with this ability recover any items used in battle upon switching out! | J15: This Pokemon and its allies heal 1/16 of their maximum health at the end of each turn.
B16: Iron Fist | C16: Now boosts Punch moves by 1.3x
B17: Rattled | C17: Now boosts Speed by 3 Stages
B18: Shadow Tag | C18: Normal and Ghost types now immune.
B19: Trace | C19: In multi-battles, prioritizes copying the ability of your ally.
F20: Soundproof > Amplifier | J20: Overcoat
B21: Filter / Solid Rock | C21: Reduces effectiveness mult from 2x to 1.5x
B22: Truant | C22: Prevents the user from using damaging moves on consecutive turns. | F22: New Description | G22: New Users | J22: New Effect | K22: New Users
F23: Boosts Sound moves by 20%, and provides immunity to Sound moves! | J23: Now blocks damage from hazards. Prevents making contact, and shields from weather effects (Utility Umbrella)
B24: Strong Body / Clear Body / White Smoke | C24: Also protects the user from weather chip
B26: Normalize | C26: The user's moves become Normal type, have neutral effectiveness, and are boosted by 20%
B28: Scrappy | C28: Now also prevents Attack from being lowered | F28: Forewarn | J28: Pickpocket
B29: Reckless | C29: Now also affects explosion and self-destruct.
B30: Flare Boost | C30: Halves damage from Burns | F30: New Effect | G30: New Users | J30: New Effect | K30: New Users
B31: Justified | C31: Also halves damage taken from Dark moves. | F31: Reduces damage the Pokemon and its allies take from critical hits by 25%! | J31: Steals target's item on hit with a contact move. If already holding an item, knocks it off instead.
B32: Bad Dreams | C32: Traps sleeping targets in battle.
B33: Torrent / Blaze / Overgrow / Swarm | C33: Boosts respective type by 25%. Bonus doubled while below 1/3 health.
B35: Unnerve | C35: Now prevents the use of all consumable items: Focus Sash, Herbs, gems, etc.
F36: Inner Focus | J36: Hyper Cutter
B38: Weather Ability Changes | F38: New Effect | G38: New Users | J38: New Effect | K38: New Users
F39: Prevents flinches, and allows Psychic moves to damage Dark-types | J39: Slicing, cutting, and claw moves are boosted by 30%. Cannot have attack dropped.
B40: Rain Dish | C40: Heals 1/8 per turn in rain. Prevents burns
B41: Ice Body | C41: Heals 1/16 per turn outside hail, 1/8 in hail
B42: Solar Power / Chlorophyll / Flower Gift | C42: Deals 1/16 self damage per turn in sun
C43: Allows the use of full powered Solarbeam/Growth/Synth in any weather
F44: Light Metal | J44: Heavy Metal
B45: Slush Rush | C45: 1/2 damage from Ice moves. Can't be frozen.
B46: Sand Rush | C46: Halves damage taken from Rock moves. | F46: New Effect | G46: New Users | J46: New Effect | K46: New Users
B47: Sand Force | C47: Increases damage of Rock/Ground/Steel moves by 1.2x. In sand, boost is 1.4x. | F47: Boosts Speed by 50%. Reduces Defense by 33%. | J47: Boosts Defense by 50%. Reduces Speed by 33%.
B49: Swift Swim | C49: Halves damage taken from Water moves.
B50: Cloud Nine | C50: Raises accuracy for moves when active by 1.2x
B52: Ability Nerfs | F52: Infiltrator | J52: Run Away
B54: The following abilities have been nerfed to be weaker! | F54: New Effect | G54: New Users | J54: New Effect | K54: New Users
B55: Dry Skin | C55: Increases Fire Damage taken by 100% | F55: Super effective moves are boosted by 20% and bypass barriers. | J55: Cannot be trapped. When reduced below 50% health, automatically switch out of battle.
B56: Regenerator | C56: Heals 20% on switch out. (down from 33%)
B57: Lightning-Rod | C57: No longer redirects moves
B58: Storm Drain | C58: No longer redirects moves
B63: New Abilities
B65: Insomnia > Thunder Armor | F65: Klutz > Distracting | J65: Color Change > Ballistics
B67: New Effect | C67: New Users | F67: New Effect | G67: New Users | J67: New Effect | K67: New Users
B68: Raises Attack by one stage when hit with an Electric attack. | F68: Lowers Evasion of opposing foes by one stage on switch in. | J68: Boosts the damage of Special moves by 50%, but reduces their accuracy by 20%.
B73: Water Veil > Merciless | F73: Super Luck > Moisturize
B75: New Description | C75: New Users | F75: New Effect | G75: New Users
B76: Boosts damage against and reduces damage from statused Pokemon by 25%. | F76: Normal-type moves become Water-type moves. The power of those moves is boosted by 20%.
B83: Ability Imports
B85: The following abilities have been added to the game from later generations, with small tweaks to their functionality and brand new distribution!
B89: Multitype > Neutralizing Gas | F89: Immunity > Fluffy | J89: Suction Cups > Well Baked Body
B91: New Effect | C91: New Users | F91: New Description | G91: New Users | J91: New Description | K91: New Users
B92: Nullifies all abilities on the field while the user is out. | F92: Halves the damage taken by contact moves, but takes double damage from Fire moves | J92: Raises Defense by two stages when hit by a Fire attack, taking no damage
B98: Stall > Tough Claws | F98: Tangled Feet > Slush Rush | J98: Leaf Guard > Fur Coat
B100: New Description | C100: New Users | F100: New Description | G100: New Users | J100: New Description | K100: New Users
B101: Boosts damage of contact moves by 30% | F101: Doubles speed in Hail, and provides immunity to Hail, and halves damage taken by ice moves. | J101: Reduces physical damage taken by 50%.
B107: Cute Charm > Gooey | F107: Honey Gather > Permafrost (Ice Scales) | J107: Damp > Bulletproof
B109: New Description | C109: New Users | F109: New Description | G109: New Users | J109: New Description | K109: New Users
B110: Lowers the speed on any Pokemon that makes contact with a move by 1 stage. | F110: Halves damage taken from Special moves. | J110: Blocks "bullet" and "bomb" moves!
B116: Keen Eye > Wind Rider | F116: Oblivious > Galvanize | J116: Early Bird > Refrigerate
B118: New Description | C118: New Users | F118: New Description | G118: New Users | J118: New Description | K118: New Users
B119: Raises attack when hit with a wind-type move, taking no damage. | F119: Normal-type moves become Electric-type moves. The power of those moves is boosted by 20%. | J119: Normal-type moves become Ice-type moves. The power of those moves is boosted by 20%.
B125: Magma Armor > Pixilate | F125: Sticky Hold > Aerilate | J125: Big Pecks > Savant (Protean)
B127: New Description | C127: New Users | F127: New Description | G127: New Users | J127: New Description | K127: New Users
B128: Normal-type moves become Fairy-type moves. The power of those moves is boosted by 20%. | F128: Normal-type moves become Flying-type moves. The power of those moves is boosted by 20%. | J128: Changes the Pokémon's type to the type of the move it's using.
B134: Poison Point > Berserk | F134: Hydration > Strong Jaw | J134: Limber > Corrosion
B136: New Effect | C136: New Users | F136: New Effect | G136: New Users | J136: New Effect | K136: New Users
B137: When brought below half health, Atk and SpAtk raised by one stage. Can trigger once per switch in. | F137: Boosts Jaw and Biting moves by 50%. | J137: Causes the user's Poison Type moves to be super effective on Steel Types.
B144: Ability Renames
B146: The following abilities have been renamed to be more thematically broad, so that they can be distributed to more pokemon! These are abilities which are underutilized in the base game, and help compensate for the overall low number of abilities in generation 5.
B151: Shield Dust > Resilient | F151: Tinted Lens > Tenacity | J151: Harvest > Gourmand
B153: New Description | C153: New Users | F153: New Description | G153: New Users | J153: New Description | K153: New Users
B154: "Shields from secondary effects of attacks." | F154: "Powers up "not very effective" attacks" | J154: "May create another Berry or Herb after one is used."
B160: Analytic > Patient | F160: Compoundeyes > Keen Senses | J160: Multiscale > Majestic Ward
B162: New Description | C162: New Users | F162: New Description | G162: New Users | J162: New Description | K162: New Users
B163: "Boosts power of moves when moving last." | F163: "Amazing senses boost its accuracy." | J163: "Reduces damage taken while at full health"
B169: Clear Body > Strong Body | F169: Mummy > Contagious | J169: Victory Star > Illumination
B171: New Description | C171: New Users | F171: New Description | G171: New Users | J171: New Description | K171: New Users
B172: "Its toughness prevents stat reduction." | F172: "Contact with the Pokémon spreads this Ability." | J172: "Light boosts the accuracy of allies and itself."
B176: Strong Body now also blocks damage from Hail and Sand. | J176: Illumination also now provides a 1.2x buff to accuracy, up from 1.1x.
B178: Rock Head > Determined | F178: Download > Exploit
B180: New Description | C180: New Users | F180: New Description | G180: New Users
B181: "Its sheer determination prevents recoil damage." | F181: "Boosts offense to target a foe's weakness."
B188: AI-Specific Abilities
B190: The following abilities have been added to the game from later generations, with small tweaks to their functionality and brand new distribution!
B194: AI-Exclusive Abilities | F194: Illusion | J194: Aftermath
B196: The following abilities are exclusive to the AI (by use of Hidden Abilities). Some of these are for balance purposes, others are abilities that are too situational or niche for the player. | F196: New Effect | J196: New Effect
F197: When trainers switch in a Pokemon, this Pokemon may take its place and its appearance instead! | J197: When this Pokemon faints, it explodes, damaging all Pokemon on the field for 33% of their max health.
B199: Drizzle | C199: Drought | D199: Sand Stream | F199: * Basically, an Illusion pokemon can interrupt the standard switch logic of enemy trainers, inserting the Pokemon and giving it the appearance of the Pokemon that should have switched in.
B200: Snow Warning | C200: Arena Trap | D200: Shadow Tag
B201: Moody
B204: Frisk > Stakeout | F204: Stench | J204: Anticipation
B206: New Effect | F206: New Effect | J206: New Effect
...

Sheet Item Changes
B2: Misc Mechanic Changes
F3: Added Items
B4: These are a collection of other small mechanics that have been adjusted for a more dynamic and interesting gameplay experience.
F5: Item | G5: Effect
F6: Roseli Berry | G6: Standard Effect
F7: Fairy Gem | G7: 1.5x Fairy Damage, Single Use
F8: Fairy Dust | G8: 1.2x Fairy Damage boost
B9: QoL Items | F9: Assault Vest | G9: 1.5x Special Defense, can't use Status moves
F10: Weakness Policy | G10: Boosts Atk and SpA by 2 when hit by SE move
B11: Item | C11: Effect | F11: Safety Goggles | G11: Prevents weather damage, blocks powders
B12: Flame / Toxic Orb | C12: Now triggers immediately in wild battles | G12: Prevents accuracy from being reduced.
C13: Also guaranteed escape from wild battles | F13: Blunder Policy | G13: Boosts Speed by +2 if holders move fails
B14: +1 Soda | C14: Heals 1 pt of health | G14: Triggers with misses, immunities, protect, etc.
B15: +5 Soda | C15: Heals 5 pts of health | F15: Throat Spray | G15: Raises SpA by 1 after using a sound move
B16: Stress Tester | C16: Brings holder to 1 HP when entering wild battle | F16: Kee Berry | G16: Boosts Defense by 1 when hit by physical
F17: Maranga Berry | G17: Boots Sp. Def by 1 when hit by special
B18: Item Tweaks | F18: Utility Umbrella | G18: Protect from harmful effects of Sun/Rain
F19: Covert Cloak | G19: Blocks additional affects of moves
B20: Item | C20: Effect | F20: Clear Amulet | G20: Prevents stat drops
B21: Zoom Lens | C21: Provides 1.3x Accuracy Buff | F21: Eject Pack | G21: Switch out when stats are lowered.
B22: Wide Lens | C22: Provides 1.15x Accuracy Buff | F22: New Items
B23: Big Root | C23: Provides 75% healing increase | F23: Protective Gear | G23: Blocks moves from making contact, and prevents damage from hazards.
B24: Shell Bell | C24: Provides 25% Healing
B25: Stick | C25: Doubles Farfetch'd Physical Damage | F25: Ability Drill | G25: Boots Sp. Def by 1 when hit by special
B26: Light Ball | C26: Also Doubles Eevee's Atk and SpA | F26: Trickster Herb* | G26: Consumable, +1 Priority for a Status Move
B27: Jaboca / Rowap Berry | C27: Deals 25% maximum health, up from 12.5% | F27: Attack Insurance* | G27: Deals 1/8 of a target's maximum health when
B28: Starf Berry | C28: Activates at 50% health | G28: the holder's attack fails to affect them.
B29: Brightpowder | C29: Buffed to a 20% chance to avoid moves | F29: Mascot Badge | G29: Doubles Offenses, Defenses, and Speed
B30: Figy Berry | C30: No confusion chance. Heals 33% max health when brought below 1/4 health. | G30: For 1st Stage Pokemon.
B34: AI Exclusive Items
B36: The following items are limited to the AI for balance purposes. These items are designed to facilitate mechanics that make the game more challenging and interesting and are not intended for player use as a result.
F38: Colress Devices
F40: These are powerful items mostly exclusive to Team Plasma and are the result of Colress's effort to enhance Pokémon with technology.
B42: Terastalization Items | F42: Item | G42: Effect
F43: Mysterious Device | G43: +1 Atk, +1 SpA, and -1 Accuracy on switch in
B44: These items share the base functions of their non-tera counterparts. | F44: Prototype Booster | G44: +1 Atk, +1 SpA, and -1 Accuracy on switch in
B45: The "terastalization" triggers at the start of the Pokémon's first turn in battle after switching in, changing their typing into their "Tera Type" | F45: Prototype Accelerator | G45: +2 Speed, -1 Accuracy on switch in
F46: Prototype Armor | G46: +1 Def, +1 SpD, and -1 Accuracy on switch in
B47: Their Tera Type is the type of the first move in their moveset. | F47: CLRS Booster | G47: +1 Atk and +1 SpA on switch in
B48: While Terastallized, Pokémon receive STAB on moves matching their Tera Type, in addition to moves matching their original types | F48: CLRS Accelerator | G48: +2 Speed on switch in
F49: CLRS Armor | G49: +1 Def and +1 SpD on switch in
B50: If the Pokémon's Tera Type is the same as one of its original types, moves of that type gain a ×2 damage boost instead of the usual ×1.5. | F50: CLRS Invention | G50: +1 to all stats on switch in
B52: This change persists on switch out or if the Pokemon's item is removed, and prevents other type-changes from taking place.
F53: Weather Rocks
B54: Tera Specs | C54: Tera C-Band | D54: Tera Scarf
B55: Tera Orb | C55: Tera Powder | D55: Tera K-Rock | F55: Item | G55: Effect
B56: Tera W-Policy | C56: Tera B-Policy | D56: Tera Insurance | F56: Smooth Rock | G56: Sets permanent sand on switch in
B57: Tera Drill | C57: Tera Claw | D57: Tera Leftovers | F57: Damp Rock | G57: Sets permanent rain on switch in
B58: Tera F-Band | C58: Tera Vest | D58: Tera Dice | F58: Heat Rock | G58: Sets permanent sun on switch in
B59: Tera F-Sash | C59: Tera Badge | F59: Icy Rock | G59: Sets permanent hail on switch in
C63: IMPORTANT
C65: Trainer AI has been adjusted! To see a full list of adjustments
C66: refer to the patch notes linked below
D68: Trainer AI Changes

Sheet AI Exclusive Abilities
C3: Pokémon | D3: Abil 1 | F3: Abil 2 | H3: Abil 3 (HA) | J3: Abil 4 (AI Only) | L3: Abil 5 (AI Only) | N3: Abil 6 (AI Only)
B4: 1 | C4: Bulbasaur | D4: Resilient | F4: Overgrow | H4: Thick Fat | J4: Drought | L4: Chlorophyll | N4: Flower Gift
B5: 2 | C5: Ivysaur | D5: Resilient | F5: Overgrow | H5: Thick Fat | J5: Drought | L5: Chlorophyll | N5: Flower Gift
B6: 3 | C6: Venusaur | D6: Resilient | F6: Overgrow | H6: Thick Fat | J6: Drought | L6: Chlorophyll | N6: Flower Gift
B7: 4 | C7: Charmander | D7: ='Kanto - Old'!B47 -> Flash Fire | F7: Blaze | H7: Tough Claws | J7: Drought | L7: Intimidate | N7: Turboblaze
B8: 5 | C8: Charmeleon | D8: ='Kanto - Old'!D47 -> Flash Fire | F8: Blaze | H8: Tough Claws | J8: Drought | L8: Intimidate | N8: Turboblaze
B9: 6 | C9: Charizard | D9: ='Kanto - Old'!F47 -> Levitate | F9: Blaze | H9: Tough Claws | J9: Drought | L9: Intimidate | N9: Turboblaze
B10: 7 | C10: Squirtle | D10: ='Kanto - Old'!B72 -> Shell Armor | F10: Torrent | H10: ='Kanto - Old'!B74 -> Rain Dish | J10: Drizzle | L10: Quick Draw | N10: Ballistics
B11: 8 | C11: Wartortle | D11: ='Kanto - Old'!D72 -> Shell Armor | F11: Torrent | H11: ='Kanto - Old'!D74 -> Rain Dish | J11: Drizzle | L11: Quick Draw | N11: Ballistics
B12: 9 | C12: Blastoise | D12: ='Kanto - Old'!F72 -> Shell Armor | F12: Torrent | H12: Determined | J12: Drizzle | L12: Quick Draw | N12: Ballistics
B13: 10 | C13: Caterpie | D13: Resilient | F13: Keen Senses | H13: Swarm | J13: Anticipation | L13: Serene Grace | N13: Serene Grace
B14: 11 | C14: Metapod | D14: Resilient | F14: ='Kanto - Old'!D100 -> Battle Armor | H14: Swarm | J14: Anticipation | L14: Serene Grace | N14: Serene Grace
B15: 12 | C15: Butterfree | D15: Keen Senses | F15: Tenacity | H15: Swarm | J15: Anticipation | L15: Serene Grace | N15: Serene Grace
B16: 13 | C16: Weedle | D16: Resilient | F16: ='Kanto - Old'!B123 -> Poison Point | H16: Swarm | J16: Sniper | L16: Anticipation | N16: Anticipation
B17: 14 | C17: Kakuna | D17: Resilient | F17: ='Kanto - Old'!D123 -> Battle Armor | H17: Swarm | J17: Sniper | L17: Anticipation | N17: Anticipation
B18: 15 | C18: Beedrill | D18: ='Kanto - Old'!F122 -> Levitate | F18: ='Kanto - Old'!F123 -> Adaptability | H18: Swarm | J18: Sniper | L18: Anticipation | N18: Anticipation
B19: 16 | C19: Pidgey | D19: ='Kanto - Old'!B143 -> No Guard | F19: ='Kanto - Old'!B144 -> Quick Feet | H19: ='Kanto - Old'!B145 -> Aerilate | J19: Serene Grace | L19: Serene Grace | N19: Serene Grace
B20: 17 | C20: Pidgeotto | D20: ='Kanto - Old'!D143 -> No Guard | F20: ='Kanto - Old'!D144 -> Quick Feet | H20: ='Kanto - Old'!D145 -> Aerilate | J20: Serene Grace | L20: Serene Grace | N20: Serene Grace
B21: 18 | C21: Pidgeot | D21: ='Kanto - Old'!F143 -> No Guard | F21: ='Kanto - Old'!F144 -> Quick Feet | H21: ='Kanto - Old'!F145 -> Aerilate | J21: Serene Grace | L21: Serene Grace | N21: Serene Grace
B22: 19 | C22: Rattata | D22: Adaptability | F22: Guts | H22: Guts | J22: ? | L22: ? | N22: ?
B23: 20 | C23: Raticate | D23: Adaptability | F23: Guts | H23: Guts | J23: ? | L23: ? | N23: ?
B24: 21 | C24: Spearow | D24: Intimidate | F24: Defiant | H24: Defiant | J24: Sniper | L24: Sniper | N24: Sniper
B25: 22 | C25: Fearow | D25: Intimidate | F25: Hustle | H25: Hustle | J25: Sniper | L25: Sniper | N25: Sniper
B26: 23 | C26: Ekans | D26: Intimidate | F26: Sheer Force | H26: Regenerator | J26: Stakeout | L26: Arena Trap | N26: Stench
B27: 24 | C27: Arbok | D27: Intimidate | F27: Sheer Force | H27: Regenerator | J27: Stakeout | L27: Arena Trap | N27: Stench
B28: 172 | C28: Pichu | D28: Thunder Armor | F28: Static | H28: Galvanize | J28: Plus | L28: Minus | N28: Minus
B29: 25 | C29: Pikachu | D29: Thunder Armor | F29: Static | H29: Galvanize | J29: Plus | L29: Minus | N29: Minus
B30: 26 | C30: Raichu | D30: Teravolt | F30: Sheer Force | H30: Galvanize | J30: Plus | L30: Minus | N30: Minus
B31: 27 | C31: Sandshrew | D31: Rough Skin | F31: Sand Force | H31: Sand Force | J31: Sand Stream | L31: Sand Veil | N31: Sand Veil
B32: 28 | C32: Sandslash | D32: Rough Skin | F32: Sand Force | H32: Sand Force | J32: Sand Stream | L32: Sand Veil | N32: Sand Veil
B33: 29 | C33: Nidoran-F | D33: Rivalry | F33: Sheer Force | H33: Thick Fat | J33: Sand Stream | L33: Sand Veil | N33: Anger Point
... B677: 649 | C677: Genesect | D677: Exploit | F677: Exploit | H677: Exploit | J677: ? | L677: ? | N677: ?

Sheet MoveIDs
B2: -----
A3: 1 | B3: Concuss
A4: 2 | B4: Karate Chop
A5: 3 | B5: DoubleSlap
A6: 4 | B6: Comet Punch
A7: 5 | B7: Mega Punch
A8: 6 | B8: Pay Day
A9: 7 | B9: Fire Punch
A10: 8 | B10: Ice Punch
A11: 9 | B11: ThunderPunch
A12: 10 | B12: Scratch
A13: 11 | B13: Dual Wingbeat
A14: 12 | B14: Guillotine
... A561: 559 | B561: Baneful Bunker

Sheet PersonalIDs
B2: ―――――
A3: 1 | B3: BULBASAUR
A4: 2 | B4: IVYSAUR
A5: 3 | B5: VENUSAUR
A6: 4 | B6: CHARMANDER
A7: 5 | B7: CHARMELEON
A8: 6 | B8: CHARIZARD
A9: 7 | B9: SQUIRTLE
A10: 8 | B10: WARTORTLE
A11: 9 | B11: BLASTOISE
A12: 10 | B12: CATERPIE
A13: 11 | B13: METAPOD
A14: 12 | B14: BUTTERFREE
... A704: 702 | B704: MELOETTA-PIROUETTE

Sheet (Old) Move Changes
B2: Move Changes
B4: The following moves have been adjusted to cultivate a fresh and exciting metagame for player and enemy options in Cascade White.
B9: Move Functionality Changes | F9: Move Replacements
B11: These moves have changed functionality | F11: Old Move | G11: New Move
B12: Hidden Power | C12: Always 70 BP | F12: Rollout | G12: Accelerock
B13: Blast Burn | C13: These 1-turn Recharge moves are now Recoil moves (1/2) that hit adjacent foes. 5 PP > 10 PP | F13: Heart Swap | G13: Boomburst
B14: Hydro Cannon | F14: Withdraw | G14: Breaking Swipe
B15: Frenzy Plant | F15: Slam | G15: Brutal Swing
B16: Hyper Beam | C16: These 1-turn Recharge moves are now Recoil moves (1/3) that hit a single target. 5 PP > 10 PP | F16: Luster Purge | G16: Dazzling Gleam
B17: Giga Impact | F17: Round | G17: Disarming Voice
B18: Rock Wrecker | F18: Sweet Kiss | G18: Draining Kiss
B19: Draco Meteor | C19: These SpA Dropping attacks are now Recoil moves (1/3) that hit a single target. 5 PP > 10 PP | F19: Vise Grip | G19: Dual Wingbeat
B20: Leaf Storm | F20: Mud Sport | G20: Esper Wing
B21: Overheat | F21: Constrict | G21: Infestation
B22: Psycho Boost | F22: Rolling Kick | G22: Headlong Rush
B23: Superpower | C23: -1 Atk/Def > 1/3 Recoil, 5 PP > 10 PP | F23: Mega Kick | G23: High Horsepower
B24: Night Daze | C24: 40% drop chance > Recoil (1/3) | F24: Kinesis | G24: Lunge
C25: 85 BP > 130 BP | F25: Mist Ball | G25: Moonblast
B26: Zap Cannon | C26: Paralysis > Recoil (1/3), 100% Accuracy | F26: Sacred Fire | G26: Mystical Fire
C27: 120 BP > 130 BP, 5 PP > 10 PP | F27: Submission | G27: Play Rough
B28: Sheer Cold | C28: OHKO > Recoil (1/3), 100% Accuracy | F28: Sand Attack | G28: Scorching Sands
C29: 0BP > 130 BP | F29: Triple Kick | G29: Triple Axel
B30: Horn Drill | C30: OHKO > Trapping, 80% Accuracy | F30: Punishment | G30: Wave Crash
C31: 0BP > 100 BP, Normal > Rock Typing | F31: Attack Order | G31: Scorching Swarm**
B32: Fissure | C32: OHKO > Trapping, 80% Accuracy | F32: Spacial Rend | G32: Steel Beam
C33: 0BP > 120 BP | F33: Roar of Time | G33: Starburst**
B34: Guillotine | C34: OHKO > Recoil (1/3), 100% Accuracy | F34: Sharpen | G34: Nuzzle
C35: 0BP > 130 BP, Normal > Steel Typing | F35: Flash | G35: Sparkle**
B36: Leaf Tornado | C36: 65 BP > 70 BP, Single Target > Adjacent Foes | F36: Razor Wind | G36: Fire Lash
C37: Accuracy Drop > 100% Atk Drop | F37: Smelling Salts | G37: Psychic Fangs
B38: Imprison & Nightmare | C38: Status > Trapping, 80% Accuracy | F38: Conversion | G38: Flip Turn
C39: 0BP > 100 BP | F39: Mean Look | G39: Barb Barrage
B40: Outrage | C40: Locked In > Recoil | F40: Spider Web | G40: Infernal Parade
B41: Petal Dance | C41: Special > Physical | F41: Lock On | G41: Parting Shot
C42: Locked In > Never Misses, 120 BP > 100 BP | F42: Block | G42: Ice Hammer
B43: Yawn | C43: Instant Sleep, 105% Accuracy > 75% Acc | F43: Camouflage | G43: Trop Kick
B44: Octazooka | C44: 65 BP > 45 BP, Always Crits | F44: Conversion 2 | G44: Spin Out
B45: X-Scissor | C45: 80 BP > 70 BP, Never misses | F45: Mind Reader | G45: Snap Trap
B46: Vital Throw | C46: -1 priority > 0 priority | F46: Bubble | G46: Chilling Water
B47: Sweet Scent | C47: Also lowers Def and SpDef one stage | F47: Transform | G47: Phantom Strike
B48: Take Down | C48: No Recoil | F48: Splash | G48: Spirit Break
B49: Pay Day | C49: 40 BP > 50 BP, 100% Crit | F49: Aqua Ring | G49: Fairy Wind
B50: Dream Eater | C50: 75 BP, 50% heal | F50: Charge | G50: Parabolic Zap
C51: Functions like Wake Up Slap, Spread | F51: Fury Attack | G51: Razor Winds*
B52: Brine | C52: Spread Move | F52: Bide | G52: Hidden Force*
B53: Beat Up | C53: Unique Effect > 2x damage to statused targets | F53: Torment | G53: Petal Blizzard
C54: 65 BP, 20% Para Chance, Punch Move | F54: Miracle Eye | G54: Freeze Dry
B55: Triple Axel | C55: 35 BP, Hits 3 Times, no Stacking Damage | F55: Snatch | G55: Victory Dance
B56: Rock Climb | C56: Now a Punching Move | F56: Transform | G56: Phantom Strike
B57: Telekinesis | C57: Lowers Evasion | F57: Freeze Shock | G57: Solar Blade
C58: 65 BP, Psychic, Special, Can't Miss, Spread | F58: Embargo | G58: First Impression
B59: Defog | C59: Works like Rapid Spin, Lowers Evasion | F59: Present | G59: Liquidation
C60: 55 BP, Flying, Special, Can't Miss, Spread | F60: Foresight | G60: Electro Shot
B61: Ingrain | C61: 0 BP > 70 BP, Grass Type, Physical, 95% Acc | F61: Acupressure | G61: Wicked Blow
C62: Applies Leech Seed | F62: Psych Up | G62: Bitter Malice
B63: Double-Slap | C63: 40 BP, Hits Twice, Fairy Type
B64: Fiery Dance | C64: 80 BP, 10% Omniboost
B65: Charge Beam | C65: 80 BP, 10% Omniboost | F65: Move Buffs
B66: Mega Punch | C66: 80 BP, 10% Omniboost, Fighting Type
B67: Fairy Wind | C67: 80 BP, 10% Omniboost, Fairy Type | F67: These moves got a power Boost
B68: Thrash | C68: 80 BP, 10% Omniboost, Dark Type | F68: Brutal Swing | G68: Hits Enemies, 100% Eva Drop
B69: Sky Uppercut | C69: SE against Flying Types, 70 BP | F69: Sky Drop | G69: 60 BP > 100 BP
B70: Skull Bash | C70: Boosts Atk and Defense while charging | F70: Faint Attack | G70: 60 BP > 70 BP
B71: Sky Attack | C71: Boosts Atk while charging | F71: Nuzzle | G71: 20 BP > 55 BP, 30% Para
B72: Captivate | C72: No Gender Restriction, Single Target | F72: Dazzling Gleam | G72: 30% Accuracy Drop Chance
B73: Spit Up | C73: 120 BP, Special, Poison Type | F73: Secret Power | G73: Never Misses
C74: Consumes berry to use! | F74: Flash Cannon | G74: 80 BP > 90 BP
B75: Swallow | C75: Heals 25% health, or 50% if holding berry | F75: Aerial Ace | G75: 60 BP > 70 BP
C76: Consumes berry to use! | F76: Shock Wave | G76: 60 BP > 70 BP
B77: Stockpile | C77: Priority. +1 Defense and Special Defense | F77: Swift | G77: 60 BP > 70 BP
C78: Consumes berry to use! | F78: Magical Leaf | G78: 60 BP > 70 BP
B79: Heat Crash | C79: 85 BP, Reduces Speed by 2 Stages | F79: Bitter Malice | G79: 65 BP, Ghost > Ice, 20% Freeze
B80: Heavy Slam | C80: 85 BP, Reduces Speed by 2 Stages | F80: Magnet Bomb | G80: 60 BP > 70 BP
B81: Electro Ball | C81: 55 BP, Deals 2x damage if user is faster | F81: Retaliate | G81: Never Misses, 70 BP > 75 BP
B82: Gyro Ball | C82: 55 BP, Deals 2x damage if the user is slower | F82: Ancient Power | G82: 60 BP > 80 BP, 5PP > 10PP
B83: Sleep Talk | C83: Can be used when awake. Won't select Rest. | F83: Ominous Wind | G83: 60 BP > 80 BP, 5PP > 10PP
B84: Curse | C84: Now also traps the target. Does not expire. | F84: Silver Wind | G84: 60 BP > 80 BP, 5PP > 10PP
F85: Fire Spin | G85: 35 BP > 100 BP
B86: New Moves | F86: Whirlpool | G86: 35 BP > 100 BP
F87: Sand Tomb | G87: 35 BP > 100 BP
B88: Scorching Swarm | C88: 120 BP | D88: 75% Accuracy | F88: Bind | G88: 35 BP > 100 BP
C89: Bug Type | D89: 10% Burn Chance | F89: Wrap | G89: 35 BP > 100 BP, Poison Typing
B90: Sparkle | C90: 65 BP | D90: 100% Accuracy | F90: Magma Storm | G90: 100 BP > 120 BP
C91: Rock Type | D91: 20% SpA Increase | F91: Infestation | G91: 35 BP > 100 BP
B92: Starburst | C92: 130 BP | D92: 100% Accuracy | F92: Aqua Tail | G92: 90 BP > 105 BP
C93: Fairy Type | D93: 33% Recoil | F93: Crush Claw | G93: 75 BP > 105 BP
B94: Hidden Force | C94: 70 BP | D94: Physical | F94: High H-power | G94: No Effect > 10% Flinch
C95: Variable Type | D95: Like Hidden Power | F95: Fly | G95: 90 BP > 100 BP
B96: Razor Winds | C96: 25 BP | D96: Physical | F96: Ice Fang | G96: 65 BP > 75 BP
C97: Flying Type | D97: 2-5 Multihit | F97: Fire Fang | G97: 65 BP > 75 BP
B98: Phantom Strike | C98: 95 BP | D98: Physical | F98: Thunder Fang | G98: 65 BP > 75 BP
C99: Ghost | D99: 30% Confuse Chance | F99: Mud Bomb | G99: 65 BP > 85 BP
F100: Pin Missile | G100: 14 BP > 25 BP
F101: Comet Punch | G101: 18 BP > 25 BP
B102: PP Nerfs | F102: Dragon Breath | G102: 60 BP > 70 BP
F103: Rock Throw | G103: 50 BP > 60 BP
B104: The following moves have reduced PP | F104: Snarl | G104: 55 BP > 65 BP
B105: Acid Armor (2PP) | C105: Acupressure (2PP) | D105: Amnesia (2PP) | F105: Zen Headbutt | G105: 80 BP > 90 BP
B106: Aromatherapy (3PP) | C106: Autotomize (2PP) | D106: Barrier (2PP) | F106: Arm Thrust | G106: 15 BP > 25 BP
B107: Baton Pass (2PP) | C107: Belly Drum (1PP) | D107: Bulk Up (2PP) | F107: Astonish | G107: 30 BP > 60 BP, Phys > Special
...

Sheet Ability Copies
B2: Unova: #494-649
C7: Forewarn | F7: Blaze | I7: Chlorophyll | L7: Pickpocket
C9: Swift Swim | F9: Overgrow | I9: Swift Swim | L9: Normalize
C11: Hyper Cutter | F11: Torrent | I11: Solar Power | L11: Filter
A13: Type | C13: Pickup | I13: Cloud Nine | L13: Corrosion
A14: HP | F14: Storm Drain
A15: Attack | C15: Rivalry | I15: Rain Dish | L15: Unaware
A16: Defence | F16: Swarm
A17: SpAtk | C17: Shed Skin | I17: Ice Body | L17: Scrappy
A18: SpDef
A19: Speed | C19: Justified | I19: Sand Rush | L19: Overcoat
A20: Total
A21: Ability 1 | C21: Berserk | I21: Slush Rush | L21: Solid Rock
A22: Ability 2
A23: Ability 3 (HA) | I23: Run Away | L23: Mold Breaker
A24: Evolution Changes
I25: Unnerve | L25: Heavy Metal
C27: Thunder Armor | L27: Shed Skin
I28: Sand Force
C29: Amplifier | L29: Anger Point
I30: Thick Fat
C31: Colossal | L31: Justified
C33: Merciless | G33: Inner Focus | L33: Forewarn
A34: Type | I34: Unnerve
A35: HP | C35: Ballistics | L35: Rattled
A36: Attack | F36: Fur Coat
A37: Defence | I37: Teravolt | L37: Light Metal
A38: SpAtk | F38: Fluffy
A39: SpDef | I39: Strong Body (Clear Body) | L39: Healer
A40: Speed
A41: Total | L41: Infiltrator
A42: Ability 1 | I42: Overcoat
A43: Ability 2 | L43: Toxic Boost
A44: Ability 3 (HA) | I44: Flower Gift
A45: Evolution Changes | F45: Turboblaze
A62: Type
A63: HP
A64: Attack
A65: Defence
A66: SpAtk
A67: SpDef
A68: Speed
A69: Total
A70: Ability 1
A71: Ability 2
A72: Ability 3 (HA)
A73: Evolution Changes
... A1931: Evolution Changes

Sheet - - - - Undecided
B2: Move Changes
B4: The following moves have been adjusted to cultivate a fresh and exciting metagame for Cascade White.
F6: Steadfast > Colossal
B7: Nature Power
F8: New Effect | G8: New Users
B9: Nature Power now checks between the user's Attack and Special attack and selects a move based on which is higher. | F9: Reduces damage taken by 25%, but cannot avoid moves. | G9: Wailord, Torterra
B11: In addition, there is now a more robust list of "fields" and associated moves.
B13: Location | C13: Physical Move | D13: Special Move
B14: Building / Urban | C14: Take Down | D14: Tri Attack | F14: Color Change > Ballistics
B15: Grass | C15: Seed Bomb | D15: Bug Buzz
B16: Water | C16: Triple Dive | D16: Surf | F16: New Effect | G16: New Users
B17: Sand, Terrain, Rock | C17: Earthquake | D17: Earth Power | F17: Boosts the damage of Special moves by 50%, but reduces their accuracy by 20%. | G17: Voltorb, Electrode,
B18: Puddles | C18: Liquidation | D18: Mud Bomb
B19: Snow | C19: Icicle Crash | D19: Blizzard
B20: Ice | C20: Triple Axel | D20: Ice Beam
B21: Cave | C21: Rock Slide | D21: Power Gem
B22: New
B23: Sewers | C23: Gunk Shot | D23: Sludge Bomb
B24: Ancient Ruins | C24: Ancient Power | D24: Psychic
B25: Haunted | C25: Phantom Strike | D25: Ominous Wind
B26: Electrified | C26: Volt Tackle | D26: Discharge
B27: Volcanic | C27: Fissure | D27: Eruption
B28: Legendary | C28: Superpower | D28: Draco Meteor
B29: Windswept | C29: Acrobatics | D29: Hurricane
B30: Manufactured | C30: Gear Grind | D30: Technoblast

Sheet - - - - - - - - - -

Sheet Copy of Move Changes
B2: Move Changes
B4: The following moves have been adjusted to cultivate a fresh and exciting metagame for player and enemy options in Cascade White.
B9: Move Functionality Changes | F9: Move Replacements
B11: These moves have changed functionality | F11: Old Move | G11: New Move
B12: Hidden Power | C12: Always 70 BP | F12: Rollout | G12: Accelerock
B13: Blast Burn | C13: These 1-turn Recharge moves are now Recoil moves (1/3) that hit adjacent foes. 5 PP > 10 PP | F13: Heart Swap | G13: Boomburst
B14: Hydro Cannon | F14: Withdraw | G14: Breaking Swipe
B15: Frenzy Plant | F15: Slam | G15: Brutal Swing
B16: Hyper Beam | C16: These 1-turn Recharge moves are now Recoil moves (1/3) that hit a single target. 5 PP > 10 PP | F16: Luster Purge | G16: Dazzling Gleam
B17: Giga Impact | F17: Round | G17: Disarming Voice
B18: Rock Wrecker | F18: Sweet Kiss | G18: Draining Kiss
B19: Draco Meteor | C19: These SpA Dropping attacks are now Recoil moves (1/3) that hit a single target. 5 PP > 10 PP | F19: Vise Grip | G19: Dual Wingbeat
B20: Leaf Storm | F20: Sky Attack | G20: Esper Wing
B21: Overheat | F21: Constrict | G21: Infestation
B22: Psycho Boost | F22: Rolling Kick | G22: Headlong Rush
B23: Superpower | C23: -1 Atk/Def > 1/3 Recoil, 5 PP > 10 PP | F23: Mega Kick | G23: High Horsepower
B24: Night Daze | C24: 40% drop chance > Recoil (1/3) | F24: Kinesis | G24: Lunge
C25: 85 BP > 130 BP | F25: Mist Ball | G25: Moonblast
B26: Zap Cannon | C26: Paralysis > Recoil (1/3), 100% Accuracy | F26: Sacred Fire | G26: Mystical Fire
C27: 120 BP > 130 BP, 5 PP > 10 PP | F27: Submission | G27: Play Rough
B28: Sheer Cold | C28: OHKO > Recoil (1/3), 100% Accuracy | F28: Sand Attack | G28: Scorching Sands
C29: 0BP > 130 BP | F29: Triple Kick | G29: Triple Axel
B30: Horn Drill | C30: OHKO > Trapping, 80% Accuracy | F30: Punishment | G30: Wave Crash
C31: 0BP > 100 BP, Normal > Rock Typing | F31: Attack Order | G31: Scorching Swarm**
B32: Fissure | C32: OHKO > Trapping, 80% Accuracy | F32: Spacial Rend | G32: Steel Beam
C33: 0BP > 120 BP | F33: Roar of Time | G33: Starburst**
B34: Guillotine | C34: OHKO > Recoil (1/3), 100% Accuracy | F34: Sharpen | G34: Nuzzle
C35: 0BP > 130 BP, Normal > Steel Typing | F35: Flash | G35: Sparkle**
B36: Leaf Tornado | C36: 65 BP > 70 BP, Single Target > Adjacent Foes | F36: Razor Wind | G36: Fire Lash
C37: Accuracy Drop > 100% Atk Drop | F37: Smelling Salts | G37: Psychic Fangs
B38: Imprison & Nightmare | C38: Status > Trapping, 80% Accuracy | F38: Conversion | G38: Flip Turn
C39: 0BP > 100 BP | F39: Mean Look | G39: Barb Barrage
B40: Outrage | C40: Locked In > Recoil | F40: Spider Web | G40: Infernal Parade
B41: Petal Dance | C41: Special > Physical | F41: Lock On | G41: Parting Shot
C42: Locked In > Never Misses, 120 BP > 100 BP | F42: Block | G42: Ice Hammer
B43: Yawn | C43: Instant Sleep, 105% Accuracy > 75% Acc | F43: Camouflage | G43: Trop Kick
B44: Octazooka | C44: 65 BP > 45 BP, Always Crits | F44: Conversion 2 | G44: Spin Out
B45: X-Scissor | C45: 80 BP > 70 BP, Never misses | F45: Mind Reader | G45: Snap Trap
B46: Vital Throw | C46: -1 priority > 0 priority | F46: Bubble | G46: Chilling Water
B47: Sweet Scent | C47: Also lowers Def and SpDef one stage | F47: Transform | G47: Phantom Force
B48: Take Down | C48: No Recoil | F48: Splash | G48: Spirit Break
B49: Pay Day | C49: 40 BP > 50 BP, 100% Crit | F49: Aqua Ring | G49: Fairy Wind
B50: Dream Eater | C50: 75 BP, 50% heal | F50: Charge | G50: Parabolic Zap
C51: Functions like Wake Up Slap, Spread
B52: Brine | C52: Spread Move
B53: Beat Up | C53: Unique Effect > 2x damage to statused targets | F53: Move Buffs
C54: 65 BP, 20% Para Chance, Punch Move
B55: Triple Axel | C55: 35 BP, Hits 3 Times, no Stacking Damage | F55: These moves got a power Boost
B56: Rock Climb | C56: Now a Punching Move | F56: Brutal Swing | G56: Hits Enemies, 100% Eva Drop
B57: Telekinesis | C57: Lowers Evasion | F57: Sky Drop | G57: 60 BP > 100 BP
C58: 65 BP, Psychic, Special, Can't Miss, Spread | F58: Faint Attack | G58: 60 BP > 70 BP
B59: Defog | C59: Works like Rapid Spin, Lowers Evasion | F59: Nuzzle | G59: 20 BP > 55 BP, 30% Para
C60: 55 BP, Flying, Special, Can't Miss, Spread | F60: Secret Power | G60: Never Misses
B61: Ingrain | C61: 0 BP > 70 BP, Grass Type, Physical, 90% Acc | F61: Flash Cannon | G61: 80 BP > 90 BP
C62: Applies Leech Seed | F62: Aerial Ace | G62: 60 BP > 70 BP
B63: Double-Slap | C63: 40 BP, Hits Twice, Fairy Type | F63: Shock Wave | G63: 60 BP > 70 BP
B64: Fiery Dance | C64: 75 BP, 10% Omniboost | F64: Swift | G64: 60 BP > 70 BP
B65: Charge Beam | C65: 75 BP, 10% Omniboost | F65: Magical Leaf | G65: 60 BP > 70 BP
B66: Mega Punch | C66: 75 BP, 10% Omniboost, Fighting Type | F66: Magnet Bomb | G66: 60 BP > 70 BP
B67: Fairy Wind | C67: 75 BP, 10% Omniboost, Fairy Type | F67: Retaliate | G67: Never Misses, 70 BP > 75 BP
B68: Thrash | C68: 85 BP, 10% Omniboost, Normal Type | F68: Ancient Power | G68: 60 BP > 75 BP, 5PP > 10PP
B69: Captivate | C69: No Gender Restriction, Single Target | F69: Ominous Wind | G69: 60 BP > 75 BP, 5PP > 10PP
F70: Silver Wind | G70: 60 BP > 75 BP, 5PP > 10PP
F71: Fire Spin | G71: 35 BP > 100 BP
B72: New Moves | F72: Whirlpool | G72: 35 BP > 100 BP
F73: Sand Tomb | G73: 35 BP > 100 BP
B74: Scorching Swarm | C74: 120 BP | D74: 75% Accuracy | F74: Bind | G74: 35 BP > 100 BP
C75: Bug Type | D75: 10% Burn Chance | F75: Wrap | G75: 35 BP > 100 BP, Poison Typing
B76: Sparkle | C76: 65 BP | D76: 100% Accuracy | F76: Magma Storm | G76: 100 BP > 120 BP
C77: Rock Type | D77: 20% SpA Increase | F77: Infestation | G77: 35 BP > 100 BP
B78: Starburst | C78: 130 BP | D78: 100% Accuracy | F78: Aqua Tail | G78: 90 BP > 105 BP
C79: Fairy Type | D79: 33% Recoil | F79: Crush Claw | G79: 75 BP > 105 BP
F80: DoubleSlap | G80: 15 BP > 25 BP
F81: High H-power | G81: No Effect > 10% Flinch
B82: PP Nerfs | F82: Fly | G82: 90 BP > 100 BP
F83: Ice Fang | G83: 65 BP > 75 BP
B84: The following moves have reduced PP | F84: Fire Fang | G84: 65 BP > 75 BP
B85: Acid Armor (2PP) | C85: Acupressure (2PP) | D85: Amnesia (2PP) | F85: Thunder Fang | G85: 65 BP > 75 BP
B86: Aromatherapy (3PP) | C86: Autotomize (2PP) | D86: Barrier (2PP) | F86: Mud Bomb | G86: 65 BP > 85 BP
B87: Baton Pass (2PP) | C87: Belly Drum (1PP) | D87: Bulk Up (2PP) | F87: Pin Missile | G87: 14 BP > 25 BP
B88: Calm Mind (2PP) | C88: Captivate (5PP) | D88: Charge (5PP) | F88: Comet Punch | G88: 18 BP > 25 BP
B89: Charm (5PP) | C89: Cosmic Power (2PP) | D89: Cotton Guard (2PP) | F89: Dragon Breath | G89: 60 BP > 70 BP
B90: Cotton Spore (5PP) | C90: Curse (2PP) | D90: Defend Order (2PP) | F90: Rock Throw | G90: 50 BP > 60 BP
B91: Defense Curl (3PP) | C91: Defog (5PP) | D91: Double Team (5PP) | F91: Snarl | G91: 55 BP > 65 BP
B92: Dragon Dance (2PP) | C92: Encore (1PP) | D92: Fake Tears (5PP) | F92: Zen Headbutt | G92: 80 BP > 90 BP
B93: FeatherDance (5PP) | C93: Growth (2PP) | D93: Flatter (2PP) | F93: Arm Thrust | G93: 15 BP > 25 BP
B94: Growl (5PP) | C94: Heal Bell (3PP) | D94: Hail (1PP) | F94: Astonish | G94: 30 BP > 60 BP, Phys > Special
B95: Harden (3PP) | C95: Howl (3PP) | D95: Healing Wish (1PP) | F95: Brick Break | G95: 75 BP > 85 BP
B96: Hone Claws (2PP) | C96: Leer (5PP) | D96: Iron Defense (2PP) | F96: Bulldoze | G96: 60 BP > 70 BP
... B106: Wish (5PP) | C106: Tail Whip (5PP) | D106: Double Kick (10PP) | F106: Crabhammer | G106: 90 BP > 100 BP, no high crit, 10% chance to drop defense.
B107: Flatter (2PP) | C107: Wing Attack (20PP) | D107: Drill Peck (10PP)
B108: String Shot (5PP) | C108: Fire Spin (10PP) | D108: Agility (2PP) | F108: Cut | G108: 50 BP > 60 BP, Grass Type
B109: Recover (5PP) | C109: Slack Off (5PP) | D109: Roost (5PP) | F109: Egg Bomb | G109: Physical > Special, Grass Type
B110: Withdraw (3PP) | C110: Light Screen (2PP) | D110: Reflect (2PP) | F110: Ice Punch | G110: 75 BP > 80 BP
B111: Detect (2PP) | C111: Whrilpool (10PP) | D111: Stockpile (2PP) | F111: Incinerate | G111: 30 BP > 60 BP
B112: Smog (10PP) | C112: Protect (2PP) | D112: Scary Face (5PP) | F112: Knock Off | G112: 20 BP > 90 BP
B113: Swagger (2PP) | F113: Leech Life | G113: 20 BP > 80 BP
F114: Lick | G114: 20 BP > 50 BP
F115: Metal Burst | G115: 0 > -5 Priority
B116: Accuracy Increases | F116: Needle Arm | G116: 60 BP > 100 BP
...

Sheet Copy of Ability Changes
B2: Move Changes
B16: Accuracy Changes
B18: Accuracy Increases | F18: Accuracy Decreases
B27: Never-Miss Moves | F27: Evasion Lowering Moves
B37: PP Nerfs
B47: Move Replacements
B53: Recoil Moves
B59: Trapping Moves
B64: New Moves
B68: Omniboost Moves
B72: Misc. Move Reworks
B77: Multihit Moves
B81: Low Accuracy Moves
B86: Power Boosts
B91: Type Changes
B98: Clear Body > Strong Body | F98: Mummy > Contagious
B100: New Description | C100: New Users | F100: New Description | G100: New Users
B101: "Its toughness prevents stat reduction." | F101: "Contact with the Pokémon spreads this Ability."
B107: Rock Head > Determined | F107: Download > Exploit
B109: New Description | C109: New Users | F109: New Description | G109: New Users
B110: "Its sheer determination prevents recoil damage." | F110: "Boosts offense to target a foe's weakness."
B116: Victory Star > Illumination | F116: Multiscale > Majestic Ward
B118: New Description | C118: New Users | F118: New Description | G118: New Users
B119: "Light boosts the accuracy of allies and itself." | F119: "Reduces damage taken while at full health"
B123: Illumination also now provides a 1.2x buff to accuracy, up from 1.1x.

Sheet WIP 
B16: #299 Nosepass | D16: #476 Probopass
B17: Rock | C17: Electric | D17: Rock | E17: Steel
B18: 15+ | C18: 45 | D18: 10+ | E18: 70
B19: 10- | C19: 35 | E19: 55
C20: 135 | E20: 145
B21: 70+ | C21: 115 | D21: 20+ | E21: 95
C22: 90 | E22: 150
B23: 55+ | C23: 85 | E23: 40
B24: 35+ | C24: =SUM(C18:C23) -> 505 | D24: 30+ | E24: =SUM(E18:E23) -> 555
B25: Magnet Pull | D25: Levitate
B26: Keen Senses (Compound Eyes) | D26: Sturdy
B27: Magnet Pull | D27: Levitate
D28: Use Thunderstone on Nosepass
B33: Nosepass | C33: Rock | F33: Rock | G33: Electric

Sheet Mechanic Changes
B2: Mechanic Changes | F2: IMPORTANT
F3: It has not yet been decided whether these changes will be implemented in Cascade White as of yet.
B4: There are very few changes to the core battle mechanics of Pokemon in this romhack, with a few notable exceptions.
F7: I am just using this page to test out formatting for such things and put some ideas down.
B8: Type Chart
B10: A few small small changes have been made to the type chart to provide a more fresh experience for players and address some small balance concerns involved with the introduction of fairies.
B12: CHANGE #1
B13: Normal | C13: The purpose of this change is to provide a small nerf to fairies and a small buff to normal types by providing them a useful and important resistance.
B14: RESISTS
B15: Fairy
C16: The flavor reasoning is that Normal represents the mundane, the ordinary, the opposite of the whimsy and magic of the fairy type.
B19: CHANGE #2
B20: Ice | C20: This is a change meant to provide a meaningful buff to ice types by providing them a useful defensive resistance with which to switch in on.
B21: RESISTS
B22: Water
C23: The flavor reasoning is that Water and Ice are simply different states of the same matter, the only difference being temperature. It should be as hard to freeze water with Ice as it is to melt Ice with water.
B28: Special Battles
F29: Mechanic Changes
B30: While exploring Unova, you will encounter battles where unique conditions are applied to make things more interesting.
B32: These encounters are rare, but become more common as you get deeper into the game. All instances are of altered battle conditions are documented in the Master Sheet.
B34: Some effects include...
B35: Perma Trick Room | C35: Trick Room is set at the start of the battle, and has an infinite duration. It can still be reset by using Trick Room yourself.
B36: Inverse Battles | C36: The type chart is inverted, turning all weaknesses into resists and resists into weaknesses.
B37: Pre-Set Hazards | C37: Hazards are set on the player's side when the battle starts, damaging Pokemon on switch in.
B38: Adjusted Type Charts | C38: Small tweaks to the type chart may be included as part of the challenge of certain areas. I.e. In Drayden's gym, Fairies resist (are not immune to) Dragon moves.
B39: Perma Status | C39: A status condition is applied to all Pokemon in battle, such as Taunt, Grudge, Torment or Heal Block.

Sheet Copy of Type Changes
A2: Typing Changes | G2: A full list of the typing changes made in the hack. | M2: Progression Master Sheet
G4: I foresee that one of this hacks more divisive features will be some of the wild typing changes applied across the Pokedex. For each change, I've attached a short explanation as to why I selected that typing. While my priority was making pokemon mechanically interesting to use, I did pay some consideration to thematics and flavor
A8: Pokémon | B8: Old Typing | E8: New Typing | G8: Reasoning
A9: Charmeleon | B9: Fire | E9: Fire | F9: Dragon | G9: Needs no explanation
A10: Charizard | B10: Fire | C10: Flying | E10: Fire | F10: Dragon
A12: Blastoise | B12: Water | E12: Water | F12: Steel | G12: Pure Water is a difficult typing to make attractive, and Blastoise's artillery like body lends itself to Steel-type flavor.
A13: -
A14: Pidgey | B14: Normal | C14: Flying | E14: Flying | G14: Normal/Flying is very oversaturated, and as Pidgeot is the quintessential bird I thought it should be pure flying.
A15: Pidgeotto | B15: Normal | C15: Flying | E15: Flying
A16: Pidgeot | B16: Normal | C16: Flying | E16: Flying
A17: -
A18: Rattata | B18: Normal | E18: Normal | F18: Dark | G18: A simple nod to their Alolan Cousins, this also gives Raticate an extra STAB to work with and an extra immunity to switch in on.
A19: Raticate | B19: Normal | E19: Normal | F19: Dark
A20: -
A21: Spearow | B21: Normal | C21: Flying | E21: Dark | F21: Flying | G21: Seeking to diversify the Normal/Flying pokemon, Dark made sense for Fearow based on its sharp, aggressive appearance and terrifying presence in the anime.
A22: Fearow | B22: Normal | C22: Flying | E22: Dark | F22: Flying
A23: -
A24: Arbok | B24: Poison | E24: Poison | F24: Dragon | G24: Snek is lizard. Lizard is dragon.
A25: -
A26: Raichu | B26: Electric | E26: Electric | F26: Ground | G26: Based on mice which live underground, burrow, and has flavor on tunneling into people's homes and power plants.
A27: -
A28: Vulpix | B28: Fire | E28: Fire | F28: Fairy | G28: Based on the mythical kitsune, a folk legend and magical monster.
A29: Ninetales | B29: Fire | E29: Fire | F29: Fairy
A30: -
A31: Oddish | B31: Grass | C31: Poison | E31: Poison | F31: Fairy | G31: This one has little thematic basis besides the lore and legends surrounding corpse flowers, upon which Vileplume is based and their association with the moon (and access to moon-based moves like Moonlight and Moonblast). But there are many grass/poisons and this is an interesting typing to make Vileplume a star player in this hack.
A32: Gloom | B32: Grass | C32: Poison | E32: Poison | F32: Fairy
A33: Vileplume | B33: Grass | C33: Poison | E33: Poison | F33: Fairy
A34: -
A35: Parasect | B35: Bug | C35: Grass | E35: Bug | F35: Ghost | G35: Zombie bug
A36: -
A37: Venonat | B37: Bug | C37: Poison | E37: Bug | F37: Psychic | G37: This is purely a change to diversify the type chart. To keep some of its poison-flavor however, it has Poison Heal.
A38: Venomoth | B38: Bug | C38: Poison | E38: Bug | F38: Psychic
A39: -
A40: Dugtrio | B40: Ground | E40: Ground | F40: Fighting | G40: Dugtrio, as one of the few mons with Arena Trap, needs to be a threat. Also I like the little nuggets.
A41: -
A42: Meowth | B42: Normal | E42: Normal | F42: Dark | G42: This lines fixation on wealth, their vain and fickle natures, and their penchant for ambush tactics lend this line to the Dark typing. It's also a nice nod to their Alolan Cousins.
A43: Persian | B43: Normal | E43: Normal | F43: Dark
A44: -
A45: Psyduck | B45: Water | E45: Water | F45: Psychic | G45: Needs no explanation
A46: Golduck | B46: Water | E46: Water | F46: Psychic
A47: -
A48: Growlithe | B48: Fire | E48: Fire | F48: Normal | G48: Yes I wanted it to have STAB Extremespeed. Good doggos deserve good things. If Pyroar is normal type, Arcanine can be.
A49: Arcanine | B49: Fire | E49: Fire | F49: Normal
A50: -
A51: Poliwhirl | B51: Water | E51: Water | F51: Fighting | G51: Just changed to align it with Poliwrath since the only difference between their designs are Poliwrath's angry eyes.
A52: -
A53: Rapidash | B53: Fire | E53: Fire | F53: Fairy | G53: Unicorn
A54: -
A55: Farfetch'd | B55: Normal | C55: Flying | E55: Flying | F55: Fighting | G55: Changed as a nod to its Galarian cousin and to differentiate from other normal/flying types.
A56: -
A57: Doduo | B57: Normal | C57: Flying | E57: Flying | F57: Ground | G57: The grounded ostrich pokemon with earthy color tones makes sense as a ground type to me, but ultimately this change is primarily for type diversity/
A58: Dodrio | B58: Normal | C58: Flying | E58: Flying | F58: Ground
A59: -
A60: Grimer | B60: Poison | E60: Poison | F60: Dark | G60: Once again a nod to their Alolan cousins
A61: Muk | B61: Poison | E61: Poison | F61: Dark
A62: -
A63: Drowzee | B63: Psychic | E63: Psychic | F63: Poison | G63: Hypnosis is a poisoning of the mind, and this line also gets a lot of poison moves for some reason. This gives it a unique typing.
A64: Hypno | B64: Psychic | E64: Psychic | F64: Poison
A65: -
A66: Krabby | B66: Water | E66: Water | F66: Bug | G66: Krabs are arthropods, like Armaldo and Crustle. A physically offensive Water/Bug type is also really interesting to use.
A67: Kingler | B67: Water | E67: Water | F67: Bug
A68: -
A69: Voltorb | B69: Electric | E69: Electric | F69: Steel | G69: They are meant to resemble pokeballs, metallic devices. This also greatly increases Electrode's pivoting opportunities.
A70: Electrode | B70: Electric | E70: Electric | F70: Steel
A71: -
A72: Marowak | B72: Ground | E72: Ground | F72: Ghost | G72: Another nod to the Alola Forms, but also just makes sense.
A73: -
A74: Koffing | B74: Poison | E74: Poison | F74: Fire | G74: Koffing and Weezing are furnaces that disgorge toxic fumes into the air. It makes since they also produce heat, and they get a ton of fire moves already.
A75: Weezing | B75: Poison | E75: Poison | F75: Fire
A76: -
A77: Kangaskhan | B77: Normal | E77: Normal | F77: Dragon | G77: Lizard-ish features, which means dragon
A78: -
A79: Seadra | B79: Water | E79: Water | F79: Dragon | G79: Just aligning it with Kingdra's typing to be more useful early game.
A80: -
A81: Elekid | B81: Electric | E81: Electric | F81: Fighting | G81: I legitimately thought Electivire was Electric/Fighting when I first played Platinum. So that's enough for me.
A82: Electabuzz | B82: Electric | E82: Electric | F82: Fighting
A83: Electivire | B83: Electric | E83: Electric | F83: Fighting
A84: -
A85: Magby | B85: Fire | E85: Fire | F85: Poison | G85: Leaning into it being a volcanic pokemon, I thought it'd be cool to lean into all the toxic volcanic gas that eruptions create. An offensive poison/fire to contrast with Weezing.
A86: Magmar | B86: Fire | E86: Fire | F86: Poison
A87: Magmortar | B87: Fire | E87: Fire | F87: Poison
A88: -
A89: Lapras | B89: Water | C89: Ice | E89: Ice | F89: Dragon | G89: There are many water/ice types and I wanted to differntiate Lapras more.
A90: -
A91: Porygon | B91: Normal | E91: Normal | F91: Electric | G91: A pokemon that exists in the digital world, which is entirely supported and rendered by electronics, should probably be electric IMO. I always thought it was very weird that it wasn't.
A92: Porygon2 | B92: Normal | E92: Normal | F92: Electric
A93: Porygon-Z | B93: Normal | E93: Normal | F93: Electric
A94: -
A95: Bayleef | B95: Grass | E95: Grass | F95: Fairy | G95: A pretty common buff for this line. Bulky Fairies are always good, and meganium deserves some love.
A96: Meganium | B96: Grass | E96: Grass | F96: Fairy
A97: -
A98: Quilava | B98: Fire | E98: Fire | F98: Ground | G98: A volcano pokemon, a living eruption, ground helps Typhlosion stand out and a fast fire ground type is super cool.
A99: Typhlosion | B99: Fire | E99: Fire | F99: Ground
A100: -
