Workbook

Sheet Overview
B2: Pokemon Change Docs
B5: These documents will outline all the changes made to the mechanics of the game: including all changes to the stats, typings, abilities, and learnsets of all 649 Pokemon.
B7: Pokemon are grouped together by evolution line, placed in the generation where said line was introduced. For example, Pichu is in Kanto because Pikachu was introduced in Gen 1.
B9: You can find full documentation on moves, abilities, and typing changes on their associated tabs!
B13: Note! | C13: Normal Types are immune to Curse, Psychic types are immune to confusion
B15: Note! | C15: Ice Types get 1.5x defense in Hail.
B17: Hidden Abilities | C17: Wild Pokemon have a 10% chance to be found with their hidden ability if it's unique from their other abilities.
B21: Move Changes | E21: Ability Changes | H21: Typing Changes
B25: Kanto: #1-151
B28: Johto: #152-251
B31: Hoenn: #252-386
B34: Sinnoh: #387-493
B37: Unova: #494-649

Sheet Kanto
B2: Kanto: #1-151 | I2: Note!
I3: Because evolution lines are grouped together, some pokemon from later generations are here.
B4: *note, evolution lines are grouped together, so some gen 2 and 4 mons are here
H9: Bulbasaur | J9: Ivysaur | L9: Venusaur | N9: Now Compatible With
H10: 1 | I10: Vine Whip | J10: 1 | K10: Vine Whip | L10: 1 | M10: Wrap | N10: TM34: Sludge Wave
H11: 4 | I11: Sweet Scent | J11: 4 | K11: Sweet Scent | L11: 1 | M11: Sweet Scent | N11: TM57: Weather Ball
H12: 7 | I12: Leech Seed | J12: 7 | K12: Leech Seed | L12: 1 | M12: Leech Seed | N12: TM85: Play Rough
H13: 10 | I13: Mega Drain | J13: 10 | K13: Mega Drain | L13: 1 | M13: Spit Up | N13: TM63: Slam
H14: 13 | I14: Poisonpowder | J14: 13 | K14: Poisonpowder | L14: 13 | M14: Poisonpowder | N14: TM54: Breaking Swipe
B15: #1 Bulbasaur | D15: # 2 Ivysaur | F15: #3 Venusaur | H15: 13 | I15: Stun Spore | J15: 13 | K15: Stun Spore | L15: 13 | M15: Stun Spore | N15: Tutor: Earth Power
A16: Type | B16: Grass | C16: Poison | D16: Grass | E16: Poison | F16: Grass | G16: Poison | H16: 15 | I16: Venoshock | J16: 15 | K16: Venoshock | L16: 15 | M16: Venoshock | N16: TM05: Knock Off
A17: HP | C17: 45 | E17: 60 | G17: 80 | H17: 19 | I17: Leaf Tornado | J17: 19 | K17: Leaf Tornado | L17: 19 | M17: Leaf Tornado
A18: Attack | B18: 13- | C18: 36 | D18: 15- | E18: 47 | F18: 15- | G18: 67 | H18: 23 | I18: Bulldoze | J18: 23 | K18: Bulldoze | L18: 23 | M18: Bulldoze
A19: Defence | B19: 10+ | C19: 59 | D19: 15+ | E19: 78 | F19: 15+ | G19: 98 | H19: 27 | I19: Synthesis | J19: 27 | K19: Synthesis | L19: 27 | M19: Synthesis
A20: SpAtk | C20: 65 | D20: 5+ | E20: 85 | F20: 5+ | G20: 105 | H20: 32 | I20: Petal Dance | J20: 32 | K20: Petal Dance | L20: 32 | M20: Petal Dance
A21: SpDef | B21: 10+ | C21: 75 | D21: 15+ | E21: 95 | F21: 15+ | G21: 115 | H21: 36 | I21: Earth Power | J21: 36 | K21: Earth Power | L21: 36 | M21: Earth Power
A22: Speed | C22: 45 | E22: 60 | G22: 80 | J22: 40 | K22: Sleep Powder | L22: 40 | M22: Sleep Powder
A23: Total | B23: 7+ | C23: =SUM(C17:C22) -> 325 | D23: 15+ | E23: =SUM(E17:E22) -> 425 | F23: 20+ | G23: =SUM(G17:G22) -> 545 | J23: 43 | K23: Roar | L23: 43 | M23: Roar
A24: Ability 1 | B24: Thick Fat | D24: Thick Fat | F24: Thick Fat | J24: 46 | K24: Amnesia | L24: 46 | M24: Amnesia
A25: Ability 2 | B25: Overgrow | D25: Overgrow | F25: Overgrow | J25: 50 | K25: Sludge Bomb | L25: 50 | M25: Sludge Bomb
A26: Ability 3 (HA) | B26: Huge Power | D26: Huge Power | F26: Huge Power | J26: 53 | K26: Power Whip | L26: 53 | M26: Power Whip
A27: Evolution Changes | F27: Level 36 | L27: 57 | M27: Growth
L28: 62 | M28: Leaf Storm
L29: 70 | M29: Hyper Beam
H33: Charmander | J33: Charmeleon | L33: Charizard | N33: Now Compatible With
H34: 1 | I34: Ember | J34: 1 | K34: Ember | L34: 1 | M34: Sky Attack | N34: TM62: Acrobatics
H35: 1 | I35: Growl | J35: 1 | K35: Growl | L35: 1 | M35: Earthquake | N35: TM47: Low Sweep
H36: 7 | I36: Smokescreen | J36: 7 | K36: Smokescreen | L36: 1 | M36: Steel Wing | N36: TM54: Breaking Swipe
H37: 10 | I37: Flame Wheel | J37: 10 | K37: Flame Wheel | L37: 10 | M37: Flame Wheel | N37: TM48: Mystical Fire
H38: 13 | I38: Metal Claw | J38: 13 | K38: Metal Claw | L38: 13 | M38: Metal Claw | N38: TM63: Slam
B39: #4 Charmander | D39: #5 Charmeleon | F39: #6 Charizard | H39: 16 | I39: Breaking Swipe | J39: 16 | K39: Breaking Swipe | L39: 16 | M39: Breaking Swipe | N39: Tutor: Dragon Pulse
A40: Type | B40: Fire | C40: Dragon | D40: Fire | E40: Dragon | F40: Fire | G40: Dragon | H40: 20 | I40: Slash | J40: 20 | K40: Slash | L40: 20 | M40: Slash | N40: Tutor: Dual Chop
A41: HP | B41: 11+ | C41: 50 | E41: 58 | G41: 78 | H41: 24 | I41: Flamethrower | J41: 24 | K41: Flamethrower | L41: 24 | M41: Flamethrower | N41: TM18: Scorching Sands
A42: Attack | B42: 15+ | C42: 67 | D42: 30+ | E42: 89 | F42: 35+ | G42: 119 | H42: 27 | I42: Scary Face | J42: 27 | K42: Scary Face | L42: 27 | M42: Scary Face | N42: TM12: Taunt
A43: Defence | C43: 43 | E43: 58 | G43: 78 | H43: 30 | I43: Thunderpunch | J43: 30 | K43: Thunderpunch | L43: 30 | M43: Thunderpunch | N43: Tutor: Draco Meteor
A44: SpAtk | B44: 10- | C44: 50 | D44: 10- | E44: 70 | F44: 29- | G44: 80 | H44: 33 | I44: Devour | J44: 33 | K44: Devour | L44: 33 | M44: Devour
A45: SpDef | C45: 50 | E45: 65 | G45: 85 | H45: 36 | I45: Sky Drop | J45: 36 | K45: Sky Drop | L45: 36 | M45: Sky Drop
A46: Speed | C46: 65 | D46: 5+ | E46: 85 | F46: 5+ | G46: 105 | H46: 40 | I46: Dragon Tail | J46: 40 | K46: Dragon Tail | L46: 40 | M46: Dragon Tail
A47: Total | B47: 16+ | C47: =SUM(C41:C46) -> 325 | D47: 20+ | E47: =SUM(E41:E46) -> 425 | F47: 16+ | G47: =SUM(G41:G46) -> 545 | H47: 43 | I47: Work Up | J47: 43 | K47: Work Up | L47: 43 | M47: Work Up
A48: Ability 1 | B48: Flash Fire | D48: Flash Fire | F48: Levitate | H48: 46 | I48: Fire Lash | J48: 46 | K48: Fire Lash | L48: 46 | M48: Fire Lash
A49: Ability 2 | B49: Blaze | D49: Blaze | F49: Blaze | H49: 49 | I49: Roost | J49: 49 | K49: Roost | L49: 49 | M49: Roost
A50: Ability 3 (HA) | B50: Tough Claws | D50: Tough Claws | F50: Tough Claws | H50: 53 | I50: Dragon Rush | J50: 53 | K50: Dragon Rush | L50: 53 | M50: Dragon Rush
A51: Evolution Changes | H51: 58 | I51: Overheat | J51: 58 | K51: Overheat | L51: 58 | M51: Overheat
L52: 64 | M52: Draco Meteor
L53: 70 | M53: Flare Blitz
H57: Squirtle | J57: Wartortle | L57: Blastoise | N57: Now Compatible With
H58: 1 | I58: Brine | J58: 1 | K58: Water Gun | L58: 1 | M58: Zap Cannon | N58: TM46: Aura Sphere
H59: 1 | I59: Defense Curl | J59: 1 | K59: Defense Curl | L59: 1 | M59: Yawn | N59: TM60: Wave Crash
H60: 8 | I60: Rapid Spin | J60: 8 | K60: Rapid Spin | L60: 8 | M60: Rapid Spin | N60: TM79: Body Press
H61: 10 | I61: Bite | J61: 10 | K61: Bite | L61: 10 | M61: Bite | N61: TM20: Hyper Voice
H62: 13 | I62: Mirror Coat | J62: 13 | K62: Mirror Coat | L62: 13 | M62: Mirror Coat
B63: #7 Squirtle | D63: #8 Wartortle | F63: #9 Blastoise | H63: 16 | I63: Metal Claw | J63: 16 | K63: Metal Claw | L63: 16 | M63: Metal Claw
A64: Type | B64: Water | D64: Water | E64: Steel | F64: Water | G64: Steel | H64: 19 | I64: Mist | J64: 19 | K64: Mist | L64: 19 | M64: Mist
A65: HP | C65: 44 | E65: 59 | G65: 79 | H65: 22 | I65: Liquidation | J65: 22 | K65: Liquidation | L65: 22 | M65: Liquidation
A66: Attack | C66: 48 | E66: 63 | G66: 83 | H66: 27 | I66: Protect | J66: 27 | K66: Protect | L66: 27 | M66: Protect
A67: Defence | B67: 11+ | C67: 76 | D67: 15+ | E67: 95 | F67: 15+ | G67: 115 | H67: 32 | I67: Double-Edge | J67: 32 | K67: Double-Edge | L67: 32 | M67: Double-Edge
A68: SpAtk | C68: 50 | E68: 70 | G68: 85 | H68: 36 | I68: Flash Cannon | J68: 36 | K68: Flash Cannon | L68: 36 | M68: Flash Cannon
A69: SpDef | C69: 64 | E69: 80 | G69: 105 | H69: 39 | I69: Block | J69: 39 | K69: Block | L69: 39 | M69: Block
A70: Speed | C70: 43 | E70: 58 | G70: 78 | H70: 42 | I70: Hydro Pump | J70: 42 | K70: Hydro Pump | L70: 42 | M70: Hydro Pump
A71: Total | B71: 11+ | C71: =SUM(C65:C70) -> 325 | D71: 15+ | E71: =SUM(E65:E70) -> 425 | F71: 15+ | G71: =SUM(G65:G70) -> 545 | H71: 45 | I71: Aqua Ring | J71: 45 | K71: Aqua Ring | L71: 45 | M71: Aqua Ring
A72: Ability 1 | B72: Shell Armor | D72: Shell Armor | F72: Shell Armor | H72: 47 | I72: Gyro Ball | J72: 47 | K72: Gyro Ball | L72: 47 | M72: Gyro Ball
A73: Ability 2 | B73: Torrent | D73: Torrent | F73: Torrent | H73: 53 | I73: Wave Crash | J73: 53 | K73: Wave Crash | L73: 53 | M73: Wave Crash
A74: Ability 3 (HA) | B74: Rain Dish | D74: Rain Dish | F74: Rock Head | H74: 57 | I74: Iron Defense | J74: 57 | K74: Iron Defense | L74: 57 | M74: Iron Defense
A75: Evolution Changes | H75: 60 | I75: Skull Bash | J75: 60 | K75: Skull Bash | L75: 60 | M75: Skull Bash
H76: 66 | I76: Steel Beam | J76: 66 | K76: Steel Beam | L76: 66 | M76: Steel Beam
H77: 70 | I77: Hyper Beam | J77: 70 | K77: Hyper Beam | L77: 70 | M77: Hyper Beam
H81: Caterpie | J81: Metapod | L81: Butterfree | N81: Now Compatible With
H82: 1 | I82: Tackle | J82: 10 | K82: Harden | L82: 1 | M82: Silver Wind | N82: TM58: Hurricane
H83: 1 | I83: String Shot | J83: 14 | K83: Flail | L83: 18 | M83: Psybeam | N83: TM32: Dazzling Gleam
H84: 4 | I84: Bug Bite | L84: 20 | M84: Stun Spore | N84: TM04: Shock Wave
H85: 6 | I85: Struggle Bug | L85: 20 | M85: Sleep Powder | N85: TM50: Water Pulse
H86: 8 | I86: Electroweb | L86: 20 | M86: Poisonpowder | N86: TM06: Magical Leaf
B87: #10 Caterpie | D87: #11 Metapod | F87: #12 Butterfree | L87: 22 | M87: Air Cutter | N87: TM90: Draining Kiss
A88: Type | B88: Bug | D88: Bug | F88: Bug | G88: Flying | L88: 25 | M88: Giga Drain | N88: TM41: Infestation
A89: HP | C89: 45 | E89: 50 | F89: 20+ | G89: 80 | L89: 29 | M89: Sweet Scent
A90: Attack | C90: 30 | E90: 20 | G90: 45 | L90: 31 | M90: Pollen Puff
A91: Defence | C91: 35 | D91: 40+ | E91: 95 | G91: 50 | L91: 33 | M91: Air Slash
A92: SpAtk | C92: 20 | D92: 50+ | E92: 75 | F92: 30+ | G92: 110 | L92: 35 | M92: U-Turn
A93: SpDef | C93: 20 | D93: 50+ | E93: 75 | G93: 80 | L93: 37 | M93: Safeguard
A94: Speed | C94: 45 | E94: 30 | F94: 25+ | G94: 95 | L94: 39 | M94: Fairy Wind
A95: Total | C95: =SUM(C89:C94) -> 195 | D95: 170+ | E95: =SUM(E89:E94) -> 345 | F95: 85+ | G95: =SUM(G89:G94) -> 460 | L95: 41 | M95: Light Screen
A96: Ability 1 | B96: Resilient (Shield Dust) | D96: Resilient (Shield Dust) | F96: Keen Senses (Compoundeyes) | L96: 43 | M96: Scorching Swarm
A97: Ability 2 | B97: Keen Senses (Compoundeyes) | D97: Battle Armor | F97: Tinted Lens | L97: 46 | M97: Psychic
A98: Ability 3 (HA) | B98: Swarm | D98: Swarm | F98: Swarm | L98: 50 | M98: Tailwind
A99: Evolution Changes | D99: Level 10 | F99: Level 18 | L99: 55 | M99: Hurricane
L100: 60 | M100: Quiver Dance
H104: Weedle | J104: Kakuna | L104: Beedrill | N104: Now Compatible With
H105: 1 | I105: Tackle | J105: 10 | K105: Harden | L105: 1 | M105: Brutal Swing | N105: TM77: Bug Buzz
H106: 1 | I106: String Shot | J106: 14 | K106: Pin Missile | L106: 18 | M106: Assurance | N106: TM45: Lunge
H107: 4 | I107: Bug Bite | L107: 20 | M107: Toxic | N107: TM01: Psychic Fangs
H108: 6 | I108: Faint Attack | L108: 23 | M108: Barb Barrage | N108: TM88: Pluck
H109: 8 | I109: Poison Sting | L109: 25 | M109: Drill Run | N109: HM02: Fly
B110: #13 Weedle | D110: #14 Kakuna | F110: #15 Beedrill | L110: 28 | M110: Double Team
A111: Type | B111: Bug | C111: Poison | D111: Bug | E111: Poison | F111: Bug | G111: Poison | L111: 31 | M111: X-Scissor
A112: HP | C112: 40 | D112: 5+ | E112: 50 | G112: 65 | L112: 34 | M112: Poison Jab
A113: Attack | C113: 35 | D113: 50+ | E113: 75 | F113: 15+ | G113: 105 | L113: 37 | M113: Endeavor
A114: Defence | C114: 30 | D114: 45+ | E114: 95 | G114: 40 | L114: 40 | M114: Twineedle
A115: SpAtk | C115: 20 | E115: 25 | G115: 45 | L115: 43 | M115: Endure
A116: SpDef | C116: 20 | D116: 40+ | E116: 65 | F116: 25+ | G116: 105 | L116: 46 | M116: Cross Poison
A117: Speed | C117: 50 | E117: 35 | F117: 25+ | G117: 100 | L117: 49 | M117: Needle Arm
...

Sheet Johto
A1: F
B2: Johto: #152-251 | I2: Note! | K2: Kanto
I3: Because evolution lines are grouped together, the following Johto pokemon are not on this sheet.
B4: *note, evolution lines are grouped together, so some gen 3 and 4 mons are here
K6: Igglybuff, Cleffa, Pichu, Bellossom, Politoed, Espeon, Umbreon, Slowking, Steelix, Scizor, Kingdra, Porygon2, Tyrogue, Hitmontop, Smoochum, Elekid, Magby, Blissey
H9: Chikorita | J9: Bayleef | L9: Meganium | N9: Now Compatible With
H10: 1 | I10: Tackle | J10: 1 | K10: Tackle | L10: 1 | M10: Skull Bash | N10: TM85: Play Rough
H11: 1 | I11: Growl | J11: 1 | K11: Growl | L11: 1 | M11: Sleep Powder | N11: TM32: Dazzling Gleam
H12: 7 | I12: Poisonpowder | J12: 7 | K12: Poisonpowder | L12: 7 | M12: Poisonpowder | N12: TM48: Mystical Fire
H13: 10 | I13: Stomp | J13: 10 | K13: Stomp | L13: 10 | M13: Stomp | N13: TM29: Psychic
H14: 13 | I14: Bullet Seed | J14: 13 | K14: Bullet Seed | L14: 13 | M14: Bullet Seed | N14: TM79: Body Press
B15: #152 Chikorita | D15: #153 Bayleef | F15: #154 Meganium | H15: 15 | I15: Safeguard | J15: 15 | K15: Safeguard | L15: 15 | M15: Safeguard | N15: TM92: Solar Blade
A16: Type | B16: Grass | D16: Grass | E16: Fairy | F16: Grass | G16: Fairy | H16: 18 | I16: Natural Gift | J16: 18 | K16: Natural Gift | L16: 18 | M16: Natural Gift | N16: TM03: Psyshock
A17: HP | C17: 45 | E17: 60 | G17: 80 | H17: 23 | I17: Dazzling Gleam | J17: 23 | K17: Dazzling Gleam | L17: 23 | M17: Dazzling Gleam
A18: Attack | B18: 16+ | C18: 66 | D18: 20+ | E18: 82 | F18: 20+ | G18: 102 | H18: 26 | I18: Horn Leech | J18: 26 | K18: Horn Leech | L18: 26 | M18: Horn Leech
A19: Defence | C19: 65 | E19: 80 | G19: 100 | H19: 30 | I19: Light Screen | J19: 30 | K19: Light Screen | L19: 30 | M19: Light Screen
A20: SpAtk | C20: 49 | E20: 63 | G20: 83 | H20: 30 | I20: Reflect | J20: 36 | K20: Reflect | L20: 36 | M20: Reflect
A21: SpDef | C21: 65 | E21: 80 | G21: 100 | H21: 36 | I21: Petal Dance | J21: 36 | K21: Petal Dance | L21: 36 | M21: Petal Dance
A22: Speed | C22: 45 | E22: 60 | G22: 80 | H22: 40 | I22: Heart Stamp | J22: 40 | K22: Heart Stamp | L22: 40 | M22: Heart Stamp
A23: Total | B23: 16+ | C23: =SUM(C17:C22) -> 335 | D23: 20+ | E23: =SUM(E17:E22) -> 425 | F23: 20+ | G23: =SUM(G17:G22) -> 545 | H23: 44 | I23: Synthesis | J23: 44 | K23: Synthesis | L23: 44 | M23: Synthesis
A24: Ability 1 | B24: Overgrow | D24: Overgrow | F24: Overgrow | J24: 50 | K24: Earthquake | L24: 50 | M24: Earthquake
A25: Ability 2 | B25: Healer | D25: Healer | F25: Healer | J25: 54 | K25: Petal Blizzard | L25: 54 | M25: Petal Blizzard
A26: Ability 3 (HA) | B26: Natural Cure | D26: Natural Cure | F26: Flower Gift | J26: 60 | K26: Growth | L26: 60 | M26: Growth
A27: Evolution Changes | F27: Level 36 | J27: 62 | K27: Headlong Rush | L27: 62 | M27: Headlong Rush
L28: 68 | M28: Giga Impact
H32: Cyndaquil | J32: Quilava | L32: Typhlosion | N32: Now Compatible With
H33: 1 | I33: Quick Attack | J33: 1 | K33: Quick Attack | L33: 1 | M33: Magma Storm | N33: Tutor: Earth Power
H34: 1 | I34: Leer | J34: 1 | K34: Leer | L34: 1 | M34: Sand Tomb | N34: TM48: Mystical Fire
H35: 4 | I35: Smokescreen | J35: 4 | K35: Smokescreen | L35: 4 | M35: Smokescreen
H36: 6 | I36: Flame Wheel | J36: 6 | K36: Flame Wheel | L36: 6 | M36: Flame Wheel
H37: 10 | I37: Dig | J37: 10 | K37: Dig | L37: 10 | M37: Dig
B38: #155 Cyndaquil | D38: #156 Quilava | F38: #157 Typhlosion | H38: 13 | I38: Extrasensory | J38: 13 | K38: Extrasensory | L38: 13 | M38: Extrasensory
A39: Type | B39: Fire | D39: Fire | E39: Ground | F39: Fire | G39: Ground | H39: 17 | I39: Mud Shot | J39: 17 | K39: Mud Shot | L39: 17 | M39: Mud Shot
A40: HP | C40: 39 | E40: 58 | G40: 78 | H40: 20 | I40: Infernal Parade | J40: 20 | K40: Infernal Parade | L40: 20 | M40: Infernal Parade
A41: Attack | C41: 52 | E41: 64 | G41: 84 | H41: 24 | I41: Endure | J41: 24 | K41: Endure | L41: 24 | M41: Endure
A42: Defence | C42: 43 | E42: 58 | G42: 78 | H42: 27 | I42: Gyro Ball | J42: 27 | K42: Gyro Ball | L42: 27 | M42: Gyro Ball
A43: SpAtk | B43: 16+ | C43: 76 | D43: 20+ | E43: 100 | F43: 11+ | G43: 120 | H43: 30 | I43: Scorching Sands | J43: 30 | K43: Scorching Sands | L43: 30 | M43: Scorching Sands
A44: SpDef | C44: 50 | E44: 65 | G44: 85 | H44: 33 | I44: Defense Curl | J44: 33 | K44: Defense Curl | L44: 33 | M44: Defense Curl
A45: Speed | C45: 65 | E45: 80 | G45: 100 | H45: 36 | I45: Flare Blitz | J45: 36 | K45: Flare Blitz | L45: 36 | M45: Flare Blitz
A46: Total | B46: 11+ | C46: =SUM(C40:C45) -> 325 | D46: 20+ | E46: =SUM(E40:E45) -> 425 | F46: 11+ | G46: =SUM(G40:G45) -> 545 | H46: 40 | I46: Reversal | J46: 40 | K46: Reversal | L46: 40 | M46: Reversal
A47: Ability 1 | B47: Blaze | D47: Blaze | F47: Blaze | H47: 44 | I47: Lava Plume | J47: 44 | K47: Lava Plume | L47: 44 | M47: Lava Plume
A48: Ability 2 | B48: Flash Fire | D48: Sand Rush | F48: Sand Rush | H48: 48 | I48: Extremespeed | J48: 48 | K48: Extremespeed | L48: 48 | M48: Extremespeed
A49: Ability 3 (HA) | B49: Turboblaze | D49: Turboblaze | F49: Turboblaze | H49: 52 | I49: Earth Power | J49: 52 | K49: Earth Power | L49: 52 | M49: Earth Power
A50: Evolution Changes | J50: 57 | K50: Extremespeed | L50: 57 | M50: Blast Burn
L51: 64 | M51: Rollout
L52: 73 | M52: Eruption
H56: Totodile | J56: Croconaw | L56: Feraligatr | N56: Now Compatible With
H57: 1 | I57: Rage | J57: 1 | K57: Rage | L57: 1 | M57: Scale Shot | N57: TM60: Wave Crash
H58: 1 | I58: Bite | J58: 1 | K58: Bite | L58: 1 | M58: Clamp | N58: TM68: Avalanche
H59: 6 | I59: Aqua Jet | J59: 6 | K59: Aqua Jet | L59: 1 | M59: Aqua Jet
H60: 10 | I60: Scary Face | J60: 10 | K60: Scary Face | L60: 1 | M60: Scary Face
H61: 15 | I61: Scald | J61: 15 | K61: Scald | L61: 1 | M61: Agility
B62: #158 Totodile | D62: #159 Croconaw | F62: #160 Feraligatr | H62: 18 | I62: Devour | J62: 18 | K62: Devour | L62: 18 | M62: Devour
A63: Type | B63: Water | D63: Water | E63: Dragon | F63: Water | G63: Dragon | H63: 21 | I63: Ice Fang | J63: 21 | K63: Ice Fang | L63: 21 | M63: Ice Fang
A64: HP | B64: 6+ | C64: 56 | E64: 65 | G64: 85 | H64: 24 | I64: Waterfall | J64: 24 | K64: Waterfall | L64: 24 | M64: Waterfall
A65: Attack | C65: 65 | D65: 10+ | E65: 90 | F65: 15+ | G65: 120 | H65: 27 | I65: Block | J65: 27 | K65: Block | L65: 27 | M65: Block
A66: Defence | C66: 64 | E66: 80 | G66: 100 | H66: 30 | I66: Crunch | J66: 30 | K66: Crunch | L66: 30 | M66: Crunch
A67: SpAtk | C67: 44 | E67: 59 | G67: 79 | H67: 34 | I67: Counter | J67: 34 | K67: Counter | L67: 34 | M67: Counter
A68: SpDef | C68: 48 | E68: 63 | G68: 83 | H68: 38 | I68: Dragon Tail | J68: 38 | K68: Dragon Tail | L68: 38 | M68: Dragon Tail
A69: Speed | B69: 5+ | C69: 48 | D69: 10+ | E69: 68 | G69: 78 | H69: 40 | I69: Glare | J69: 40 | K69: Glare | L69: 40 | M69: Glare
A70: Total | B70: 11+ | C70: =SUM(C64:C69) -> 325 | D70: 20+ | E70: =SUM(E64:E69) -> 425 | F70: 10+ | G70: =SUM(G64:G69) -> 545 | H70: 43 | I70: Aqua Tail | J70: 43 | K70: Aqua Tail | L70: 43 | M70: Aqua Tail
A71: Ability 1 | B71: Torrent | D71: Torrent | F71: Torrent | H71: 46 | I71: Spiky Shield | J71: 46 | K71: Spiky Shield | L71: 46 | M71: Spiky Shield
A72: Ability 2 | B72: Rough Skin | D72: Rough Skin | F72: Rough Skin | H72: 51 | I72: Liquidation | J72: 51 | K72: Liquidation | L72: 51 | M72: Liquidation
A73: Ability 3 (HA) | B73: Sheer Force | D73: Sheer Force | F73: Sheer Force | J73: 55 | K73: Dragon Rush | L73: 55 | M73: Dragon Rush
A74: Evolution Changes | F74: Level 36 | J74: 60 | K74: Wave Crash | L74: 60 | M74: Wave Crash
J75: 72 | K75: Dragon Dance | L75: 72 | M75: Dragon Dance
H79: Sentret | J79: Furret | N79: Now Compatible With
H80: 1 | I80: Defense Curl | J80: 1 | K80: Agility | N80: TM85: Play Rough
H81: 1 | I81: Quick Attack | J81: 1 | K81: Flail | N81: TM78: Bulldoze
H82: 5 | I82: Safeguard | J82: 5 | K82: Safeguard | N82: TM39: Rock Tomb
H83: 8 | I83: Follow Me | J83: 8 | K83: Follow Me | N83: Tutor: Zen Headbutt
H84: 11 | I84: Fury Swipes | J84: 11 | K84: Fury Swipes
B85: #161 Sentret | D85: #162 Furret | H85: 13 | I85: Tail Slap | J85: 13 | K85: Tail Slap
A86: Type | B86: Normal | D86: Normal | H86: 16 | I86: Me First | J86: 16 | K86: Me First
A87: HP | B87: 20+ | C87: 55 | E87: 85 | H87: 19 | I87: Endure | J87: 19 | K87: Endure
A88: Attack | B88: 9+ | C88: 55 | D88: 9+ | E88: 85 | H88: 22 | I88: Dig | J88: 22 | K88: Dig
A89: Defence | B89: 31+ | C89: 65 | D89: 31+ | E89: 95 | H89: 25 | I89: Super Fang | J89: 25 | K89: Super Fang
A90: SpAtk | C90: 35 | E90: 45 | H90: 27 | I90: Helping Hand | J90: 27 | K90: Helping Hand
A91: SpDef | B91: 25+ | C91: 65 | D91: 40+ | E91: 95 | H91: 30 | I91: Slam | J91: 30 | K91: Slam
A92: Speed | B92: 40+ | C92: 60 | E92: 90 | H92: 33 | I92: Rest | J92: 33 | K92: Rest
A93: Total | B93: 120+ | C93: =SUM(C87:C92) -> 335 | D93: 80+ | E93: =SUM(E87:E92) -> 495 | H93: 35 | I93: Fake Out | J93: 35 | K93: Fake Out
A94: Ability 1 | B94: Adaptability | D94: Adaptability | H94: 37 | I94: Play Rough | J94: 37 | K94: Play Rough
A95: Ability 2 | B95: Run Away | D95: Run Away | H95: 40 | I95: Double-Edge | J95: 40 | K95: Double-Edge
A96: Ability 3 (HA) | B96: Scrappy | D96: Scrappy | H96: 44 | I96: Baton Pass | J96: 44 | K96: Baton Pass
A97: Evolution Changes | D97: Level 18 | J97: 48 | K97: Reversal
J98: 52 | K98: Brutal Swing
J99: 55 | K99: Giga Impact
J100: 60 | K100: Coil
H104: Hoothoot | J104: Noctowl | N104: Now Compatible With
H105: 1 | I105: Confide | J105: 1 | K105: Blizzard | N105: TM48: Mystical Fire
H106: 1 | I106: Gust | J106: 1 | K106: Psycho Shift | N106: TM61: Will-o-Wisp
H107: 5 | I107: Dream Eater | J107: 5 | K107: Dream Eater | N107: TM58: Hurricane
H108: 8 | I108: Night Shade | J108: 8 | K108: Night Shade | N108: TM06: Magical Leaf
H109: 10 | I109: Defog | J109: 10 | K109: Defog | N109: TM23: Icy Wind
B110: #163 Hoothoot | D110: #164 Noctowl | H110: 13 | I110: Reflect | J110: 13 | K110: Reflect | N110: TM52: Focus Blast
A111: Type | B111: Ghost | C111: Flying | D111: Ghost | E111: Flying | H111: 15 | I111: Uproar | J111: 15 | K111: Uproar | N111: TM30: Shadow Ball
A112: HP | C112: 60 | E112: 100 | H112: 18 | I112: Glare | J112: 18 | K112: Glare
A113: Attack | C113: 30 | E113: 50 | H113: 21 | I113: Hex | J113: 21 | K113: Hex
A114: Defence | B114: 10+ | C114: 40 | D114: 20+ | E114: 70 | H114: 24 | I114: Mean Look | J114: 24 | K114: Mean Look
A115: SpAtk | B115: 40+ | C115: 71 | D115: 15+ | E115: 101 | H115: 28 | I115: Esper Wing | J115: 28 | K115: Esper Wing
...

Sheet Hoenn
B2: Hoenn: #252-386 | I2: Note! | K2: Johto
I3: Because evolution lines are grouped together, the following Hoenn pokemon are not on this sheet.
B4: *note, evolution lines are grouped together, so some gen 4 mons are here
K6: Azurill, Wynaut
H9: Treecko | J9: Grovyle | L9: Sceptile | N9: Now Compatible With
H10: 1 | I10: Quick Attack | J10: 1 | K10: Quick Attack | L10: 1 | M10: Clanging Scales | N10: TM89: U-turn
H11: 1 | I11: Leer | J11: 1 | K11: Leer | L11: 1 | M11: Wood Hammer | N11: Tutor Draco Meteor
H12: 6 | I12: Breaking Swipe | J12: 6 | K12: Breaking Swipe | L12: 1 | M12: Psyblade
H13: 9 | I13: Razor Winds | J13: 9 | K13: Razor Winds | L13: 9 | M13: Razor Winds
H14: 13 | I14: Razor Leaf | J14: 13 | K14: Razor Leaf | L14: 13 | M14: Razor Leaf
B15: #252 Treecko | D15: #253 Grovyle | F15: #254 Sceptile | H15: 16 | I15: Double Team | J15: 16 | K15: Double Team | L15: 16 | M15: Double Team
A16: Type | B16: Grass | D16: Grass | E16: Dragon | F16: Grass | G16: Dragon | H16: 19 | I16: U-Turn | J16: 19 | K16: U-Turn | L16: 19 | M16: U-Turn
A17: HP | C17: 40 | E17: 50 | G17: 70 | H17: 22 | I17: Leaf Tornado | J17: 22 | K17: Leaf Tornado | L17: 22 | M17: Leaf Tornado
A18: Attack | B18: 20+ | C18: 65 | D18: 20+ | E18: 85 | F18: 15+ | G18: 100 | H18: 25 | I18: Screech | J18: 25 | K18: Screech | L18: 25 | M18: Screech
A19: Defence | C19: 35 | E19: 45 | G19: 65 | H19: 29 | I19: Dragon Breath | J19: 29 | K19: Dragon Breath | L19: 29 | M19: Dragon Breath
A20: SpAtk | C20: 65 | E20: 85 | G20: 105 | H20: 33 | I20: Air Slash | J20: 33 | K20: Air Slash | L20: 33 | M20: Air Slash
A21: SpDef | C21: 55 | E21: 65 | G21: 85 | H21: 36 | I21: Trop Kick | J21: 36 | K21: Trop Kick | L21: 36 | M21: Trop Kick
A22: Speed | C22: 70 | D22: ````````````````````````````````````````````````````````````````````````````````````````````````````````````````````````````````````````````````````````````````````````````````````````````````````````````````````````````````````````````````````````````````````````````````````````````````````````````````````````````````````````````````````````````````````````````````````````````````````````````````````````````````````````````````````````````````````````````````````````````````````````````````````````````````````````````````````````````````````````````````````````````````````````````````````````````````````````````````````````````````````````````````````````````````````````````````````````````````````````````````````````````````````````````````````````````````````````````````````````````````````````````````````````````````````````````````````````````````````````````````````````````````````````````````````````````````````````````````````````````````````````````````````````````````````````````````````````````````````````````````````````````````````````````````````````````````````````````````````````````````````````````````````````````````````````````````````````````````````````````````````````````````````````````````````````````````````````````````````````````````````````````````````````````````````````````````````````````````````````````````````````````````````````````````````````````````````````````````````````````````````````````````````````````````````````````````````````````````````````````````````````````````````````````````````````````````````````````````````````````````````````````````````````````````````````````````````````````````````````````````````````````````````````````````````````````````````````````````````````````````````````````````````````````````````````````````````````````````````````````````````````````````````````````````````````````````````````````````````````````````````````````````````````````````````````````````````````````````````````````````````````````````````````````````````````````````````````````````````````````````````````````````````````````````````````````````````````````````````````````````````````````````````````````````````````````````````````````````````````````````````````````````````````````````````````````````````````````````````````````````````````````````````````````````````````````````````````````````````````````````````````````````````````````````````````````````````````````````````````````````````````````````````````````````````````````````````````````````````````````````````````````````````````````````````````````````````````````````````````````````````````````````````````````````````````````````````````````````````````````````````````````````````````````````````````````````````````````````````````````````````````````````````````````````````````````````````````````````````````````````````````````````````````````````````````````````````````````````````````````````````````````````````````````````````````````````````````````````````````````````````````````````````````````````````````````````````````````````````````````````````````````````````````````````````````````````````````````````````````````````````````````````````````````````````````````````````````````````````````````````````````````````````````````````````````````````````````````````````````````````````````````````````````````````````````````````````````````````````````````````````````````````````````````````````````````````````````````````````````````````````````````````````````````````````````````````````````````````````````````````````````````````````````````````````````````````````````````````````````````````````````````````````````````````````````````````````````````````````````````````````````````````````````````````````````````````````````````````````````````````````````````````````````````````````````````````````````````````````````````````````````````````````````````````````````````````````````````````````````````````````````````````````````````````````````````````````````````````````````````````````````````````````````````````````````````````````````````````````````````````````````````````````````````````````````````````````````````````````````````````````````````````````````````````````````````````````````````````````````````````````````````````````````````````````````````````````````````````````````````````````````````````````````````````````````````````````````````````````````````````````````````````````````````````````````````````````````````````````````````````````````````````````````````````````````````````````````````````````````````````````````````````````````````````````````````````````````````````````````````````````````````````````````````````````````````````````````````````````````````````````````````````````````````````````````````````````````````````````````````````````````````````````````````````````````````````````````````````````````````````````````````````````````````````````````````````````````````````````````````````````````````````````````````````````````````````````````````````````````````````````````````````````````````````````````````````````````````````````````````````````````````````````````````````````````````````````````````````````````````````````````````````````````````````````````````````````````````````````````````````````````````````````````````````````````````````````````````````````````````````````````````````````````````````````````````````````````````````````````````````````````````````````````````````````````````````````````````````````````````````````````````````````````````````````````````````````````````````````````````````````````````````````````````````````````````````````````````````````````````````````````````````````````````````````````````````````````````````````````````````````````````````````````````````````````````````````````5` | E22: 95 | G22: 120 | H22: 38 | I22: Weather Ball | J22: 38 | K22: Weather Ball | L22: 38 | M22: Weather Ball
A23: Total | B23: 20+ | C23: =SUM(C17:C22) -> 330 | D23: 20+ | E23: =SUM(E17:E22) -> 425 | F23: 15+ | G23: =SUM(G17:G22) -> 545 | H23: 42 | I23: Dragon Pulse | J23: 42 | K23: Dragon Pulse | L23: 42 | M23: Dragon Pulse
A24: Ability 1 | B24: Technician | D24: Hyper Cutter | F24: Hyper Cutter | H24: 45 | I24: Slam | J24: 45 | K24: Slam | L24: 45 | M24: Slam
A25: Ability 2 | B25: Overgrow | D25: Overgrow | F25: Overgrow | H25: 48 | I25: Leaf Blade | J25: 48 | K25: Leaf Blade | L25: 48 | M25: Leaf Blade
A26: Ability 3 (HA) | B26: Unburden | D26: Unburden | F26: Exploit (Download) | J26: 54 | K26: Fake Out | L26: 54 | M26: Fake Out
A27: Evolution Changes | J27: 58 | K27: Guillotine | L27: 58 | M27: Guillotine
L28: 65 | M28: Leaf Storm
L29: 77 | M29: Draco Meteor
H33: Torchic | J33: Combusken | L33: Blaziken | N33: Now Compatible With
H34: 1 | I34: Pluck | J34: 1 | K34: Pluck | L34: 1 | M34: Reversal | N34: TM89: U-turn
H35: 1 | I35: Quick Attack | J35: 1 | K35: Quick Attack | L35: 1 | M35: Close Combat | N35: TM18: Scorching Sands
H36: 7 | I36: Sand Attack | J36: 7 | K36: Sand Attack | L36: 1 | M36: Flare Blitz | N36: TM07: Drain Punch
H37: 10 | I37: Natural Gift | J37: 10 | K37: Natural Gift | L37: 10 | M37: Natural Gift | N37: HM02: Fly
H38: 13 | I38: Flame Burst | J38: 13 | K38: Flame Burst | L38: 13 | M38: Flame Burst | N38: TM58: Hurricane
B39: #255 Torchic | D39: #256 Combusken | F39: #257 Blaziken | H39: 16 | I39: Sky Uppercut | J39: 16 | K39: Sky Uppercut | L39: 16 | M39: Sky Uppercut | N39: TM11: Air Slash
A40: Type | B40: Fire | D40: Fire | E40: Flying | F40: Fire | G40: Flying | H40: 19 | I40: Aerial Ace | J40: 19 | K40: Aerial Ace | L40: 19 | M40: Aerial Ace | N40: TM62: Acrobatics
A41: HP | C41: 45 | E41: 60 | G41: 80 | H41: 22 | I41: Endure | J41: 22 | K41: Endure | L41: 22 | M41: Endure | N41: TM46: Aura Sphere
A42: Attack | C42: 60 | E42: 85 | G42: 120 | H42: 25 | I42: U-turn | J42: 25 | K42: U-turn | L42: 25 | M42: U-turn
A43: Defence | C43: 40 | E43: 60 | G43: 70 | H43: 28 | I43: Jump Kick | J43: 28 | K43: Jump Kick | L43: 28 | M43: Jump Kick
A44: SpAtk | C44: 70 | E44: 85 | G44: 110 | H44: 31 | I44: Bounce | J44: 31 | K44: Bounce | L44: 31 | M44: Bounce
A45: SpDef | C45: 50 | E45: 60 | G45: 70 | H45: 34 | I45: Agility | J45: 34 | K45: Agility | L45: 34 | M45: Agility
A46: Speed | B46: 15+ | C46: 60 | D46: 20+ | E46: 75 | F46: 15+ | G46: 95 | H46: 40 | I46: Fire Spin | J46: 40 | K46: Fire Spin | L46: 40 | M46: Fire Spin
A47: Total | B47: 15+ | C47: =SUM(C41:C46) -> 325 | D47: 20+ | E47: =SUM(E41:E46) -> 425 | F47: 15+ | G47: =SUM(G41:G46) -> 545 | H47: 44 | I47: Feather Dance | J47: 44 | K47: Feather Dance | L47: 44 | M47: Feather Dance
A48: Ability 1 | B48: Blaze | D48: Blaze | F48: Blaze | H48: 47 | I48: Acrobatics | J48: 47 | K48: Acrobatics | L48: 47 | M48: Acrobatics
A49: Ability 2 | B49: Quick Feet | D49: Quick Feet | F49: Quick Feet | J49: 51 | K49: Hi Jump Kick | L49: 51 | M49: Hi Jump Kick
A50: Ability 3 (HA) | B50: Flash Fire | D50: Flash Fire | F50: Rock Head | J50: 57 | K50: Blaze Kick | L50: 57 | M50: Blaze Kick
A51: Evolution Changes | L51: 64 | M51: Brave Bird
H55: Mudkip | J55: Marshtomp | L55: Swampert | N55: Now Compatible With
H56: 1 | I56: Growl | J56: 1 | K56: Growl | L56: 1 | M56: Ice Hammer | N56: TM60: Wave Crash
H57: 1 | I57: Barrage | J57: 1 | K57: Barrage | L57: 1 | M57: Yawn | N57: TM07: Drain Punch
H58: 7 | I58: Mud Shot | J58: 7 | K58: Mud Shot | L58: 1 | M58: High Horsepower | N58: TM08: Dizzy Punch
H59: 10 | I59: Aqua Jet | J59: 10 | K59: Aqua Jet | L59: 10 | M59: Aqua Jet
H60: 14 | I60: Supersonic | J60: 14 | K60: Supersonic | L60: 14 | M60: Supersonic
B61: #258 Mudkip | D61: #259 Marshtomp | F61: #260 Swampert | H61: 17 | I61: Mud Bomb | J61: 17 | K61: Mud Bomb | L61: 17 | M61: Mud Bomb
A62: Type | B62: Water | D62: Water | E62: Ground | F62: Water | G62: Ground | H62: 20 | I62: Ice Punch | J62: 20 | K62: Ice Punch | L62: 20 | M62: Ice Punch
A63: HP | C63: 50 | D63: 5+ | E63: 75 | G63: 100 | H63: 23 | I63: Muddy Water | J63: 23 | K63: Muddy Water | L63: 23 | M63: Muddy Water
A64: Attack | C64: 70 | E64: 85 | G64: 110 | H64: 27 | I64: Amnesia | J64: 27 | K64: Amnesia | L64: 27 | M64: Amnesia
A65: Defence | C65: 50 | E65: 70 | G65: 90 | H65: 32 | I65: Bulldoze | J65: 32 | K65: Bulldoze | L65: 32 | M65: Bulldoze
A66: SpAtk | C66: 50 | E66: 60 | F66: 15- | G66: 70 | H66: 36 | I66: Hammer Arm | J66: 36 | K66: Hammer Arm | L66: 36 | M66: Hammer Arm
A67: SpDef | C67: 50 | E67: 70 | G67: 90 | H67: 40 | I67: Aqua Tail | J67: 40 | K67: Aqua Tail | L67: 40 | M67: Aqua Tail
A68: Speed | B68: 15+ | C68: 55 | D68: 15+ | E68: 65 | F68: 25+ | G68: 85 | J68: 44 | K68: Avalanche | L68: 44 | M68: Avalanche
A69: Total | B69: 15+ | C69: =SUM(C63:C68) -> 325 | D69: 20+ | E69: =SUM(E63:E68) -> 425 | F69: 10+ | G69: =SUM(G63:G68) -> 545 | J69: 48 | K69: Wide Guard | L69: 48 | M69: Wide Guard
A70: Ability 1 | B70: Torrent | D70: Torrent | F70: Sheer Force | J70: 53 | K70: Liquidation | L70: 53 | M70: Liquidation
A71: Ability 2 | B71: Forewarn | D71: Forewarn | F71: Forewarn | L71: 57 | M71: Earthquake
A72: Ability 3 (HA) | B72: Swift Swim | D72: Swift Swim | F72: Swift Swim | L72: 63 | M72: Protect
A73: Evolution Changes | L73: 69 | M73: Fissure
H77: Poochyena | J77: Mightyena | N77: Now Compatible With
H78: 1 | I78: Lick | J78: 1 | K78: Lick | N78: TM45: Play Rough
H79: 1 | I79: Leer | J79: 1 | K79: Superpower | N79: TM05: Knock Off
H80: 4 | I80: Snarl | J80: 4 | K80: Snarl
H81: 8 | I81: Growl | J81: 8 | K81: Growl
H82: 10 | I82: Taunt | J82: 10 | K82: Taunt
B83: #261 Poochyena | D83: #262 Mightyena | H83: 12 | I83: Bite | J83: 12 | K83: Bite
A84: Type | B84: Dark | D84: Dark | H84: 14 | I84: Poison Fang | J84: 14 | K84: Poison Fang
A85: HP | B85: 15+ | C85: 50 | E85: 70 | H85: 18 | I85: Assurance | J85: 18 | K85: Assurance
A86: Attack | B86: 20+ | C86: 75 | D86: 20+ | E86: 110 | H86: 22 | I86: Scary Face | J86: 22 | K86: Scary Face
A87: Defence | B87: 30+ | C87: 65 | D87: 10+ | E87: 80 | H87: 26 | I87: Fire Fang | J87: 26 | K87: Fire Fang
A88: SpAtk | C88: 30 | E88: 60 | H88: 26 | I88: Thunder Fang | J88: 26 | K88: Thunder Fang
A89: SpDef | B89: 15+ | C89: 45 | E89: 60 | H89: 26 | I89: Ice Fang | J89: 26 | K89: Ice Fang
A90: Speed | B90: 35+ | C90: 70 | D90: 35+ | E90: 105 | H90: 29 | I90: Double-Edge | J90: 29 | K90: Double-Edge
A91: Total | B91: 110+ | C91: =SUM(C85:C90) -> 335 | D91: 65+ | E91: =SUM(E85:E90) -> 485 | H91: 32 | I91: Swagger | J91: 32 | K91: Swagger
A92: Ability 1 | B92: Intimidate | D92: Intimidate | H92: 36 | I92: Crunch | J92: 36 | K92: Crunch
A93: Ability 2 | B93: Strong Jaw | D93: Strong Jaw | H93: 39 | I93: Sucker Punch | J93: 39 | K93: Sucker Punch
A94: Ability 3 (HA) | B94: Moxie | D94: Moxie | H94: 43 | I94: Psychic Fangs | J94: 43 | K94: Psychic Fangs
A95: Evolution Changes | J95: 45 | K95: Super Fang
J96: 48 | K96: Me First
J97: 52 | K97: Parting Shot
J98: 55 | K98: Howl
J99: 58 | K99: Wicked Blow
H103: Zigzagoon | J103: Linoone | N103: Now Compatible With
H104: 1 | I104: Growl | J104: 1 | K104: Growl | N104: TM47: Low Sweep
H105: 1 | I105: Tail Whip | J105: 1 | K105: Tail Whip | N105: TM08: Dizzy Punch
H106: 1 | I106: Quick Attack | J106: 1 | K106: Tackle | N106: TM62: Acrobatics
H107: 4 | I107: Helping Hand | J107: 4 | K107: Helping Hand | N107: TM92: Solar Blade
H108: 8 | I108: Fury Swipes | J108: 8 | K108: Fury Swipes | N108: TM87: Rock Climb
B109: #263 Zigzagoon | D109: #264 Linoone | H109: 11 | I109: Headbutt | J109: 11 | K109: Headbutt
A110: Type | B110: Normal | D110: Normal | H110: 14 | I110: Switcheroo | J110: 14 | K110: Switcheroo
A111: HP | B111: 20+ | C111: 58 | D111: 2+ | E111: 80 | H111: 17 | I111: Recycle | J111: 17 | K111: Recycle
A112: Attack | B112: 45+ | C112: 75 | D112: 45+ | E112: 115 | H112: 20 | I112: Skitter Smack | J112: 20 | K112: Skitter Smack
A113: Defence | B113: 10+ | C113: 51 | D113: 4+ | E113: 65 | H113: 23 | I113: Sand Attack | J113: 23 | K113: Sand Attack
A114: SpAtk | C114: 30 | E114: 50 | H114: 26 | I114: Zing Zap | J114: 26 | K114: Zing Zap
A115: SpDef | B115: 10+ | C115: 51 | D115: 4+ | E115: 65 | H115: 29 | I115: Slash | J115: 29 | K115: Slash
A116: Speed | B116: 10+ | C116: 70 | E116: 100 | H116: 33 | I116: Charm | J116: 33 | K116: Charm
...

Sheet Sinnoh
A1: Br
B2: Sinnoh: #387-493 | I2: Note! | K2: Kanto | M2: Hoenn | N2: Johto
I3: Because evolution lines are grouped together, the following Sinnoh pokemon are not on this sheet.
K6: Happiny, Munchlax, Magnezone, Lickilicky, Rhyperior, PorygonZ, Porygon-Z, Tangrowth, Electivire, Magmortar, Leafeon, Glaceon, Mime Jr, Mime Jr. | M6: Budew, Roserade, Chingling, Gallade, Probopass, Dusknoir, Froslass | N6: Ambipom, Mismagius, Honchkrow, Bonsly, Mantyke, Weavile, Togekiss, Yanmega, Gliscor, Mamoswine
H9: Turtwig | J9: Grotle | L9: Torterra | N9: Now Compatible With
H10: 1 | I10: Harden | J10: 1 | K10: Harden | L10: 1 | M10: Giga Impact | N10: TM68: Avalanche
H11: 1 | I11: Mega Drain | J11: 1 | K11: Mega Drain | L11: 1 | M11: Headlong Rush | N11: TM01: Psychic Fangs
H12: 7 | I12: Razor Leaf | J12: 7 | K12: Razor Leaf | L12: 1 | M12: Ingrain
H13: 10 | I13: Stomp | J13: 10 | K13: Stomp | L13: 1 | M13: Skull Bash
H14: 13 | I14: Bite | J14: 13 | K14: Bite | L14: 13 | M14: Bite
B15: #387 Turtwig | D15: #388 Grotle | F15: #389 Torterra | H15: 16 | I15: Stompin Tantrum | J15: 16 | K15: Stompin Tantrum | L15: 16 | M15: Stompin Tantrum
A16: Type | B16: Grass | D16: Grass | E16: Ground | F16: Grass | G16: Ground | H16: 19 | I16: Giga Drain | J16: 19 | K16: Giga Drain | L16: 19 | M16: Giga Drain
A17: HP | C17: 55 | E17: 75 | G17: 95 | H17: 22 | I17: Razor Shell | J17: 22 | K17: Razor Shell | L17: 22 | M17: Razor Shell
A18: Attack | C18: 68 | E18: 89 | G18: 109 | H18: 25 | I18: Crunch | J18: 25 | K18: Crunch | L18: 25 | M18: Crunch
A19: Defence | B19: 7+ | C19: 71 | D19: 10+ | E19: 95 | F19: 10+ | G19: 115 | H19: 29 | I19: Seed Bomb | J19: 29 | K19: Seed Bomb | L19: 29 | M19: Seed Bomb
A20: SpAtk | C20: 45 | E20: 55 | G20: 75 | H20: 32 | I20: Wide Guard | J20: 32 | K20: Wide Guard | L20: 32 | M20: Wide Guard
A21: SpDef | C21: 55 | D21: 10+ | E21: 75 | F21: 10+ | G21: 95 | H21: 36 | I21: Head Charge | J21: 36 | K21: Head Charge | L21: 36 | M21: Head Charge
A22: Speed | B22: 20+ | C22: 51 | E22: 36 | G22: 56 | H22: 40 | I22: Synthesis | J22: 40 | K22: Synthesis | L22: 40 | M22: Synthesis
A23: Total | B23: 7+ | C23: =SUM(C17:C22) -> 345 | D23: 20+ | E23: =SUM(E17:E22) -> 425 | F23: 20+ | G23: =SUM(G17:G22) -> 545 | J23: 44 | K23: Leaf Storm | L23: 44 | M23: Leaf Storm
A24: Ability 1 | B24: Shell Armor | D24: Shell Armor | F24: Shell Armor | J24: 46 | K24: Head Smash | L24: 46 | M24: Head Smash
A25: Ability 2 | B25: Overgrow | D25: Overgrow | F25: Rock Head | J25: 50 | K25: Earthquake | L25: 50 | M25: Earthquake
A26: Ability 3 (HA) | B26: Solid Rock | D26: Solid Rock | F26: Solid Rock | L26: 54 | M26: Wood Hammer
A27: Evolution Changes | F27: Level 36 | L27: 61 | M27: Rock Wrecker
L28: 66 | M28: Growth
L29: 70 | M29: Fissure
H33: Chimchar | J33: Monferno | L33: Infernape | N33: Now Compatible With
H34: 1 | I34: Torment | J34: 1 | K34: Torment | L34: 1 | M34: Focus Energy | N34: TM05: Knock Off
H35: 1 | I35: Ember | J35: 1 | K35: Ember | L35: 1 | M35: Fake Out | N35: TM07: Drain Punch
H36: 8 | I36: Mach Punch | J36: 8 | K36: Mach Punch | L36: 1 | M36: Ice Punch
H37: 10 | I37: Flame Wheel | J37: 10 | K37: Flame Wheel | L37: 10 | M37: Flame Wheel
H38: 14 | I38: Poison Jab | J38: 14 | K38: Poison Jab | L38: 14 | M38: Poison Jab
B39: #390 Chimchar | D39: #391 Monferno | F39: #392 Infernape | H39: 17 | I39: Switcheroo | J39: 17 | K39: Switcheroo | L39: 17 | M39: Switcheroo
A40: Type | B40: Fire | D40: Fire | E40: Fighting | F40: Fire | G40: Fighting | H40: 20 | I40: Force Palm | J40: 20 | K40: Force Palm | L40: 20 | M40: Force Palm
A41: HP | C41: 44 | E41: 64 | G41: 76 | H41: 23 | I41: Acrobatics | J41: 23 | K41: Acrobatics | L41: 23 | M41: Acrobatics
A42: Attack | C42: 58 | D42: 5+ | E42: 83 | G42: 104 | H42: 27 | I42: Taunt | J42: 27 | K42: Taunt | L42: 27 | M42: Taunt
A43: Defence | C43: 44 | E43: 52 | G43: 71 | H43: 30 | I43: Fire Punch | J43: 30 | K43: Fire Punch | L43: 30 | M43: Fire Punch
A44: SpAtk | C44: 58 | D44: 5+ | E44: 83 | G44: 104 | H44: 33 | I44: Slack Off | J44: 33 | K44: Slack Off | L44: 33 | M44: Slack Off
A45: SpDef | C45: 44 | E45: 52 | G45: 71 | H45: 36 | I45: Sky Uppercut | J45: 36 | K45: Sky Uppercut | L45: 36 | M45: Sky Uppercut
A46: Speed | B46: 16+ | C46: 77 | D46: 10+ | E46: 91 | F46: 11+ | G46: 119 | H46: 41 | I46: Thunder Punch | J46: 41 | K46: Thunder Punch | L46: 41 | M46: Thunder Punch
A47: Total | B47: 16+ | C47: =SUM(C41:C46) -> 325 | D47: 15+ | E47: =SUM(E41:E46) -> 425 | F47: 11+ | G47: =SUM(G41:G46) -> 545 | J47: 44 | K47: Fire Spin | L47: 44 | M47: Fire Spin
A48: Ability 1 | B48: Iron Fist | D48: Iron Fist | F48: Iron Fist | J48: 47 | K48: Hammer Arm | L48: 47 | M48: Hammer Arm
A49: Ability 2 | B49: Blaze | D49: Blaze | F49: Blaze | J49: 51 | K49: Blaze Kick | L49: 51 | M49: Blaze Kick
A50: Ability 3 (HA) | B50: Flame Body | D50: Flame Body | F50: Berserk | J50: 55 | K50: Encore | L50: 55 | M50: Encore
A51: Evolution Changes | D51: Level 16 | J51: 62 | K51: Close Combat | L51: 62 | M51: Close Combat
L52: 66 | M52: Flare Blitz
L53: 74 | M53: Overheat
H57: Piplup | J57: Prinplup | L57: Empoleon | N57: Now Compatible With
H58: 1 | I58: Growl | J58: 1 | K58: Growl | L58: 1 | M58: Swords Dance | N58: TM60: Wave Crash
H59: 1 | I59: Barrage | J59: 1 | K59: Barrage | L59: 1 | M59: Flip Turn | N59: TM58: Hurricane
H60: 8 | I60: Double Hit | J60: 8 | K60: Double Hit | L60: 1 | M60: Sheer Cold
H61: 11 | I61: Pluck | J61: 11 | K61: Pluck | L61: 11 | M61: Pluck
H62: 13 | I62: Chilling Water | J62: 13 | K62: Chilling Water | L62: 13 | M62: Chilling Water
B63: #393 Piplup | D63: #394 Prinplup | F63: #395 Empoleon | H63: 16 | I63: Metal Claw | J63: 16 | K63: Metal Claw | L63: 16 | M63: Metal Claw
A64: Type | B64: Water | D64: Water | F64: Water | G64: Steel | H64: 19 | I64: Icy Wind | J64: 19 | K64: Icy Wind | L64: 19 | M64: Icy Wind
A65: HP | C65: 53 | E65: 64 | G65: 84 | H65: 22 | I65: Mist | J65: 22 | K65: Mist | L65: 22 | M65: Mist
A66: Attack | C66: 51 | E66: 66 | G66: 86 | H66: 25 | I66: Bubble Beam | J66: 25 | K66: Bubble Beam | L66: 25 | M66: Bubble Beam
A67: Defence | C67: 53 | E67: 68 | G67: 88 | H67: 28 | I67: Freeze Dry | J67: 28 | K67: Freeze Dry | L67: 28 | M67: Freeze Dry
A68: SpAtk | C68: 61 | E68: 81 | G68: 111 | H68: 31 | I68: Drill Peck | J68: 31 | K68: Drill Peck | L68: 31 | M68: Drill Peck
A69: SpDef | C69: 56 | E69: 76 | G69: 101 | H69: 34 | I69: Feather Dance | J69: 34 | K69: Feather Dance | L69: 34 | M69: Feather Dance
A70: Speed | B70: 11+ | C70: 51 | D70: 20+ | E70: 70 | F70: 25+ | G70: 85 | H70: 36 | I70: Steel Wing | J70: 36 | K70: Steel Wing | L70: 36 | M70: Steel Wing
A71: Total | B71: 11+ | C71: =SUM(C65:C70) -> 325 | D71: 20+ | E71: =SUM(E65:E70) -> 425 | F71: 25+ | G71: =SUM(G65:G70) -> 555 | H71: 40 | I71: Whirlpool | J71: 40 | K71: Whirlpool | L71: 40 | M71: Whirlpool
A72: Ability 1 | B72: Rivalry | D72: Rivalry | F72: Rivalry | J72: 44 | K72: Air Slash | L72: 44 | M72: Air Slash
A73: Ability 2 | B73: Torrent | D73: Torrent | F73: Torrent | J73: 48 | K73: Aqua Ring | L73: 48 | M73: Aqua Ring
A74: Ability 3 (HA) | B74: Slush Rush | D74: Slush Rush | F74: Slush Rush | J74: 53 | K74: Glaciate | L74: 53 | M74: Glaciate
A75: Evolution Changes | J75: 56 | K75: Aeroblast | L75: 56 | M75: Aeroblast
J76: 60 | K76: Roost | L76: 60 | M76: Roost
L77: 65 | M77: Hail
L78: 72 | M78: Steel Beam
H82: Starly | J82: Staravia | L82: Staraptor | N82: Now Compatible With
H83: 1 | I83: Quick Attack | J83: 1 | K83: Quick Attack | L83: 1 | M83: Detect | N83: TM58: Hurricane
H84: 1 | I84: Growl | J84: 1 | K84: Growl | L84: 1 | M84: Steel Wing | N84: TM07: Drain Punch
H85: 7 | I85: Retaliate | J85: 7 | K85: Retaliate | L85: 7 | M85: Retaliate | N85: TM46: Aura Sphere
H86: 10 | I86: Wing Attack | J86: 10 | K86: Wing Attack | L86: 10 | M86: Wing Attack | N86: TM54: Breaking Swipe
H87: 13 | I87: Revenge | J87: 13 | K87: Revenge | L87: 13 | M87: Revenge
B88: #396 Starly | D88: #397 Staravia | F88: #398 Staraptor | H88: 17 | I88: Take Down | J88: 17 | K88: Take Down | L88: 17 | M88: Take Down
A89: Type | B89: Flying | C89: Normal | D89: Flying | E89: Normal | F89: Flying | G89: Fighting | H89: 20 | I89: Aerial Ace | J89: 20 | K89: Aerial Ace | L89: 20 | M89: Aerial Ace
A90: HP | C90: 40 | D90: 20+ | E90: 75 | F90: 10+ | G90: 95 | H90: 23 | I90: Submission | J90: 23 | K90: Submission | L90: 23 | M90: Submission
A91: Attack | C91: 55 | D91: 20+ | E91: 95 | G91: 120 | H91: 27 | I91: Endeavor | J91: 27 | K91: Endeavor | L91: 27 | M91: Endeavor
A92: Defence | C92: 30 | E92: 50 | G92: 70 | H92: 30 | I92: Dual Wingbeat | J92: 30 | K92: Dual Wingbeat | L92: 30 | M92: Dual Wingbeat
A93: SpAtk | C93: 30 | E93: 40 | G93: 50 | H93: 34 | I93: Double-Edge | J93: 34 | K93: Double-Edge | L93: 34 | M93: Double-Edge
A94: SpDef | C94: 30 | D94: 10+ | E94: 50 | F94: 10+ | G94: 70 | J94: 39 | K94: Feather Dance | L94: 39 | M94: Feather Dance
A95: Speed | C95: 60 | E95: 80 | F95: 5+ | G95: 105 | J95: 42 | K95: Sky Uppercut | L95: 42 | M95: Sky Uppercut
A96: Total | C96: =SUM(C90:C95) -> 245 | D96: 50+ | E96: =SUM(E90:E95) -> 390 | F96: 25+ | G96: =SUM(G90:G95) -> 510 | J96: 46 | K96: Drill Peck | L96: 46 | M96: Drill Peck
A97: Ability 1 | B97: Intimidate | D97: Intimidate | F97: Intimidate | J97: 49 | K97: Double Team | L97: 49 | M97: Double Team
A98: Ability 2 | B98: Reckless | D98: Reckless | F98: Reckless | J98: 53 | K98: Head Charge | L98: 53 | M98: Head Charge
A99: Ability 3 (HA) | B99: - | D99: - | F99: - | L99: 60 | M99: Close Combat
A100: Evolution Changes | L100: 65 | M100: Brave Bird
L101: 70 | M101: Superpower
H105: Bidoof | J105: Bibarel | N105: Now Compatible With
H106: 1 | I106: Tackle | J106: 1 | K106: Wood Hammer | N106: TM60: Wave Crash
H107: 1 | I107: Growl | J107: 1 | K107: Triple Dive
H108: 1 | I108: Defense Curl | J108: 1 | K108: Defense Curl
H109: 4 | I109: Barrage | J109: 4 | K109: Barrage
H110: 8 | I110: Bite | J110: 8 | K110: Bite
B111: #399 Bidoof | D111: #400 Bibarel | H111: 11 | I111: Headbutt | J111: 11 | K111: Headbutt
A112: Type | B112: Normal | D112: Normal | E112: Water | H112: 13 | I112: Quick Attack | J112: 13 | K112: Quick Attack
A113: HP | B113: 20+ | C113: 79 | D113: 30+ | E113: 109 | H113: 15 | I113: Aqua Jet | J113: 15 | K113: Aqua Jet
A114: Attack | B114: 10+ | C114: 45 | D114: 20- | E114: 65 | H114: 18 | I114: Yawn | J114: 18 | K114: Yawn
A115: Defence | B115: 10+ | C115: 50 | D115: 10+ | E115: 70 | H115: 21 | I115: Crunch | J115: 21 | K115: Crunch
A116: SpAtk | C116: 35 | E116: 55 | H116: 23 | I116: Fling | J116: 23 | K116: Fling
...

Sheet Unova
B2: Unova: #494-649
H7: Victini
H8: 1 | I8: Searing Shot
H9: 1 | I9: Focus Energy
H10: 1 | I10: Confusion
H11: 1 | I11: Incinerate
H12: 1 | I12: Quick Attack
B13: #494 Victini | H13: 9 | I13: Endure
A14: Type | B14: Psychic | C14: Fire | H14: 17 | I14: Headbutt
A15: HP | C15: 100 | H15: 25 | I15: Flame Charge
A16: Attack | C16: 100 | H16: 33 | I16: Reversal
A17: Defence | C17: 100 | H17: 41 | I17: Flame Burst
A18: SpAtk | C18: 100 | H18: 49 | I18: Zen Headbutt
A19: SpDef | C19: 100 | H19: 57 | I19: Inferno
A20: Speed | C20: 100 | H20: 65 | I20: Double-edge
A21: Total | C21: =SUM(C15:C20) -> 600 | H21: 73 | I21: Flare Blitz
A22: Ability 1 | B22: Illumination (Victory Star) | H22: 81 | I22: Final Gambit
A23: Ability 2 | B23: - | H23: 89 | I23: Stored Power
A24: Ability 3 (HA) | B24: - | H24: 97 | I24: Overheat
A25: Evolution Changes | H25: 99 | I25: Psycho Boost
H29: Snivy | J29: Servine | L29: Serperior | N29: Now Compatible With
H30: 1 | I30: Sweet Scent | J30: 1 | K30: Sweet Scent | L30: 1 | M30: Hyper Beam | N30: TM24: Thunderbolt
H31: 1 | I31: Mega Drain | J31: 1 | K31: Mega Drain | L31: 1 | M31: Overheat | N31: TM25: Thunder
H32: 4 | I32: Leech Seed | J32: 4 | K32: Leech Seed | L32: 1 | M32: Volt Tackle | N32: TM72: Volt Switch
H33: 7 | I33: Shock Wave | J33: 7 | K33: Shock Wave | L33: 7 | M33: Shock Wave | N33: TM73: Thunder Wave
H34: 10 | I34: Glare | J34: 10 | K34: Glare | L34: 10 | M34: Glare | N34: TM93: Wild Charge
B35: #495 Snivy | D35: #496 Servine | F35: #497 Serperior | H35: 13 | I35: Leaf Tornado | J35: 13 | K35: Leaf Tornado | L35: 13 | M35: Leaf Tornado | N35: TM38: Fire Blast
A36: Type | B36: Grass | D36: Grass | E36: Electric | F36: Grass | G36: Electric | H36: 17 | I36: Bind | J36: 17 | K36: Bind | L36: 17 | M36: Bind | N36: TM54: Breaking Swipe
A37: HP | B37: 5+ | C37: 50 | E37: 60 | F37: 15+ | G37: 90 | H37: 20 | I37: Seething Cold | J37: 20 | K37: Seething Cold | L37: 20 | M37: Seething Cold | N37: TM59: Incinerate
A38: Attack | C38: 45 | D38: 10+ | E38: 70 | F38: 10+ | G38: 85 | H38: 24 | I38: Volt Switch | J38: 24 | K38: Volt Switch | L38: 24 | M38: Volt Switch | N38: TM32: Dazzling Gleam
A39: Defence | C39: 55 | E39: 75 | G39: 95 | H39: 27 | I39: Leaf Blade | J39: 27 | K39: Leaf Blade | L39: 27 | M39: Leaf Blade | N39: TM21: Aurora Beam
A40: SpAtk | B40: 17+ | C40: 62 | D40: 12+ | E40: 72 | F40: 17+ | G40: 92 | H40: 32 | I40: Gastro Acid | J40: 32 | K40: Gastro Acid | L40: 32 | M40: Gastro Acid | N40: TM35: Flamethrower
A41: SpDef | C41: 55 | E41: 75 | G41: 95 | H41: 36 | I41: Zing Zap | J41: 36 | K41: Zing Zap | L41: 36 | M41: Zing Zap
A42: Speed | B42: 15+ | C42: 78 | D42: 15+ | E42: 98 | F42: 10+ | G42: 123 | H42: 39 | I42: Swagger | J42: 39 | K42: Swagger | L42: 39 | M42: Swagger
A43: Total | B43: 37+ | C43: =SUM(C37:C42) -> 345 | D43: 37+ | E43: =SUM(E37:E42) -> 450 | F43: 52+ | G43: =SUM(G37:G42) -> 580 | J43: 42 | K43: Power Whip | L43: 42 | M43: Power Whip
A44: Ability 1 | B44: Adaptability | D44: Adaptability | F44: Adaptability | J44: 46 | K44: Draco Meteor | L44: 46 | M44: Draco Meteor
A45: Ability 2 | B45: - | D45: - | F45: - | J45: 50 | K45: Thunderbolt | L45: 50 | M45: Thunderbolt
A46: Ability 3 (HA) | B46: Contrary | D46: Contrary | F46: Contrary | J46: 54 | K46: Coil | L46: 54 | M46: Coil
A47: Evolution Changes | L47: 61 | M47: Leaf Storm
L48: 65 | M48: Electro Ball
L49: 74 | M49: Zap Cannon
L50: 78 | M50: Focus Energy
H54: Tepig | J54: Pignite | L54: Emboar | N54: Now Compatible With
H55: 1 | I55: Tail Whip | J55: 1 | K55: Tail Whip | L55: 1 | M55: Headlong Rush | N55: TM05: Knock Off
H56: 1 | I56: Flame Charge | J56: 1 | K56: Ember | L56: 1 | M56: Parting Shot | N56: TM07: Drain Punch
H57: 7 | I57: Stompin Tantrum | J57: 7 | K57: Stompin Tantrum | L57: 1 | M57: Rock Wrecker | N57: TM54: Breaking Swipe
H58: 10 | I58: Beat Up | J58: 10 | K58: Beat Up | L58: 1 | M58: Blaze Kick | N58: TM63: Slam
H59: 13 | I59: Temper Flare | J59: 13 | K59: Temper Flare | L59: 13 | M59: Temper Flare | N59: TM87: Rock Climb
B60: #498 Tepig | D60: #499 Pignite | F60: #500 Emboar | H60: 17 | I60: Scary Face | J60: 17 | K60: Scary Face | L60: 17 | M60: Scary Face
A61: Type | B61: Fire | D61: Fire | E61: Dark | F61: Fire | G61: Dark | H61: 20 | I61: Assurance | J61: 20 | K61: Assurance | L61: 20 | M61: Assurance
A62: HP | C62: 65 | E62: 90 | G62: 110 | H62: 23 | I62: Heat Wave | J62: 23 | K62: Heat Wave | L62: 23 | M62: Heat Wave
A63: Attack | B63: 11+ | C63: 74 | E63: 93 | G63: 123 | H63: 28 | I63: Fake Out | J63: 28 | K63: Fake Out | L63: 28 | M63: Fake Out
A64: Defence | B64: 13+ | C64: 58 | D64: 11+ | E64: 66 | F64: 11+ | G64: 81 | H64: 33 | I64: Payback | J64: 33 | K64: Payback | L64: 33 | M64: Payback
A65: SpAtk | C65: 45 | D65: 5+ | E65: 75 | F65: 10+ | G65: 110 | H65: 36 | I65: Heat Crash | J65: 36 | K65: Heat Crash | L65: 36 | M65: Heat Crash
A66: SpDef | B66: 13+ | C66: 58 | D66: 11+ | E66: 66 | F66: 11+ | G66: 81 | H66: 39 | I66: Slack Off | J66: 39 | K66: Slack Off | L66: 39 | M66: Slack Off
A67: Speed | C67: 45 | D67: 5+ | E67: 60 | F67: 10+ | G67: 75 | H67: 43 | I67: Hammer Arm | J67: 43 | K67: Hammer Arm | L67: 43 | M67: Hammer Arm
A68: Total | B68: 37+ | C68: =SUM(C62:C67) -> 345 | D68: 32+ | E68: =SUM(E62:E67) -> 450 | F68: 62+ | G68: =SUM(G62:G67) -> 580 | J68: 47 | K68: High Horsepower | L68: 47 | M68: High Horsepower
A69: Ability 1 | B69: Intimidate | D69: Intimidate | F69: Intimidate | J69: 50 | K69: Defense Curl | L69: 50 | M69: Defense Curl
A70: Ability 2 | B70: - | D70: - | F70: - | J70: 54 | K70: Head Smash | L70: 54 | M70: Head Smash
A71: Ability 3 (HA) | B71: Sheer Force | D71: Sheer Force | F71: Determined | L71: 58 | M71: Flare Blitz
A72: Evolution Changes | L72: 63 | M72: Brutal Swing
L73: 67 | M73: Sucker Punch
L74: 70 | M74: Overheat
L75: 75 | M75: Night Daze
L76: 81 | M76: Bulk Up
H80: Oshawott | J80: Dewott | L80: Samurott | N80: Now Compatible With
H81: 1 | I81: Harden | J81: 1 | K81: Harden | L81: 1 | M81: Psyblade | N81: TM47: Low Sweep
H82: 1 | I82: Tackle | J82: 1 | K82: Tackle | L82: 1 | M82: Iron Defense | N82: TM60: Wave Crash
H83: 5 | I83: Barrage | J83: 5 | K83: Barrage | L83: 1 | M83: 1st Impression | N83: TM07: Drain Punch
H84: 7 | I84: Revenge | J84: 7 | K84: Revenge | L84: 7 | M84: Revenge | N84: TM54: Breaking Swipe
H85: 9 | I85: Aqua Jet | J85: 9 | K85: Aqua Jet | L85: 9 | M85: Aqua Jet | N85: TM63: Slam
B86: #501 Oshawott | D86: #502 Dewott | F86: #503 Samurott | H86: 11 | I86: Slash | J86: 11 | K86: Slash | L86: 11 | M86: Slash | N86: TM31: Brick Break
A87: Type | B87: Water | D87: Water | E87: Fighting | F87: Water | G87: Fighting | H87: 13 | I87: Razor Shell | J87: 13 | K87: Razor Shell | L87: 13 | M87: Razor Shell | N87: TM26: Earthquake
A88: HP | B88: 10+ | C88: 65 | D88: 10+ | E88: 85 | F88: 10+ | G88: 105 | H88: 17 | I88: Counter | J88: 17 | K88: Counter | L88: 17 | M88: Counter | N88: TM87: Rock Climb
A89: Attack | B89: 15+ | C89: 70 | D89: 17+ | E89: 92 | F89: 25+ | G89: 125 | H89: 20 | I89: Air Slash | J89: 20 | K89: Air Slash | L89: 20 | M89: Air Slash
A90: Defence | B90: 6+ | C90: 51 | E90: 60 | G90: 85 | H90: 22 | I90: Drain Punch | J90: 22 | K90: Drain Punch | L90: 22 | M90: Drain Punch
A91: SpAtk | B91: 10- | C91: 53 | E91: 83 | F91: 10- | G91: 98 | H91: 25 | I91: Cross Poison | J91: 25 | K91: Cross Poison | L91: 25 | M91: Cross Poison
A92: SpDef | B92: 6+ | C92: 51 | E92: 60 | G92: 70 | H92: 28 | I92: Detect | J92: 28 | K92: Detect | L92: 28 | M92: Detect
A93: Speed | B93: 10+ | C93: 55 | D93: 10+ | E93: 70 | F93: 27+ | G93: 97 | H93: 33 | I93: Triple Dive | J93: 33 | K93: Triple Dive | L93: 33 | M93: Triple Dive
A94: Total | B94: 37+ | C94: =SUM(C88:C93) -> 345 | D94: 37+ | E94: =SUM(E88:E93) -> 450 | F94: 42+ | G94: =SUM(G88:G93) -> 580 | H94: 36 | I94: Sacred Sword | J94: 36 | K94: Sacred Sword | L94: 36 | M94: Sacred Sword
A95: Ability 1 | B95: Shell Armor | D95: Shell Armor | F95: Shell Armor | H95: 39 | I95: Encore | J95: 39 | K95: Encore | L95: 39 | M95: Encore
A96: Ability 2 | B96: - | D96: - | F96: - | H96: 42 | I96: Megahorn | J96: 42 | K96: Megahorn | L96: 42 | M96: Megahorn
A97: Ability 3 (HA) | B97: Defiant | D97: Hyper Cutter | F97: Hyper Cutter | H97: 45 | I97: Dive | J97: 45 | K97: Dive | L97: 45 | M97: Dive
A98: Evolution Changes | J98: 50 | K98: Rest | L98: 50 | M98: Rest
J99: 54 | K99: Horn Drill | L99: 54 | M99: Horn Drill
J100: 59 | K100: Close Combat | L100: 59 | M100: Close Combat
L101: 62 | M101: Clamp
L102: 65 | M102: Spiky Shield
L103: 68 | M103: Triple Axel
L104: 79 | M104: Meditate
H108: Patrat | J108: Watchog | N108: Now Compatible With
H109: 1 | I109: Tackle | J109: 1 | K109: Tackle | N109: TM47: Low Sweep
H110: 1 | I110: Leer | J110: 1 | K110: Leer | N110: TM68: Avalanche
H111: 1 | I111: Sand-Attack | J111: 1 | K111: Sand-Attack | N111: TM87: Rock Climb
H112: 6 | I112: Bite | J112: 6 | K112: Bite
H113: 10 | I113: Headbutt | J113: 10 | K113: Headbutt
B114: #504 Patrat | D114: #505 Watchog | H114: 13 | I114: Screech | J114: 13 | K114: Screech
A115: Type | B115: Normal | D115: Normal | H115: 15 | I115: Hypnosis | J115: 15 | K115: Hypnosis
A116: HP | B116: 20+ | C116: 65 | E116: 90 | H116: 17 | I116: Low Kick | J116: 17 | K116: Low Kick
A117: Attack | B117: 15+ | C117: 70 | D117: 15+ | E117: 95 | H117: 20 | I117: Super Fang | J117: 20 | K117: Super Fang
...

Sheet Type Changes
B2: Typing Changes
B4: The following Pokemon have had their typing's changed to create a fresh and unique metagame for both players and enemies in Cascade White.
B5: My priority for each change was in making mechanically interesting tools to play with, with less (but not 0) consideration for theming or flavor.
B8: Pokémon | C8: Old Typing | F8: New Typing
B9: Charmander | C9: Fire | F9: Fire | G9: Dragon
B10: Charmeleon | C10: Fire | F10: Fire | G10: Dragon
B11: Charizard | C11: Fire | D11: Flying | F11: Fire | G11: Dragon
B12: Wartortle | C12: Water | F12: Water | G12: Steel
B13: Blastoise | C13: Water | F13: Water | G13: Steel
B14: Pidgey | C14: Normal | D14: Flying | F14: Flying
B15: Pidgeotto | C15: Normal | D15: Flying | F15: Flying
B16: Pidgeot | C16: Normal | D16: Flying | F16: Flying
B17: Spearow | C17: Normal | D17: Flying | F17: Dark | G17: Flying
B18: Fearow | C18: Normal | D18: Flying | F18: Dark | G18: Flying
B19: Ekans | C19: Poison | F19: Poison | G19: Dragon
B20: Arbok | C20: Poison | F20: Poison | G20: Dragon
B21: Raichu | C21: Electric | F21: Electric | G21: Ground
B22: Vulpix | C22: Fire | F22: Fire | G22: Fairy
B23: Ninetales | C23: Fire | F23: Fire | G23: Fairy
B24: Igglybuff | C24: Normal | D24: Fairy | F24: Fairy | G24: Flying
B25: Jigglypuff | C25: Normal | D25: Fairy | F25: Fairy | G25: Flying
B26: Wigglytuff | C26: Normal | D26: Fairy | F26: Fairy | G26: Flying
B27: Oddish | C27: Grass | D27: Poison | F27: Fairy | G27: Poison
B28: Gloom | C28: Grass | D28: Poison | F28: Fairy | G28: Poison
B29: Vileplume | C29: Grass | D29: Poison | F29: Fairy | G29: Poison
B30: Bellossom | C30: Grass | F30: Fairy | G30: Grass
B31: Paras | C31: Bug | D31: Grass | F31: Bug | G31: Ghost
B32: Parasect | C32: Bug | D32: Grass | F32: Bug | G32: Ghost
B33: Venonat | C33: Bug | D33: Poison | F33: Bug | G33: Psychic
B34: Venomoth | C34: Bug | D34: Poison | F34: Bug | G34: Psychic
B35: Meowth | C35: Normal | F35: Normal | G35: Steel
B36: Persian | C36: Normal | F36: Normal | G36: Steel
B37: Psyduck | C37: Water | F37: Water | G37: Psychic
B38: Golduck | C38: Water | F38: Water | G38: Psychic
B39: Growlithe | C39: Fire | F39: Fire | G39: Normal
B40: Arcanine | C40: Fire | F40: Fire | G40: Normal
B41: Poliwhirl | C41: Water | F41: Water | G41: Fighting
B42: Politoed | C42: Water | F42: Water | G42: Normal
B43: Rapidash | C43: Fire | F43: Fire | G43: Fairy
B44: Farfetch'd | C44: Normal | D44: Flying | F44: Flying | G44: Fighting
B45: Doduo | C45: Normal | D45: Flying | F45: Flying | G45: Ground
B46: Dodrio | C46: Normal | D46: Flying | F46: Flying | G46: Ground
B47: Drowzee | C47: Psychic | F47: Psychic | G47: Poison
B48: Hypno | C48: Psychic | F48: Psychic | G48: Poison
B49: Krabby | C49: Water | F49: Water | G49: Bug
B50: Kingler | C50: Water | F50: Water | G50: Bug
B51: Voltorb | C51: Electric | F51: Electric | G51: Steel
B52: Electrode | C52: Electric | F52: Electric | G52: Steel
B53: Marowak | C53: Ground | F53: Ground | G53: Ghost
B54: Koffing | C54: Poison | F54: Poison | G54: Fire
B55: Weezing | C55: Poison | F55: Poison | G55: Fire
B56: Kangaskhan | C56: Normal | F56: Normal | G56: Dragon
B57: Staryu | C57: Water | F57: Water | G57: Psychic
B58: Horsea | C58: Water | F58: Water | G58: Dragon
... B65: Magmortar | C65: Fire | F65: Fire | G65: Poison
B66: Lapras | C66: Water | D66: Ice | F66: Ice | G66: Dragon
B67: Porygon | C67: Normal | F67: Normal | G67: Electric
B68: Porygon2 | C68: Normal | F68: Normal | G68: Electric
B69: Porygon-Z | C69: Normal | F69: Normal | G69: Electric
B70: Bayleef | C70: Grass | F70: Grass | G70: Fairy
B71: Meganium | C71: Grass | F71: Grass | G71: Fairy
B72: Quilava | C72: Fire | F72: Fire | G72: Ground
B73: Typhlosion | C73: Fire | F73: Fire | G73: Ground
B74: Croconaw | C74: Water | F74: Water | G74: Dragon
B75: Feraligatr | C75: Water | F75: Water | G75: Dragon
B76: Hoothoot | C76: Normal | D76: Flying | F76: Ghost | G76: Flying
B77: Noctowl | C77: Normal | D77: Flying | F77: Ghost | G77: Flying
B78: Ledyba | C78: Bug | D78: Flying | F78: Bug | G78: Fighting
B79: Ledian | C79: Bug | D79: Flying | F79: Bug | G79: Fighting
B80: Spinarak | C80: Bug | D80: Poison | F80: Bug | G80: Dark
B81: Ariados | C81: Bug | D81: Poison | F81: Bug | G81: Dark
B82: Mareep | C82: Electric | F82: Electric | G82: Dragon
B83: Flaaffy | C83: Electric | F83: Electric | G83: Dragon
B84: Ampharos | C84: Electric | F84: Electric | G84: Dragon
B85: Sudowoodo | C85: Rock | F85: Rock | G85: Fairy
B86: Sunflora | C86: Grass | F86: Grass | G86: Fire
B87: Misdreavus | C87: Ghost | F87: Ghost | G87: Fairy
B88: Mismagius | C88: Ghost | F88: Ghost | G88: Fairy
B89: Unown | C89: Psychic | F89: Psychic | G89: Ghost
B90: Dunsparce | C90: Normal | F90: Fairy | G90: Ground
B91: Snubbull | C91: Fairy | F91: Fairy | G91: Fighting
B92: Granbull | C92: Fairy | F92: Fairy | G92: Fighting
B93: Teddiursa | C93: Normal | F93: Normal | G93: Ground
B94: Ursaring | C94: Normal | F94: Normal | G94: Ground
B95: Corsola | C95: Water | D95: Rock | F95: Poison | G95: Rock
B96: Octillery | C96: Water | F96: Water | G96: Fire
B97: Delibird | C97: Ice | D97: Flying | F97: Ice | G97: Fairy
B98: Stantler | C98: Normal | F98: Normal | G98: Ghost
B99: Pupitar | C99: Rock | D99: Ground | F99: Rock | G99: Dark
B100: Grovyle | C100: Grass | F100: Grass | G100: Dragon
B101: Sceptile | C101: Grass | F101: Grass | G101: Dragon
B102: Combusken | C102: Fire | D102: Fighting | F102: Fire | G102: Flying
B103: Blaziken | C103: Fire | D103: Fighting | F103: Fire | G103: Flying
B104: Silcoon | C104: Bug | F104: Bug | G104: Fairy
B105: Beautifly | C105: Bug | D105: Flying | F105: Bug | G105: Fairy
B106: Masquerain | C106: Bug | D106: Flying | F106: Bug | G106: Water
B107: Skitty | C107: Normal | F107: Normal | G107: Fairy
B108: Delcatty | C108: Normal | F108: Normal | G108: Fairy
B109: Aron | C109: Steel | D109: Rock | F109: Steel
B110: Lairon | C110: Steel | D110: Rock | F110: Steel | G110: Dragon
...

Sheet Move Changes
B2: Move Changes
B4: The following moves have been adjusted to cultivate a fresh and exciting metagame for Cascade White.
B8: Trapping Moves | F8: Auto-Crit Moves | J8: Accuracy Related Moves
B10: NOW INFLICT 1/8 DAMAGE PER TURN | F10: Move | G10: Changes | J10: Move | K10: Changes
B11: Move | C11: Changes | F11: Storm Throw | G11: 40 BP > 45 BP, 100% Accurate | J11: Telekinesis | K11: Lowers Evasion, Works like Rapid Spin
B12: Horn Drill | C12: OHKO > Trapping, 90% Accuracy | F12: Frost Breath | G12: 40 BP > 45 BP, 100% Accurate | K12: 65 BP, Psychic, Special, Can't Miss, Spread
C13: 0BP > 100 BP, Normal > Rock Typing | F13: Pay Day | G13: Unique Effect > Autocrit. Steel type. Special! | J13: Defog | K13: Works like Rapid Spin, Lowers Evasion
B14: Fissure | C14: OHKO > Trapping, 80% Accuracy | F14: Octazooka | G14: 65 BP > 45 BP, Autocrit | K14: 65 BP, Flying, Special, Can't Miss, Spread
C15: 0BP > 120 BP | F15: Cross Poison | G15: 70 BP > 45 BP, Autocrit | J15: Faint Attack | K15: 60 BP > 70 BP
B16: Guillotine | C16: OHKO > Trapping, 80% Accuracy | F16: Slash | G16: 70 BP > 45 BP, Autocrit | J16: Dizzy Punch | K16: Normal > Fairy, Can't Miss
C17: 0BP > 120 BP, Normal > Steel Typing | F17: Night Slash | G17: 70 BP > 40 BP, Autocrit | J17: Dig / Bounce | K17: Never Misses
B18: Imprison & Nightmare | C18: Status > Trapping, 90% Accuracy | F18: Air Cutter | G18: 60 BP > 35 BP, Autocrit | J18: Dive | K18: Never Misses, 80 BP > 100 BP
C19: 0BP > 100 BP, Special Attack | J19: Secret Power | K19: Never Misses
B20: Fire Spin, Whirlpool, Clamp | C20: 35 BP > 100 BP | J20: Retaliate | K20: Never Misses, 70 BP > 85 BP
F21: New Drawbacks | J21: Aerial Ace | K21: 60 BP > 70 BP
J22: Magnet Bomb | K22: 60 BP > 70 BP
B23: Wrap | C23: 15 BP > 100 BP, Normal > Poison Type | F23: Move | G23: Changes | J23: Shock Wave | K23: 60 BP > 70 BP
B24: Sand Tomb | C24: 35 BP > 100 BP, Physical > Special | F24: Sheer Cold | G24: Halves the damage dealt by Special moves on the next turn. | J24: Swift | K24: 60 BP > 50 BP, +1 Priority
B25: Submission | C25: 90 BP, Now a Trapping Move | F25: Overheat | J25: Magical Leaf | K25: 60 BP > 70 BP
B26: Bind | C26: 90 BP, 100% Accuracy | F26: Leaf Storm | J26: Petal Blizzard | K26: Never Misses, 80 BP > 100 BP
B27: Curse | C27: Now also traps the target until death. | F27: Draco Meteor | J27: Water Pulse | K27: Never Misses
B28: Mean Look | C28: Also lowers Defense and Evasion -1 | F28: Hyper Beam | G28: Cannot be used two turns in a row. 160 BP | J28: X-Scissor | K28: Never Misses
B29: Block | C29: Also lowers Special Defense and Evasion -1 | F29: Giga Impact | J29: Psycho Cut | K29: Never Misses
G30: Negative Priority. Never Misses. Deals half damage if attacked before executing | J30: Fake Out | K30: Never Misses
F31: Focus Punch | J31: Vital Throw | K31: No more negative priority
J32: Counter / Mirror Coat | K32: Cannot Miss
B33: Multi-Hit Moves | J33: Sacred Sword | K33: Never Misses, Hits Ghost Types
F34: Omniboost Moves | J34: Scary Face | K34: Never Misses. +1 Priority. Also Lowers evasion -2
B35: Move | C35: Changes | J35: Vise Grip | K35: Steel Type, 90 BP, cannot miss.
B36: Gear Grind | C36: 50 BP > 65 BP | F36: Move | G36: Changes | J36: Double Team | K36: Now also boosts Speed one stage.
B37: Barrage | C37: 20 BP > 25 BP, Normal > Water | F37: Ancient Power | G37: 60 BP > 80 BP, 5PP > 10PP | J37: Acid Armor | K37: Also raises Evasion one stage.
B38: Fury Swipes | C38: 15 BP > 25 BP, Normal > Dark | F38: Ominous Wind | G38: 60 BP > 80 BP, 5PP > 10PP
B39: Double Slap | C39: 18 BP > 40 BP, Normal > Fairy, Two hit | F39: Silver Wind | G39: 60 BP > 80 BP, 5PP > 10PP
B40: Vine Whip | C40: 45 BP > 40 BP, Two hit | F40: Petal Dance | G40: 120 BP > 80 BP, 10% Omniboost, no Lock-in | J40: Misc Move Functionality Changes
B41: Arm Thrust | C41: 18 BP > 25 BP | F41: Fiery Dance | G41: 10% Omniboost
B42: Spike Cannon | C42: 25 BP, Normal > Steel Typing | F42: Charge Beam | G42: 55 BP > 80 BP, 10% Omniboost | J42: Move | K42: Changes
B43: Twineedle | C43: 25 BP > 45 BP | F43: Mega Punch | G43: 120 BP > 80 BP, 10% Omniboost | J43: Hidden Power | K43: Always 70 BP, Cannot Miss
B44: Double Kick | C44: 30 BP > 35 BP | F44: Fairy Wind | G44: 50 BP > 80 BP, 10% Omniboost | J44: Ingrain | K44: 0 BP > 70 BP, Physical, 95% Acc
B45: Double Hit | C45: 35 BP > 40 BP | K45: Applies Leech Seed
B46: Triple Kick | C46: 20 BP > 40 BP. 95% Acc. Does not ramp. | J46: Sky Uppercut | K46: SE to flying type Pokemon, 80 BP
B47: Tri Attack | C47: 3 hits, 33 BP, 10% chance per hit for status | F47: Recoil Moves | J47: Chip Away | K47: Always has neutral effectiveness. 80 BP
J48: Heat Crash | K48: 85 BP, Reduces Speed by 2 Stages
F49: Move | G49: Changes | J49: Heavy Slam | K49: 85 BP, Reduces Speed by 2 Stages
B50: Status Moves | F50: Blast Burn | G50: These 1-turn Recharge moves are now Recoil moves (1/3) that hit adjacent foes. 5 PP > 10 PP | J50: Electro Ball | K50: 55 BP, Deals 2x damage if user is faster
F51: Hydro Cannon | J51: Gyro Ball | K51: 55 BP, Deals 2x damage if the user is slower
B52: Move | C52: Changes | F52: Frenzy Plant | J52: Skull Bash | K52: Boosts Atk and Defense while charging
B53: Meditate | C53: Also Boosts Special Defense | F53: Rock Wrecker | G53: Now a recoil move (1/2), 100% accurate | J53: Sky Attack | K53: Boosts Atk while charging
B54: Gastro Acid | C54: Persists after switchout. +1 Priority | G54: These SpA Dropping attacks are now Recoil moves (1/3) that hit a single target. 5 PP > 10 PP | J54: Present | K54: Has "Pollen Puff"'s effect
B55: Spit Up | C55: 120 BP, Special, Poison Type, All adjacent | J55: Stored Power | K55: 50 BP. Boosted 25 BP per stat boost.
C56: Consumes berry to use! | F56: Psycho Boost | J56: Torment | K56: 75 BP Special Dark Move. Applies Torment
B57: Swallow | C57: 50% heal and cures status. Consumes berry | F57: Superpower | G57: -1 Atk/Def > 1/3 Recoil, 5 PP > 10 PP | J57: Snore | K57: 40 BP > 85 BP. Works while awake.
B58: Stockpile | C58: Priority. +1 Defense and Special Defense | F58: Night Daze | G58: 40% drop chance > Recoil (1/3) | J58: Natural Gift | K58: Uses updated BPs. Doesn't consume berries
C59: Consumes berry to use! | G59: 85 BP > 140 BP | K59: 80 BP Normal if no berry is held
B60: Captivate | C60: No Gender Restriction, Single Target | F60: Zap Cannon | G60: Paralysis > Recoil (1/2), 100% Accuracy | J60: Rollout | K60: 30 BP > 60 BP, Switches the user out of battle
B61: Sleep Talk | C61: Won't select Rest. | G61: 120 BP > 140 BP, | J61: Metal Sound | K61: 40 BP Steel Special Move. -2 SpD on hit
B62: Sweet Scent | C62: Also lowers Def and SpDef one stage | F62: Head Smash | G62: 150 BP > 120 BP, 1/3 Recoil, 100% accurate | J62: Cotton Spore | K62: 55 BP Physical Grass move. -1 Speed on hit
B63: Grasswhistle | C63: All Adjacent Opponents | F63: Self Destruct | G63: 200 BP > 250 BP, Physical > Special | J63: Revenge/Avalanche | K63: Now function like Payback.
B64: Worry Seed | C64: All Adjacent Opponents | F64: Outrage | G64: Locked In > Recoil (1/3) | J64: Roar | K64: 120 BP Spe. Normal Move like Circle Throw
B65: Howl | C65: Boosts Atk and Spa for self and allies | F65: Head Charge | G65: 120 BP > 130 BP, 10% confuse chance | J65: Whirlwind | K65: 100 BP Spe. Flying Move like Circle Throw
B66: Attract | C66: Now affects Pokemon regardless of gender | F66: Double-Edge | G66: Single Target > Spread | J66: Sand Attack | K66: Pivots the user out after lowering stat.
B67: Defense Curl / Harden | C67: Blocks crits until switch out. Raises Def +1 | F67: Jump Kick / Hi Jump Kick / Supercell Slam | G67: On miss, suffer 25% maximum HP damage. | J67: Night Shade | K67: Heals user for 100% damage dealt.
B68: Barrier | C68: Blocks crits until switch out. Raises SDef +1 | G68: Then switch out of battle for a random ally.
B69: Teeter Dance | C69: Also raises the User's speed one stage. | F69: Explosion | G69: Halves the target's defenses
B70: Refresh | C70: Also heals 25% of users health. | F70: Self Destruct | G70: Special. Halves the target's defenses. | J70: Status Boosted Moves
B71: Recycle | C71: Also heals 25% of users health. | F71: Final Gambit | G71: 250 BP, Fighting > Dark Type, Now has Explosion's effect, but only affects one target
B72: Aqua Ring | C72: Also heals 25% of users health. | J72: Move | K72: Changes
B73: Charge | C73: Heals 25% of health instead of SpD Boost | J73: Hex | K73: 50 BP > 65 BP, 20% Paralysis Chance
B74: Safeguard | C74: Also applies the effects of Mist. | J74: Venoshock | K74: 30% Poison Chance
B75: Mist | C75: Also applies the effects of Safeguard | F75: Failure-Boosted Moves | K75: Unique Effect > 2x damage if target statused
B76: Helping Hand | C76: Provides a 2x boost, up from 1.5x. | J76: Beat Up | K76: 65 BP, 20% Para Chance, Punch Move
B77: Magic Coat | C77: Turns the user's ability to Magic Bounce. | F77: Move | G77: Changes | J77: Bitter Malice | K77: 75 BP > 65 BP, Ghost > Ice, Status Boosted
B78: Gastro Acid | C78: Persists after switchout. +1 Priority | F78: Thrash | G78: Has "Temper Flare"'s effect. 75 BP, Dark | J78: Infernal Parade | K78: 60 BP > 65 BP, Ghost > Fire
B79: Focus Energy | C79: Raises all stats by one. -6 priority. Fails if damaged (like Focus Punch) | F79: Uproar | G79: Has "Temper Flare"'s effect. 80 BP, Spread | J79: Barb Barrage | K79: 60 BP > 65 BP, Hits all adjacent foes
F80: Grudge | G80: Has "Temper Flare"'s effect. 75 BP, Special | J80: Dream Eater | K80: Functions like Wake Up Slap, Spread
B84: Move Replacements
B87: Move Replacements | G87: Move Replacements
B89: Old Move | C89: New Move | D89: Altered Effects | G89: Old Move | H89: New Move | I89: Altered Effects
B90: Smack Down | C90: Accelerock | G90: Power Trick | H90: Petal Blizzard | I90: 80 BP > 100 BP, Never Misses
B91: Ice Ball | C91: Boomburst | G91: Judgement | H91: Spirit Break | I91: 75 > 110 BP, 90% accurate.
B92: Withdraw | C92: Breaking Swipe | G92: Quash | H92: Fairy Wind | I92: 40 > 80 BP, 10% Omniboost
B93: Quick Guard | C93: Brutal Swing | D93: 100 BP, Cannot Miss | G93: Acid | H93: Parabolic Zap | I93: 50 > 75 BP, 75% > 50% lifesteal
B94: Luster Purge | C94: Dazzling Gleam | D94: 20% chance to reduce accuracy | G94: False Swipe | H94: Body Press | I94: 80 BP > 95 BP
B95: Round | C95: Disarming Voice | D95: 50 BP > 60 BP | G95: Freeze Shock | H95: Solar Blade | I95: 120 BP > 130 BP
B96: Sweet Kiss | C96: Draining Kiss | D96: 50 > 75 BP, 75% > 50% lifesteal | G96: Wonder Room | H96: Liquidation | I96: 85 BP > 90 BP
B97: Thief | C97: Dual Wingbeat | D97: 100% Accurate | G97: Water Sport | H97: Wicked Blow | I97: 80 BP > 55 BP, 25% recoil.
B98: Mud Sport | C98: Esper Wing | D98: No Speed Boost, +1 Priority, 75 BP | G98: Psych Up | H98: Bitter Malice | I98: Ghost > Ice Type, Status Boosted
B99: Constrict | C99: Infestation | D99: 100 BP, 85% Accuracy | I99: 30% Paralysis Chance, 65 BP
B100: Heart Swap | C100: Headlong Rush | G100: Embargo | H100: First Impression
B101: Mega Kick | C101: High Horsepower | D101: 100% Accurate, 10% Raise Speed +1 | G101: Power Swap | H101: Psyblade | I101: 80 BP > 100 BP
B102: Kinesis | C102: Lunge | I102: 20% chance to boost attack
B103: Mist Ball | C103: Moonblast | G103: Power Split | H103: Triple Dive
B104: Sacred Fire | C104: Mystical Fire | G104: Magic Room | H104: Power Trip | I104: 50 BP. +25 BP per boost.
B105: Splash | C105: Play Rough | D105: 100% Accurate | G105: Odor Sleuth | H105: Eerie Impulse
B106: Synchronoise | C106: Scorching Sands | G106: Magnitude | H106: Sticky Web
B107: Guard Split | C107: Triple Axel | D107: 95% Accurate, 35 BP 3 hits | G107: Trump Card | H107: Spiky Shield | I107: Only blocks damaging moves.
B108: Punishment | C108: Wave Crash | G108: Feint | H108: Confide
B109: Snatch | C109: Victory Dance | G109: Guard Swap | H109: Clanging Scales
B110: Spacial Rend | C110: Steel Beam | D110: 1/2 recoil, down from 50% | G110: Mimic | H110: Psychic Noise | I110: 85 BP, Spread, blocks heal 5 turns
B111: Sharpen | C111: Nuzzle | G111: Heal Block | H111: Alluring Voice | I111: 100 BP, 75% accuracy, Trapping
B112: Miracle Eye | C112: Freeze Dry | D112: 80 BP | G112: Wring Out | H112: Scale Shot
...

Sheet New Forms
A1: Rat
B2: New Forms
B12: #19 Rattata | D12: #20 Raticate
A13: Type | B13: Normal | D13: Normal
A14: HP | B14: 15+ | C14: 45 | D14: 10+ | E14: 65
A15: Attack | B15: 10+ | C15: 66 | D15: 20+ | E15: 101
A16: Defence | B16: 15+ | C16: 50 | E16: 60
A17: SpAtk | C17: 25 | E17: 50
A18: SpDef | B18: 15+ | C18: 50 | E18: 70
A19: Speed | C19: 72 | D19: 20+ | E19: 117
A20: Total | B20: 40+ | C20: =SUM(C14:C19) -> 308 | D20: 50+ | E20: =SUM(E14:E19) -> 463
A21: Ability 1 | B21: Adaptability | D21: Adaptability
A22: Ability 2 | B22: Guts | D22: Guts
A23: Ability 3 (HA) | B23: Adaptability | D23: Adaptability
A24: Evolution Changes
H25: Rattata-Alola | J25: Raticate-Alola | N25: Now Compatible With
H26: 1 | I26: Tackle | J26: 1 | K26: Tackle | N26: TM01: Psychic Fangs
H27: 1 | I27: Tail Whip | J27: 1 | K27: Tail Whip | N27: TM40: Aerial Ace
H28: 4 | I28: Quick Attack | J28: 4 | K28: Quick Attack | N28: TM65: Shadow Claw
H29: 7 | I29: Screech | J29: 7 | K29: Screech | N29: TM87: Rock Climb
H30: 10 | I30: Bite | J30: 10 | K30: Bite | N30: TM45: Lunge
B31: #19 Rattata-Alola | D31: #20 Raticate-Alola | H31: 12 | I31: Flame Wheel | J31: 12 | K31: Flame Wheel
A32: Type | B32: Normal | C32: Dark | D32: Normal | E32: Dark | H32: 13 | I32: Hyper Fang | J32: 13 | K32: Hyper Fang
A33: HP | B33: 25+ | C33: 55 | E33: 75 | H33: 16 | I33: Nuzzle | J33: 16 | K33: Nuzzle
A34: Attack | C34: 56 | D34: 10+ | E34: 81 | H34: 19 | I34: Sucker Punch | J34: 19 | K34: Sucker Punch
A35: Defence | B35: 55+ | C35: 90 | D35: 40+ | E35: 110 | H35: 23 | I35: Fire Fang | J35: 23 | K35: Fire Fang
A36: SpAtk | C36: 25 | E36: 40 | H36: 23 | I36: Ice Fang | J36: 23 | K36: Ice Fang
A37: SpDef | C37: 35 | E37: 80 | H37: 23 | I37: Thunder Fang | J37: 23 | K37: Thunder Fang
A38: Speed | B38: 20- | C38: 52 | E38: 77 | H38: 28 | I38: Crunch | J38: 28 | K38: Crunch
A39: Total | B39: 60+ | C39: =SUM(C33:C38) -> 313 | D39: 50+ | E39: =SUM(E33:E38) -> 463 | H39: 34 | I39: U-Turn | J39: 34 | K39: U-Turn
A40: Ability 1 | B40: Thick Fat | D40: Thick Fat | H40: 39 | I40: Double-Edge | J40: 39 | K40: Double-Edge
A41: Ability 2 | B41: Hustle | D41: Hustle | H41: 44 | I41: Flail | J41: 44 | K41: Flail
A42: Ability 3 (HA) | B42: Strong Jaw | D42: Strong Jaw | H42: 54 | I42: Facade | J42: 54 | K42: Facade
A43: Evolution Changes | J43: 60 | K43: Skull Bash
J44: 70 | K44: Giga Impact
B56: #26 Raichu
A57: Type | B57: Electric | C57: Ground
A58: HP | C58: 60
A59: Attack | B59: 10+ | C59: 100
A60: Defence | C60: 55
A61: SpAtk | B61: 15+ | C61: 105
A62: SpDef | C62: 80
A63: Speed | B63: 10+ | C63: 110
A64: Total | B64: 35+ | C64: =SUM(C58:C63) -> 510
A65: Ability 1 | B65: Teravolt
A66: Ability 2 | B66: Sheer Force
A67: Ability 3 (HA) | B67: Lightning-Rod (AI Only)
A68: Evolution Changes
H69: Raichu | N69: Now Compatible With
H70: 1 | I70: Tail Whip | N70: TM29: Psychic
H71: 1 | I71: Nuzzle | N71: HM01: Cut
H72: 4 | I72: Quick Attack | N72: TM21: Aurora Beam
H73: 8 | I73: Double Hit | N73: HM02: Fly
H74: 11 | I74: Mud Shot | N74: HM03: Surf
B75: #26 Raichu-Alola | H75: 14 | I75: Stomp | N75: TM80: Rock Slide
A76: Type | B76: Electric | C76: Psychic | H76: 18 | I76: Electro Web | N76: TM26: Earthquake
A77: HP | C77: 60 | H77: 22 | I77: Body Slam | N77: TM71: Stone Edge
A78: Attack | C78: 85 | H78: 25 | I78: Charm | N78: TM78: Bulldoze
A79: Defence | C79: 50 | H79: 28 | I79: Thunder Punch | N79: TM39: Rock Tomb
A80: SpAtk | C80: 95 | H80: 31 | I80: Scorching Sands | N80: TM18: Scorching Sands
A81: SpDef | C81: 85 | H81: 34 | I81: Light Screen | N81: Tutor: Gunk Shot
A82: Speed | C82: 110 | H82: 37 | I82: Extremespeed | N82: TM36: Sludge Bomb
A83: Total | C83: =SUM(C77:C82) -> 485 | H83: 40 | I83: Spark | N83: TM08: Dizzy Punch
A84: Ability 1 | B84: Levitate | H84: 43 | I84: Iron Tail | N84: TM66: Power Gem
A85: Ability 2 | B85: - | H85: 46 | I85: Fake Out
A86: Ability 3 (HA) | B86: Contrary | H86: 49 | I86: High Horsepower
A87: Evolution Changes | H87: 54 | I87: Electro Ball
H88: 59 | I88: Earth Power
H89: 63 | I89: Power Whip
H90: 68 | I90: Volt Tackle
B103: #27 Sandshrew | D103: #28 Sandslash
A104: Type | B104: Ground | D104: Ground
A105: HP | B105: 10+ | C105: 60 | E105: 75
A106: Attack | C106: 75 | E106: 100
A107: Defence | B107: 5+ | C107: 90 | E107: 110
A108: SpAtk | C108: 20 | E108: 45
A109: SpDef | B109: 5+ | C109: 35 | E109: 55
A110: Speed | B110: 40+ | C110: 80 | D110: 50+ | E110: 115
A111: Total | B111: 60+ | C111: =SUM(C105:C110) -> 360 | D111: 50+ | E111: =SUM(E105:E110) -> 500
A112: Ability 1 | B112: Rough Skin | D112: Rough Skin
A113: Ability 2 | B113: Sand Force | D113: Sand Force
A114: Ability 3 (HA) | B114: Sand Veil (AI Only) | D114: Sand Veil (AI Only)
A115: Evolution Changes | D115: Level 24
H116: Sandshrew-Alola | J116: Sandslash-Alola | N116: Now Compatible With
H117: 1 | I117: Scratch | J117: 1 | K117: Coil | N117: TM47: Low Sweep
H118: 1 | I118: Defense Curl | J118: 1 | K118: Steamroller | N118: Tutor: Iron Head
H119: 5 | I119: Mud Slap | J119: 5 | K119: Mud Slap | N119: TM68: Avalanche
H120: 8 | I120: Poison Sting | J120: 8 | K120: Poison Sting | N120: Tutor: Drill Run
H121: 11 | I121: Stomp | J121: 11 | K121: Stomp | N121: Tutor: Drill Run
B122: #27 Sandshrew-Alola | D122: #28 Sandslash-Alola | H122: 13 | I122: Metal Claw | J122: 13 | K122: Metal Claw | N122: Tutor: Superpower
A123: Type | B123: Ice | C123: Steel | D123: Ice | E123: Steel | H123: 15 | I123: Rapid Spin | J123: 15 | K123: Rapid Spin
A124: HP | C124: 50 | E124: 75 | H124: 19 | I124: Bulldoze | J124: 19 | K124: Bulldoze
A125: Attack | C125: 75 | E125: 100 | H125: 21 | I125: Accelerock | J125: 21 | K125: Accelerock
A126: Defence | C126: 90 | E126: 120 | H126: 24 | I126: Pin Missile | J126: 24 | K126: Pin Missile
A127: SpAtk | C127: 10 | E127: 25 | H127: 28 | I127: Night Slash | J127: 28 | K127: Night Slash
A128: SpDef | C128: 35 | E128: 65 | H128: 33 | I128: Drill Run | J128: 33 | K128: Drill Run
A129: Speed | C129: 40 | E129: 65 | H129: 35 | I129: Body Press | J129: 35 | K129: Body Press
A130: Total | C130: =SUM(C124:C129) -> 300 | E130: =SUM(E124:E129) -> 450 | H130: 38 | I130: Leech Life | J130: 38 | K130: Leech Life
A131: Ability 1 | B131: Tough Claws | D131: Tough Claws | H131: 43 | I131: Earthquake | J131: 43 | K131: Earthquake
A132: Ability 2 | B132: Ice Body | D132: Ice Body | H132: 46 | I132: Spin Out | J132: 46 | K132: Spin Out
...

Sheet Theoretical Imports
B2: New Forms
H7: Chesnaught | N7: Now Compatible With
H8: 1
H9: 1
H10: 4
H11: 7
H12: 10
B13: #654 Chesnaught | H13: 12
A14: Type | B14: Grass | C14: Fighting | H14: 13
A15: HP | C15: 88 | H15: 16
A16: Attack | C16: 107 | H16: 19
A17: Defence | C17: 122 | H17: 23
A18: SpAtk | C18: 74 | H18: 23
A19: SpDef | C19: 75 | H19: 23
A20: Speed | C20: 64 | H20: 28
A21: Total | C21: =SUM(C15:C20) -> 530 | H21: 34
A22: Ability 1 | B22: Overgrow | H22: 39
A23: Ability 2 | B23: Iron Barbs | H23: 44
A24: Ability 3 (HA) | B24: Bulletproof | H24: 54
A25: Evolution Changes
H29: Delphox | N29: Now Compatible With
H30: 1
H31: 1
H32: 4
H33: 7
H34: 10
B35: #655 Delphox | H35: 12
A36: Type | B36: Fire | C36: Psychic | H36: 13
A37: HP | C37: 75 | H37: 16
A38: Attack | C38: 69 | H38: 19
A39: Defence | C39: 72 | H39: 23
A40: SpAtk | C40: 114 | H40: 23
A41: SpDef | C41: 100 | H41: 23
A42: Speed | C42: 104 | H42: 28
A43: Total | C43: =SUM(C37:C42) -> 534 | H43: 34
A44: Ability 1 | B44: Blaze | H44: 39
A45: Ability 2 | B45: Forewarn | H45: 44
A46: Ability 3 (HA) | B46: Magic Guard | H46: 54
A47: Evolution Changes
H52: Greninja | N52: Now Compatible With
H53: 1
H54: 1
H55: 4
H56: 7
H57: 10
B58: #658 Greninja | H58: 12
A59: Type | B59: Water | C59: Dark | H59: 13
A60: HP | C60: 72 | H60: 16
A61: Attack | C61: 95 | H61: 19
A62: Defence | C62: 67 | H62: 23
A63: SpAtk | C63: 103 | H63: 23
A64: SpDef | C64: 71 | H64: 23
A65: Speed | C65: 122 | H65: 28
A66: Total | C66: =SUM(C60:C65) -> 530 | H66: 34
A67: Ability 1 | B67: Torrent | H67: 39
A68: Ability 2 | B68: Infiltrator | H68: 44
A69: Ability 3 (HA) | B69: Protean | H69: 54
A70: Evolution Changes
H81: Fletchling | J81: Fletchinder | L81: Talonflame | N81: Now Compatible With
H82: 1 | J82: 1 | L82: 1
H83: 1 | J83: 1 | L83: 1
H84: 4 | J84: 4 | L84: 4
H85: 7 | J85: 7 | L85: 7
H86: 10 | J86: 10 | L86: 10
B87: #661 Fletchling | D87: #662 Fletchinder | F87: #663 Talonflame | H87: 12 | J87: 12 | L87: 12
A88: Type | B88: Fire | C88: Flying | D88: Fire | E88: Flying | F88: Fire | G88: Flying | H88: 13 | J88: 13 | L88: 13
A89: HP | C89: 45 | E89: 62 | G89: 78 | H89: 16 | J89: 16 | L89: 16
A90: Attack | C90: 50 | E90: 73 | G90: 81 | H90: 19 | J90: 19 | L90: 19
A91: Defence | C91: 43 | E91: 55 | G91: 71 | H91: 23 | J91: 23 | L91: 23
A92: SpAtk | C92: 40 | E92: 56 | G92: 74 | H92: 23 | J92: 23 | L92: 23
A93: SpDef | C93: 38 | E93: 52 | G93: 69 | H93: 23 | J93: 23 | L93: 23
A94: Speed | C94: 62 | E94: 84 | G94: 126 | H94: 28 | J94: 28 | L94: 28
A95: Total | C95: =SUM(C89:C94) -> 278 | E95: =SUM(E89:E94) -> 382 | G95: =SUM(G89:G94) -> 499 | H95: 34 | J95: 34 | L95: 34
A96: Ability 1 | B96: Flash Fire | D96: Flash Fire | F96: Flash Fire | H96: 39 | J96: 39 | L96: 39
A97: Ability 2 | B97: Gale Wings | D97: Gale Wings | F97: Gale Wings | H97: 44 | J97: 44 | L97: 44
A98: Ability 3 (HA) | H98: 54 | J98: 54 | L98: 54
A99: Evolution Changes | J99: 60 | L99: 60
J100: 70 | L100: 70
H106: Spritzee | J106: Aromatisse | N106: Now Compatible With
H107: 1 | J107: 1
H108: 1 | J108: 1
H109: 4 | J109: 4
H110: 8 | J110: 8
H111: 11 | J111: 11
B112: #682 Spritzee | D112: #682 Spritzee | H112: 14 | J112: 14
A113: Type | B113: Fairy | C113: Poison | D113: Fairy | E113: Poison | H113: 18 | J113: 18
A114: HP | C114: 78 | E114: 101 | H114: 22 | J114: 22
A115: Attack | C115: 52 | E115: 72 | H115: 25 | J115: 25
A116: Defence | C116: 60 | E116: 72 | H116: 28 | J116: 28
A117: SpAtk | C117: 63 | E117: 99 | H117: 31 | J117: 31
A118: SpDef | C118: 65 | E118: 89 | H118: 34 | J118: 34
A119: Speed | C119: 23 | E119: 29 | H119: 37 | J119: 37
A120: Total | C120: =SUM(C114:C119) -> 341 | E120: =SUM(E114:E119) -> 462 | H120: 40 | J120: 40
A121: Ability 1 | B121: Levitate | D121: Distracting | H121: 43 | J121: 43
A122: Ability 2 | B122: Healer | D122: Healer | H122: 46 | J122: 46
A123: Ability 3 (HA) | B123: Entangling Hair | D123: Entangling Hair | H123: 49 | J123: 49
A124: Evolution Changes | H124: 54 | J124: 54
H125: 59 | J125: 59
H126: 63 | J126: 63
H127: 68 | J127: 68
...

Sheet Ability Changes
B2: Ability Tweaks
B4: Minor Functionality Changes | F4: Rivalry | J4: Infiltrator
B6: Shed Skin | C6: 100% chance to proc at the end of the turn | F6: New Effect | G6: New Users | J6: New Effect | K6: New Users
B7: Healer / Plus / Minus | C7: Protects pokemon from ally attacks, like Telepathy | F7: Increases damage dealt to and reduces damage taken from Pokemon that share a type with the user by 33%. | J7: Super effective moves are boosted by 20% and bypass barriers.
B8: Friend Guard / Forewarn
B9: Toxic Boost | C9: Halves damage from Poison status + attacks
B10: Heatproof | C10: No burns. Reduces Fire dmg taken by 75%
B11: Mold Breaker / Turboblaze / Teravolt | C11: Now also increases damage dealt by 1.1x.
F12: Pickup | J12: Healer
B13: Marvel Scale / Guts | C13: Prevents user from losing turn to paralysis.
B14: Iron Fist | C14: Now boosts Punch moves by 1.3x | F14: New Effect | G14: New Users | J14: New Effect | K14: New Users
B15: Rattled | C15: Now boosts Speed by 3 Stages | F15: Pokemon with this ability recover any items used in battle upon switching out! | J15: This Pokemon and its allies heal 1/16 of their maximum health at the end of each turn.
B16: Trace | C16: In multi-battles copies the ability of your ally.
B17: Filter / Solid Rock | C17: Reduces effectiveness mult from 2x to 1.5x
B18: Truant | C18: Prevents the user from using damaging moves on consecutive turns.
B20: Normalize | C20: The user's moves become Normal type, have neutral effectiveness, and are boosted by 20% | F20: Soundproof > Amplifier | J20: Run Away
B22: Scrappy | C22: Now also prevents Attack from being lowered | F22: New Description | G22: New Users | J22: New Effect | K22: New Users
B23: Unaware | C23: Ignores the user's stat stages as well. | F23: Boosts Sound moves by 20%, and provides immunity to Sound moves! | J23: Cannot be trapped. When reduced below 50% health, automatically switch out of battle.
B24: Flare Boost | C24: Halves damage from Burns
B25: Justified | C25: Also halves damage taken from Dark moves.
B26: Bad Dreams | C26: Traps sleeping targets in battle.
B27: Torrent / Blaze / Overgrow / Swarm | C27: Boosts respective type by 25%. Bonus doubled while below 1/3 health.
F28: Forewarn | J28: Pickpocket
B29: Unnerve | C29: Prevents the ACTIVATION of foe items.
F30: New Effect | G30: New Users | J30: New Effect | K30: New Users
B31: Weather Ability Changes | F31: Reduces damage the Pokemon and its allies take from critical hits by 25%! | J31: Steals target's item on hit with a contact move. If already holding an item, knocks it off instead.
B33: Rain Dish | C33: Heals 1/8 per turn in rain. Prevents burns
B34: Ice Body | C34: Heals 1/16 per turn outside hail, 1/8 in hail
B35: Solar Power / Chlorophyll / Flower Gift | C35: Deals 1/16 self damage per turn in sun
C36: Allows the use of full powered Solarbeam/Growth/Synth in any weather | F36: Inner Focus | J36: Hyper Cutter
B38: Slush Rush | C38: 1/2 damage from Ice moves. Can't be frozen. | F38: New Effect | G38: New Users | J38: New Effect | K38: New Users
B39: Sand Rush | C39: Halves damage taken from Rock moves. | F39: Prevents flinches, and allows Psychic moves to damage Dark-types | J39: Slicing, cutting, and claw moves are boosted by 30%. Cannot have attack dropped.
B40: Sand Force | C40: Increases damage of Rock/Ground/Steel moves by 1.2x. In sand, boost is 1.4x.
B42: Swift Swim | C42: Halves damage taken from Water moves.
B43: Cloud Nine | C43: Raises accuracy for moves when active by 1.2x
F44: Light Metal | J44: Heavy Metal
B45: Ability Nerfs
F46: New Effect | G46: New Users | J46: New Effect | K46: New Users
B47: Dry Skin | C47: Increases Fire Damage taken by 100% | F47: Boosts Speed by 50%. Reduces Defense by 33%. | J47: Boosts Defense by 50%. Reduces Speed by 33%.
B48: Regenerator | C48: Heals 20% on switch out. (down from 33%)
B49: Lightning-Rod / Storm Drain | C49: No longer redirects moves
B50: Storm Drain | C50: No longer redirects moves
B54: New Abilities
B56: Insomnia > Thunder Armor | F56: Klutz > Distracting | J56: Super Luck > Moisturize
B58: New Effect | C58: New Users | F58: New Effect | G58: New Users | J58: New Effect | K58: New Users
B59: Raises Attack by one stage when hit with an Electric attack. | F59: Lowers Evasion of opposing foes by one stage on switch in. | J59: Normal-type moves become Water-type moves. The power of those moves is boosted by 20%.
B64: Water Veil > Merciless
B66: New Description | C66: New Users
B67: Boosts damage against and reduces damage from statused Pokemon by 25%.
B74: Ability Imports
B76: The following abilities have been added to the game from later generations, with small tweaks to their functionality and brand new distribution!
B80: Multitype > Neutralizing Gas | F80: Immunity > Fluffy | J80: Suction Cups > Well Baked Body
B82: New Effect | C82: New Users | F82: New Description | G82: New Users | J82: New Description | K82: New Users
B83: Nullifies all abilities on the field while the user is out. | F83: Halves the damage taken by contact moves, but takes double damage from Fire moves | J83: Raises Defense by two stages when hit by a Fire attack, taking no damage
B89: Stall > Tough Claws | F89: Tangled Feet > Slush Rush | J89: Leaf Guard > Fur Coat
B91: New Description | C91: New Users | F91: New Description | G91: New Users | J91: New Description | K91: New Users
B92: Boosts damage of contact moves by 30% | F92: Doubles speed in Hail, and provides immunity to Hail, and halves damage taken by ice moves. | J92: Reduces physical damage taken by 50%.
B98: Cute Charm > Gooey | F98: Honey Gather > Ice Scales | J98: Damp > Bulletproof
B100: New Description | C100: New Users | F100: New Description | G100: New Users | J100: New Description | K100: New Users
B101: Lowers the speed on any Pokemon that makes contact with a move by 1 stage. | F101: Halves damage taken from Special moves. | J101: Blocks "bullet" and "bomb" moves!
B107: Keen Eye > Wind Rider | F107: Oblivious > Galvanize | J107: Early Bird > Refrigerate
B109: New Description | C109: New Users | F109: New Description | G109: New Users | J109: New Description | K109: New Users
B110: Raises attack when hit with a wind-type move, taking no damage. | F110: Normal-type moves become Electric-type moves. The power of those moves is boosted by 20%. | J110: Normal-type moves become Ice-type moves. The power of those moves is boosted by 20%.
B116: Magma Armor > Pixilate | F116: Sticky Hold > Aerilate | J116: Big Pecks > Savant (Protean)
B118: New Description | C118: New Users | F118: New Description | G118: New Users | J118: New Description | K118: New Users
B119: Normal-type moves become Fairy-type moves. The power of those moves is boosted by 20%. | F119: Normal-type moves become Flying-type moves. The power of those moves is boosted by 20%. | J119: Changes the Pokémon's type to the type of the move it's using.
B125: Poison Point > Berserk | F125: Hydration > Strong Jaw | J125: Limber > Corrosion
B127: New Effect | C127: New Users | F127: New Effect | G127: New Users | J127: New Effect | K127: New Users
B128: When brought below half health, Atk and SpAtk raised by one stage. Can trigger once per switch in. | F128: Boosts Jaw and Biting moves by 50%. | J128: Causes the user's Poison Type moves to be super effective on Steel Types.
B135: Ability Renames
B137: The following abilities have been renamed to be more thematically broad, so that they can be distributed to more pokemon! These are abilities which are underutilized in the base game, and help compensate for the overall low number of abilities in generation 5.
B142: Shield Dust > Resilient | F142: Download > Exploit | J142: Harvest > Gourmand
B144: New Description | C144: New Users | F144: New Description | G144: New Users | J144: New Description | K144: New Users
B145: "Shields from secondary effects of attacks." | F145: "Boosts offense to target a foe's weakness." | J145: "May create another Berry or Herb after one is used."
B151: Analytic > Patient | F151: Compoundeyes > Keen Senses | J151: Multiscale > Majestic Ward
B153: New Description | C153: New Users | F153: New Description | G153: New Users | J153: New Description | K153: New Users
B154: "Boosts power of moves when moving last." | F154: "Amazing senses boost its accuracy." | J154: "Reduces damage taken while at full health"
B160: Clear Body > Strong Body | F160: Mummy > Contagious | J160: Victory Star > Illumination
B162: New Description | C162: New Users | F162: New Description | G162: New Users | J162: New Description | K162: New Users
B163: "Its toughness prevents stat reduction." | F163: "Contact with the Pokémon spreads this Ability." | J163: "Light boosts the accuracy of allies and itself."
B167: Strong Body now also blocks damage from Hail and Sand. | J167: Illumination also now provides a 1.2x buff to accuracy, up from 1.1x.
B171: AI-Specific Abilities
B173: The following abilities have been added to the game from later generations, with small tweaks to their functionality and brand new distribution!
B177: AI-Exclusive Abilities | F177: Anger Point | J177: Aftermath
B179: The following abilities are exclusive to the AI (by use of Hidden Abilities). Some of these are for balance purposes, others are abilities that are too situational or niche for the player. | F179: New Effect | J179: New Effect
F180: Boosts damage and speed by 50% when the user's move failed the previous turn. | J180: When this Pokemon faints, it explodes, damaging all Pokemon on the field for 33% of their max health.
B182: Drizzle | C182: Drought | D182: Sand Stream
B183: Snow Warning | C183: Arena Trap | D183: Shadow Tag
B184: Moody
B187: Frisk > Stakeout | F187: Stench | J187: Anticipation
B189: New Effect | F189: New Effect | J189: New Effect
B190: Doubles the damage dealt to the target's replacement if the target switches out. | F190: Adds a 20% flinch chance to moves. | J190: Supereffective moves have 50% accuracy against the Pokemon.
B194: Own Tempo > Quick Draw | F194: Effect Spore | J194: Cursed Body
B196: New Effect | F196: New Effect | J196: New Effect
B197: Enables the Pokémon to move first 30% of the time. | F197: When attacked, 100% chance to afflict the attacker with Paralysis, Poison, or Sleep. Triggers on all moves, not just contact. | J197: Has an 100% activation chance!
F199: * Does not affect Grass-types, Pokemon with Overcoat or Safety Goggles.

Sheet Item Changes
B2: Item Changes
F3: Added Items
B4: These are a collection of other small mechanics that have been adjusted for a more dynamic and interesting gameplay experience.
F5: Item | G5: Effect
F6: Roseli Berry | G6: Standard Effect
F7: Fairy Gem | G7: 1.5x Fairy Damage, Single Use
F8: Fairy Dust | G8: 1.2x Fairy Damage boost
B9: Item Tweaks | F9: Assault Vest | G9: 1.5x Special Defense, can't use Status moves
F10: Weakness Policy | G10: Boosts Atk and SpA by 2 when hit by SE move
B11: Item | C11: Effect | F11: Safety Goggles | G11: Prevents weather damage, blocks powders
B12: Zoom Lens | C12: Provides 1.3x Accuracy Buff | G12: Prevents accuracy from being reduced.
B13: Wide Lens | C13: Provides 1.15x Accuracy Buff | F13: Blunder Policy | G13: Boosts Speed by +2 if holders move fails
B14: Big Root | C14: Provides 50% healing increase | G14: Triggers with misses, immunities, protect, etc.
B15: Shell Bell | C15: Provides 25% Healing | F15: Throat Spray | G15: Raises SpA by 1 after using a sound move
B16: Stick | C16: Doubles Farfetch'd Physical Damage | F16: Kee Berry | G16: Boosts Defense by 2 when hit by physical
B17: Light Ball | C17: Also Doubles Eevee's Atk and SpA | F17: Maranga Berry | G17: Boots Sp. Def by 2 when hit by special
B18: MIcle Berry | C18: Triggers instantly. Provides +50% accuracy. | F18: Covert Cloak | G18: Blocks additional affects of moves
B19: Jaboca / Rowap Berry | C19: Deals 25% maximum health, up from 12.5% | F19: Clear Amulet | G19: Prevents stat drops
B20: Pinch +Stat Berries | C20: Activates at 50% health | F20: Berry Juice | G20: Now counts as a Berry for Incinerate / Pluck
B21: Custap Berry | C21: Activates at 50% health
B22: Brightpowder | C22: Buffed to a 20% chance to avoid moves | F22: Eject Pack | G22: Switch out when stats are lowered.
B23: Resist Berries | C23: No longer SEEN by the AI | F23: New Items
B24: Enigma Berry | C24: Heals 50%, up from 25% | F24: Ability Drill | G24: Boots Sp. Def by 1 when hit by special
B25: Casteliacone | C25: An 100 HP Berry Juice! | F25: Trickster Herb* | G25: Consumable, +1 Priority for a Status Move
B26: Figy Berry | C26: Heals 33% health when brought to 50%. ALWAYS CONFUSES. | F26: Attack Insurance* | G26: Deals 1/8 of a target's maximum health when
G27: the holder's attack fails to affect them.
B28: Focus Band | C28: Gives a 50% chance to reduce damage from an incoming attack by 50%. | F28: Mascot Badge | G28: Doubles Offenses, Defenses, and Speed
G29: For 1st Stage Pokemon.
B32: AI Exclusive Items
B34: The following items are limited to the AI for balance purposes. These items are designed to facilitate mechanics that make the game more challenging and interesting and are not intended for player use as a result.
F36: Colress Devices
F38: These are powerful items mostly exclusive to Team Plasma and are the result of Colress's effort to enhance Pokémon with technology.
B40: Terastalization Items | F40: Item | G40: Effect
F41: Mysterious Device | G41: +1 Atk, +1 SpA, and -1 Accuracy on switch in
B42: These items share the base functions of their non-tera counterparts. | F42: Prototype Booster | G42: +1 Atk, +1 SpA, and -1 Accuracy on switch in
B43: The "terastalization" triggers at the start of the Pokémon's first turn in battle after switching in, changing their typing into their "Tera Type" | F43: Prototype Accelerator | G43: +2 Speed, -1 Accuracy on switch in
F44: Prototype Armor | G44: +1 Def, +1 SpD, and -1 Accuracy on switch in
B45: Their Tera Type is the type of the first move in their moveset. | F45: CLRS Booster | G45: +1 Atk and +1 SpA on switch in
B46: While Terastallized, Pokémon receive STAB on moves matching their Tera Type, in addition to moves matching their original types | F46: CLRS Accelerator | G46: +2 Speed on switch in
F47: CLRS Armor | G47: +1 Def and +1 SpD on switch in
B48: If the Pokémon's Tera Type is the same as one of its original types, moves of that type gain a ×2 damage boost instead of the usual ×1.5. | F48: CLRS Invention | G48: +1 to all stats on switch in
B50: This change persists on switch out or if the Pokemon's item is removed, and prevents other type-changes from taking place.
F51: Weather Rocks
B52: Tera Specs | C52: Tera C-Band | D52: Tera Scarf
B53: Tera Orb | C53: Tera Powder | D53: Tera K-Rock | F53: Item | G53: Effect
B54: Tera W-Policy | C54: Tera B-Policy | D54: Tera Insurance | F54: Smooth Rock | G54: Sets permanent sand on switch in
B55: Tera Drill | C55: Tera Claw | D55: Tera Leftovers | F55: Damp Rock | G55: Sets permanent rain on switch in
B56: Tera F-Band | C56: Tera Vest | D56: Tera Dice | F56: Heat Rock | G56: Sets permanent sun on switch in
B57: Tera F-Sash | C57: Tera Badge | F57: Icy Rock | G57: Sets permanent hail on switch in
B58: Tera Plate | C58: Provides a 20% boost to moves that match the Tera Type.
F59: Misc
B60: Tera Gem | C60: Provides a single use 50% boost to moves that match the Tera Type.
F61: Item | G61: Effect
F62: Mascot Badge | G62: Doubles Offenses, Defenses, and Speed for Pokemon below 400 BST.

Sheet AI Exclusive Abilities
B2: AI Exclusive Abilities
B4: The following Pokemon have abilities that can only be accessed by the AI. This is for balance purposes, and also because many of these abilities aren't very useful or consistent in the player's hands.
B5: My priority for each change was in making mechanically interesting tools to play with, with less (but not 0) consideration for theming or flavor.
C7: Pokémon | D7: Abil 1 | G7: Abil 2 | J7: Abil 3 (HA) | M7: Abil 4 (AI Only) | P7: Abil 5 (AI Only) | S7: Abil 6 (AI Only)
B8: 1 | C8: Bulbasaur | D8: Resilient | G8: Overgrow | J8: Thick Fat | M8: Drought | P8: Chlorophyll | S8: Flower Gift
B9: 2 | C9: Ivysaur | D9: Resilient | G9: Overgrow | J9: Thick Fat | M9: Drought | P9: Chlorophyll | S9: Flower Gift
B10: 3 | C10: Venusaur | D10: Resilient | G10: Overgrow | J10: Thick Fat | M10: Drought | P10: Chlorophyll | S10: Flower Gift
B11: 4 | C11: Charmander | D11: ='Kanto - Old'!B47 -> #REF! | G11: Blaze | J11: Tough Claws | M11: Drought | P11: Intimidate | S11: Turboblaze
B12: 5 | C12: Charmeleon | D12: ='Kanto - Old'!D47 -> #REF! | G12: Blaze | J12: Tough Claws | M12: Drought | P12: Intimidate | S12: Turboblaze
B13: 6 | C13: Charizard | D13: ='Kanto - Old'!F47 -> #REF! | G13: Blaze | J13: Tough Claws | M13: Drought | P13: Intimidate | S13: Turboblaze
B14: 7 | C14: Squirtle | D14: ='Kanto - Old'!B72 -> #REF! | G14: Torrent | J14: ='Kanto - Old'!B74 -> #REF! | M14: Drizzle | P14: Quick Draw | S14: Ballistics
B15: 8 | C15: Wartortle | D15: ='Kanto - Old'!D72 -> #REF! | G15: Torrent | J15: ='Kanto - Old'!D74 -> #REF! | M15: Drizzle | P15: Quick Draw | S15: Ballistics
B16: 9 | C16: Blastoise | D16: ='Kanto - Old'!F72 -> #REF! | G16: Torrent | J16: Determined | M16: Drizzle | P16: Quick Draw | S16: Ballistics
B17: 10 | C17: Caterpie | D17: Resilient | G17: Keen Senses | J17: Swarm | M17: Anticipation | P17: Serene Grace | S17: Filter
B18: 11 | C18: Metapod | D18: Resilient | G18: ='Kanto - Old'!D100 -> #REF! | J18: Swarm | M18: Anticipation | P18: Serene Grace | S18: Filter
B19: 12 | C19: Butterfree | D19: Keen Senses | G19: Tenacity | J19: Swarm | M19: Anticipation | P19: Serene Grace | S19: Filter
B20: 13 | C20: Weedle | D20: Resilient | G20: ='Kanto - Old'!B123 -> #REF! | J20: Swarm | M20: Sniper | P20: Anticipation | S20: Stakeout
B21: 14 | C21: Kakuna | D21: Resilient | G21: ='Kanto - Old'!D123 -> #REF! | J21: Swarm | M21: Sniper | P21: Anticipation | S21: Stakeout
B22: 15 | C22: Beedrill | D22: ='Kanto - Old'!F122 -> #REF! | G22: ='Kanto - Old'!F123 -> #REF! | J22: Swarm | M22: Sniper | P22: Anticipation | S22: Stakeout
B23: 16 | C23: Pidgey | D23: ='Kanto - Old'!B143 -> #REF! | G23: ='Kanto - Old'!B144 -> #REF! | J23: ='Kanto - Old'!B145 -> #REF! | M23: Serene Grace
B24: 17 | C24: Pidgeotto | D24: ='Kanto - Old'!D143 -> #REF! | G24: ='Kanto - Old'!D144 -> #REF! | J24: ='Kanto - Old'!D145 -> #REF! | M24: Serene Grace
B25: 18 | C25: Pidgeot | D25: ='Kanto - Old'!F143 -> #REF! | G25: ='Kanto - Old'!F144 -> #REF! | J25: ='Kanto - Old'!F145 -> #REF! | M25: Serene Grace
B26: 19 | C26: Rattata | D26: Adaptability | G26: Guts
B27: 20 | C27: Raticate | D27: Adaptability | G27: Guts
B28: 21 | C28: Spearow | D28: Intimidate | G28: Defiant | M28: Sniper
B29: 22 | C29: Fearow | D29: Intimidate | G29: Hustle | M29: Sniper
B30: 23 | C30: Ekans | D30: Intimidate | G30: Sheer Force | J30: Regenerator | M30: Stakeout | P30: Arena Trap | S30: Stench
B31: 24 | C31: Arbok | D31: Intimidate | G31: Sheer Force | J31: Regenerator | M31: Stakeout | P31: Arena Trap | S31: Stench
B32: 172 | C32: Pichu | D32: Thunder Armor | G32: Static | J32: Galvanize | M32: Plus | P32: Minus
B33: 25 | C33: Pikachu | D33: Thunder Armor | G33: Static | J33: Galvanize | M33: Plus | P33: Minus
B34: 26 | C34: Raichu | D34: Teravolt | G34: Sheer Force | J34: Galvanize | M34: Plus | P34: Minus
B35: 27 | C35: Sandshrew | D35: Rough Skin | G35: Sand Force | M35: Sand Stream | P35: Sand Veil
B36: 28 | C36: Sandslash | D36: Rough Skin | G36: Sand Force | M36: Sand Stream | P36: Sand Veil
B37: 29 | C37: Nidoran-F | D37: Rivalry | G37: Sheer Force | J37: Thick Fat | M37: Sand Stream | P37: Sand Veil | S37: Anger Point
B38: 30 | C38: Nidorina | D38: Rivalry | G38: Sheer Force | J38: Thick Fat | M38: Sand Stream | P38: Sand Veil | S38: Anger Point
B39: 31 | C39: Nidoqueen | D39: Battle Armor | G39: Sheer Force | J39: Thick Fat | M39: Sand Stream | P39: Sand Veil | S39: Anger Point
B40: 32 | C40: Nidoran-M | D40: Rivalry | G40: Sheer Force | J40: Exploit | M40: Sand Stream | P40: Sand Veil | S40: Anger Point
B41: 33 | C41: Nidorino | D41: Rivalry | G41: Sheer Force | J41: Exploit | M41: Sand Stream | P41: Sand Veil | S41: Anger Point
B42: 34 | C42: Nidoking | D42: Sturdy | G42: Sheer Force | J42: Exploit | M42: Sand Stream | P42: Sand Veil | S42: Anger Point
B43: 173 | C43: Cleffa | D43: Magic Guard | G43: Unaware | J43: Friend Guard | M43: Simple
B44: 35 | C44: Clefairy | D44: Magic Guard | G44: Unaware | J44: Friend Guard | M44: Simple
B45: 36 | C45: Clefable | D45: Magic Guard | G45: Unaware | J45: Friend Guard | M45: Simple
B46: 37 | C46: Vulpix | D46: Flash Fire | G46: Unnerve | J46: Magic Guard | M46: Drought | P46: Illusion | S46: Serene Grace
B47: 38 | C47: Ninetales | D47: Flash Fire | G47: Unnerve | J47: Magic Guard | M47: Drought | P47: Illusion | S47: Serene Grace
B48: 174 | C48: Igglybuff | D48: Pixilate | G48: Magic Bounce | J48: Flare Boost | M48: Moody | P48: Fluffy | S48: Simple
B49: 39 | C49: Jigglybuff | D49: Pixilate | G49: Magic Bounce | J49: Flare Boost | M49: Moody | P49: Fluffy | S49: Simple
B50: 40 | C50: Wigglytuff | D50: Pixilate | G50: Magic Bounce | J50: Flare Boost | M50: Moody | P50: Fluffy | S50: Simple
B51: 41 | C51: Zubat | D51: Strong Body | G51: Keen Senses | J51: Infiltrator | M51: Shadow Tag | P51: Stakeout | S51: Sniper
B52: 42 | C52: Golbat | D52: Strong Body | G52: Keen Senses | J52: Infiltrator | M52: Shadow Tag | P52: Stakeout | S52: Sniper
B53: 169 | C53: Crobat | D53: Strong Body | G53: Keen Senses | J53: Infiltrator | M53: Shadow Tag | P53: Stakeout | S53: Sniper
B54: 43 | C54: Oddish | D54: Chlorophyll | G54: Solar Power | J54: Merciless | M54: Stench | P54: Effect Spore | S54: Drought
B55: 44 | C55: Gloom | D55: Chlorophyll | G55: Solar Power | J55: Merciless | M55: Stench | P55: Effect Spore | S55: Drought
B56: 45 | C56: Vileplume | D56: Chlorophyll | G56: Solar Power | J56: Merciless | M56: Stench | P56: Effect Spore | S56: Drought
B57: 182 | C57: Bellossom | D57: Chlorophyll | G57: Hustle | J57: Flower Gift | M57: Effect Spore | P57: Drought | S57: Flower Gift
... B59: 47 | C59: Parasect | D59: Dry Skin | G59: Contagious | J59: Tough Claws | M59: Effect Spore | P59: Stakeout | S59: Shadow Tag
B60: 48 | C60: Venonat | D60: Poison Heal | G60: Tenacity | J60: Keen Senses | M60: Anticipation
B61: 49 | C61: Venomoth | D61: Poison Heal | G61: Tenacity | J61: Keen Senses | M61: Anticipation
B62: 50 | C62: Diglett | D62: Sand Force | G62: Unnerve | J62: Infiltrator | M62: Stakeout | P62: Arena Trap | S62: Sand Veil
B63: 51 | C63: Dugtrio | D63: Sand Force | G63: Unnerve | J63: Infiltrator | M63: Stakeout | P63: Arena Trap | S63: Sand Veil
B64: 52 | C64: Meowth | D64: Pickup | G64: Technician | J64: Exploit | M64: Pickpocket | P64: Anticipation
B65: 53 | C65: Persian | D65: Pickup | G65: Sniper | J65: Exploit | M65: Pickpocket | P65: Anticipation
B66: 54 | C66: Psyduck | D66: Swift Swim | G66: Berserk | J66: Cloud Nine | M66: Drizzle | P66: Anticipation | S66: Trace
B67: 55 | C67: Golduck | D67: Swift Swim | G67: Determined | J67: Tough Claws | M67: Drizzle | P67: Anticipation | S67: Trace
B68: 56 | C68: Mankey | D68: Defiant | G68: Tenacity | J68: Berserk | M68: Hustle | P68: Anger Point | S68: Moody
B69: 57 | C69: Primeape | D69: Defiant | G69: Tenacity | J69: Berserk | M69: Hustle | P69: Anger Point | S69: Moody
B70: 58 | C70: Growlithe | D70: Intimidate | G70: Flash Fire | J70: Justified | M70: Drought
B71: 59 | C71: Arcanine | D71: Intimidate | G71: Determined | J71: Justified | M71: Drought
B72: 60 | C72: Poliwag | D72: Water Absorb | G72: Swift Swim | J72: Torrent | M72: Drizzle
B73: 61 | C73: Poliwhirl | D73: Water Absorb | G73: Swift Swim | J73: Torrent | M73: Drizzle
B74: 62 | C74: Poliwrath | D74: Water Absorb | G74: Swift Swim | J74: Torrent | M74: Drizzle
B75: 186 | C75: Politoed | D75: Distracting | G75: Water Absorb | J75: Torrent | M75: Drizzle
B76: 63 | C76: Abra | D76: Magic Guard | G76: Synchronize | J76: Inner Focus | M76: Anticipation | P76: Illusion | S76: Savant
B77: 64 | C77: Kadabra | D77: Magic Guard | G77: Synchronize | J77: Inner Focus | M77: Anticipation | P77: Illusion | S77: Savant
B78: 65 | C78: Alakazam | D78: Magic Guard | G78: Trace | J78: Inner Focus | M78: Anticipation | P78: Illusion | S78: Savant
B79: 66 | C79: Machop | D79: Guts | G79: No Guard | J79: Strong Body | M79: Mold Breaker
B80: 67 | C80: Machoke | D80: Guts | G80: No Guard | J80: Strong Body | M80: Mold Breaker
B81: 68 | C81: Machamp | D81: Guts | G81: No Guard | J81: Strong Body | M81: Mold Breaker
B82: 69 | C82: Bellsprout | D82: Chlorophyll | G82: Corrosion | J82: No Guard | M82: Stench | P82: Stakeout | S82: Arena Trap
B83: 70 | C83: Weepinbell | D83: Chlorophyll | G83: Corrosion | J83: No Guard | M83: Stench | P83: Stakeout | S83: Arena Trap
B84: 71 | C84: Victreebell | D84: Chlorophyll | G84: Corrosion | J84: No Guard | M84: Stench | P84: Stakeout | S84: Arena Trap
B85: 72 | C85: Tentacool | D85: Merciless | G85: Strong Body | J85: Corrosion | M85: Drizzle | P85: Stakeout | S85: Arena Trap
B86: 73 | C86: Tentacruel | D86: Merciless | G86: Strong Body | J86: Corrosion | M86: Drizzle | P86: Stakeout | S86: Arena Trap
B87: 74 | C87: Geodude | D87: Sturdy | G87: Determined | J87: Solid Rock | M87: Aftermath | P87: Sand Stream | S87: Sand Veil
B88: 75 | C88: Graveler | D88: Sturdy | G88: Determined | J88: Solid Rock | M88: Aftermath | P88: Sand Stream | S88: Sand Veil
B89: 76 | C89: Golem | D89: Sturdy | G89: Determined | J89: Solid Rock | M89: Aftermath | P89: Sand Stream | S89: Sand Veil
B90: 77 | C90: Ponyta | D90: Flash Fire | G90: Blaze | J90: Run Away | M90: Drought | P90: Hustle | S90: Serene Grace
B91: 78 | C91: Rapidash | D91: Flash Fire | G91: Majestic Ward | J91: Run Away | M91: Drought | P91: Hustle | S91: Serene Grace
B92: 79 | C92: Slowpoke | D92: Rain Dish | G92: Regenerator | J92: Unaware | M92: Drizzle | P92: Simple
B93: 80 | C93: Slowbro | D93: Shell Armor | G93: Regenerator | J93: Unaware | M93: Drizzle | P93: Simple
B94: 199 | C94: Slowking | D94: Regenerator | G94: Shell Armor | J94: Inner Focus | M94: Drizzle | P94: Simple
B95: 81 | C95: Magnemite | D95: Sturdy | G95: Magnet Pull | J95: Light Metal | M95: Minus | P95: Plus | S95: Levitate
B96: 82 | C96: Magneton | D96: Sturdy | G96: Patient | J96: Light Metal | M96: Minus | P96: Plus | S96: Levitate
B97: 462 | C97: Magnezone | D97: Sturdy | G97: Patient | J97: Light Metal | M97: Minus | P97: Plus | S97: Levitate
B98: 83 | C98: Farfetch'd | D98: Hyper Cutter | G98: Rattled | J98: Defiant | M98: Quick Draw | P98: Hustle
B99: 84 | C99: Doduo | D99: Run Away | G99: Tough Claws | J99: Sand Rush | M99: Hustle | P99: Moody | S99: Sand Veil
B100: 85 | C100: Dodrio | D100: Run Away | G100: Tough Claws | J100: Sand Rush | M100: Hustle | P100: Moody | S100: Sand Veil
B101: 86 | C101: Seel | D101: Keen Senses | G101: Swift Swim | J101: Thick Fat | M101: Snow Warning | P101: Lightning Rod | S101: Snow Cloak
B102: 87 | C102: Dewgong | D102: Keen Senses | G102: Swift Swim | J102: Thick Fat | M102: Snow Warning | P102: Lightning Rod | S102: Snow Cloak
B103: 88 | C103: Grimer | D103: Strong Body | G103: Gooey | J103: Water Absorb | M103: Stench | P103: Poison Touch | S103: Cursed Body
B104: 89 | C104: Muk | D104: Strong Body | G104: Gooey | J104: Water Absorb | M104: Stench | P104: Poison Touch | S104: Cursed Body
...

Sheet Notated Abilities
B2: Unova: #494-649
C7: Forewarn | F7: Blaze | I7: Chlorophyll | L7: Pickpocket
C9: Swift Swim | F9: Overgrow | I9: Swift Swim | L9: Normalize
C11: Hyper Cutter | F11: Torrent | I11: Solar Power | L11: Filter
A13: Type | C13: Pickup | I13: Cloud Nine | L13: Corrosion
A14: HP | F14: Storm Drain
A15: Attack | C15: Rivalry | I15: Rain Dish | L15: Unaware
A16: Defence | F16: Swarm
A17: SpAtk | C17: Shed Skin | I17: Ice Body | L17: Scrappy
A18: SpDef
A19: Speed | C19: Justified | I19: Sand Rush | L19: Overcoat
A20: Total
A21: Ability 1 | C21: Berserk | I21: Slush Rush | L21: Solid Rock
A22: Ability 2
A23: Ability 3 (HA) | I23: Run Away | L23: Mold Breaker
A24: Evolution Changes
I25: Unnerve | L25: Heavy Metal
C27: Thunder Armor | L27: Shed Skin
I28: Sand Force
C29: Amplifier | L29: Anger Point
I30: Thick Fat
C31: Colossal | L31: Justified
C33: Merciless | G33: Inner Focus | L33: Forewarn
A34: Type | I34: Unnerve
A35: HP | C35: Ballistics | L35: Rattled
A36: Attack | F36: Fur Coat
A37: Defence | I37: Teravolt | L37: Light Metal
A38: SpAtk | F38: Fluffy
A39: SpDef | I39: Strong Body (Clear Body) | L39: Healer
A40: Speed
A41: Total | L41: Infiltrator
A42: Ability 1 | I42: Overcoat
A43: Ability 2 | L43: Toxic Boost
A44: Ability 3 (HA) | I44: Flower Gift
A45: Evolution Changes | F45: Turboblaze
C49: Move ID | D49: Move Name | F49: Grass
D50: ----- | F50: Water
C51: 1 | D51: Concuss | F51: Dark
C52: 2 | D52: Karate Chop | F52: Flying
C53: 3 | D53: DoubleSlap | F53: Normal | I53: Normal | J53: Electric | K53: Psychic
C54: 4 | D54: Comet Punch | F54: Fire | H54: Rock
C55: 5 | D55: Mega Punch | F55: Ground | H55: Ground | M55: Fighting | N55: Dark
C56: 6 | D56: Pay Day | F56: Electric
C57: 7 | D57: Fire Punch | F57: Dragon
C58: 8 | D58: Ice Punch | F58: Ghost | M58: Normal | N58: Steel
C59: 9 | D59: ThunderPunch | F59: Bug | H59: (Currents) | I59: New Grass or Bug color? | M59: Fire | N59: Rock
C60: 10 | D60: Scratch | F60: Psychic | M60: Rock | N60: Electric | O60: Grass | P60: Dragon
C61: 11 | D61: Dual Wingbeat | F61: Fighting | M61: Psychic | N61: Ice | O61: Fairy
A62: Type | C62: 12 | D62: Guillotine | F62: Rock
A63: HP | C63: 13 | D63: Razor Winds | F63: Steel | L63: Electric | M63: Flying
A64: Attack | C64: 14 | D64: Swords Dance | F64: Ice | I64: Poison | J64: Dragon | K64: Flying
A65: Defence | C65: 15 | D65: Cut | F65: Flying
A66: SpAtk | C66: 16 | D66: Gust | F66: Poison | M66: Fairy | N66: Poison
A67: SpDef | C67: 17 | D67: Wing Attack | F67: Fairy | J67: Ice
A68: Speed | C68: 18 | D68: Whirlwind
A69: Total | C69: 19 | D69: Fly | J69: Ice
A70: Ability 1 | C70: 20 | D70: Bind | I70: Rock | J70: Fairy | M70: Fairy
A71: Ability 2 | C71: 21 | D71: Brutal Swing | G71: Grass | H71: Fighting | I71: Water
A72: Ability 3 (HA) | C72: 22 | D72: Vine Whip | F72: Normal | G72: Ghost | H72: Grass
A73: Evolution Changes | C73: 23 | D73: Stomp
C74: 24 | D74: Double Kick | J74: Rock
C75: 25 | D75: High Horsepower
C76: 26 | D76: Jump Kick | H76: Water
C77: 27 | D77: Headlong Rush | K77: Ice | L77: Electric
C78: 28 | D78: Sand Attack | H78: Grass
C79: 29 | D79: Headbutt | H79: Ice
C80: 30 | D80: Devour | G80: Rock | H80: Fire
C81: 31 | D81: Fire Lash
C82: 32 | D82: Horn Drill
C83: 33 | D83: Tackle
C84: 34 | D84: Body Slam
C85: 35 | D85: Wrap | I85: Rock
C86: 36 | D86: Take Down | I86: Rock
C87: 37 | D87: Thrash
C88: 38 | D88: Double-Edge
A89: Type | C89: 39 | D89: Tail Whip
A90: HP | C90: 40 | D90: Poison Sting
A91: Attack | C91: 41 | D91: Twineedle | G91: ――――― | I91: Illusion
A92: Defence | C92: 42 | D92: Pin Missile | F92: 1 | G92: BULBASAUR
A93: SpAtk | C93: 43 | D93: Leer | F93: 2 | G93: IVYSAUR | I93: New Effect
A94: SpDef | C94: 44 | D94: Bite | F94: 3 | G94: VENUSAUR | I94: When trainers switch in a Pokemon, this Pokemon may take its place and its appearance instead!
A95: Speed | C95: 45 | D95: Growl | F95: 4 | G95: CHARMANDER
A96: Total | C96: 46 | D96: Roar | F96: 5 | G96: CHARMELEON | I96: * Basically, an Illusion pokemon can interrupt the standard switch logic of enemy trainers, inserting the Pokemon and giving it the appearance of the Pokemon that should have switched in.
A97: Ability 1 | C97: 47 | D97: Sing | F97: 6 | G97: CHARIZARD
A98: Ability 2 | C98: 48 | D98: Supersonic | F98: 7 | G98: SQUIRTLE
A99: Ability 3 (HA) | C99: 49 | D99: Scorching Swarm | F99: 8 | G99: WARTORTLE
A100: Evolution Changes | C100: 50 | D100: Disable | F100: 9 | G100: BLASTOISE
C101: 51 | D101: Parabolic Zap | F101: 10 | G101: CATERPIE
C102: 52 | D102: Ember | F102: 11 | G102: METAPOD
C103: 53 | D103: Flamethrower | F103: 12 | G103: BUTTERFREE
C104: 54 | D104: Mist | F104: 13 | G104: WEEDLE
C105: 55 | D105: Water Gun | F105: 14 | G105: KAKUNA
C106: 56 | D106: Hydro Pump | F106: 15 | G106: BEEDRILL
C107: 57 | D107: Surf | F107: 16 | G107: PIDGEY
C108: 58 | D108: Ice Beam | F108: 17 | G108: PIDGEOTTO
C109: 59 | D109: Blizzard | F109: 18 | G109: PIDGEOT
C110: 60 | D110: Psybeam | F110: 19 | G110: RATTATA
C111: 61 | D111: BubbleBeam | F111: 20 | G111: RATICATE
C112: 62 | D112: Aurora Beam | F112: 21 | G112: SPEAROW
C113: 63 | D113: Hyper Beam | F113: 22 | G113: FEAROW
...

Sheet Redesign Ideas
B2: New WIP Ideas
H7: Delibird
H8: 1 | I8: Ice Shard
H9: 1 | I9: Quick Attack
H10: 4 | I10: Healing Wish
H11: 11 | I11: Roost
H12: 15 | I12: Freeze Dry
B13: #225 Delibird | D13: #225 Delibird | H13: 17 | I13: Rapid Spin
A14: Type | B14: Ice | C14: Fairy | D14: Ice | E14: Fairy | H14: 20 | I14: Fling
A15: HP | B15: 10+ | C15: 55 | D15: 30+ | E15: 75 | H15: 23 | I15: Heart Stamp
A16: Attack | B16: 40+ | C16: 95 | D16: 45+ | E16: 100 | H16: 26 | I16: Present
A17: Defence | B17: 25+ | C17: 70 | D17: 25+ | E17: 70 | H17: 28 | I17: Helping Hand
A18: SpAtk | B18: 25+ | C18: 90 | D18: 30+ | E18: 95 | H18: 32 | I18: Sky Drop
A19: SpDef | B19: 25+ | C19: 70 | D19: 25+ | E19: 70 | H19: 36 | I19: Slam
A20: Speed | B20: 40+ | C20: 115 | D20: 20+ | E20: 95 | H20: 40 | I20: Play Rough
A21: Total | B21: 165+ | C21: =SUM(C15:C20) -> 495 | D21: 165+ | E21: =SUM(E15:E20) -> 505 | H21: 42 | I21: Fake Out
A22: Ability 1 | B22: Pickup | D22: Pickup | H22: 46 | I22: Tailwind
A23: Ability 2 | B23: Refrigerate | D23: Unburden | H23: 49 | I23: Flail
A24: Ability 3 (HA) | B24: Permafrost | D24: Permafrost | H24: 54 | I24: Last Resort
A25: Evolution Changes | H25: 58 | I25: Triple Axel
H29: Bonsly | J29: Sudowoodo | N29: Now Compatible With
H30: 1 | I30: Bullet Seed | J30: 1 | K30: Obstruct | N30: HM01: Cut
H31: 1 | I31: Tickle | J31: 1 | K31: Substitute | N31: TM47: Low Sweep
H32: 6 | I32: Accelerock | J32: 6 | K32: Accelerock
H33: 9 | I33: Copycat | J33: 9 | K33: Copycat
H34: 12 | I34: Covet | J34: 12 | K34: Covet
B35: #438 Bonsly | D35: #185 Sudowoodo | H35: 15 | I35: Rock Tomb | J35: 15 | K35: Rock Tomb
A36: Type | B36: Rock | D36: Rock | E36: Fairy | H36: 18 | I36: Defense Curl | J36: 18 | K36: Defense Curl
A37: HP | B37: 10+ | C37: 60 | D37: 10+ | E37: 80 | H37: 20 | I37: Nature Power | J37: 20 | K37: Nature Power
A38: Attack | B38: 5+ | C38: 85 | D38: 5+ | E38: 105 | H38: 22 | I38: Rollout | J38: 22 | K38: Rollout
A39: Defence | B39: 5+ | C39: 100 | D39: 5+ | E39: 120 | H39: 26 | I39: Dizzy Punch | J39: 26 | K39: Dizzy Punch
A40: SpAtk | C40: 10 | E40: 30 | H40: 30 | I40: Thunder Wave | J40: 30 | K40: Thunder Wave
A41: SpDef | B41: 20+ | C41: 75 | D41: 20+ | E41: 85 | H41: 33 | I41: Block | J41: 33 | K41: Block
A42: Speed | B42: 40+ | C42: 50 | D42: 40+ | E42: 70 | H42: 36 | I42: Wood Hammer | J42: 36 | K42: Wood Hammer
A43: Total | B43: 80+ | C43: =SUM(C37:C42) -> 380 | D43: 80+ | E43: =SUM(E37:E42) -> 490 | H43: 40 | I43: Rock Climb | J43: 40 | K43: Rock Climb
A44: Ability 1 | B44: Solid Rock | D44: Rock Head | H44: 43 | I44: Hammer Arm | J44: 43 | K44: Hammer Arm
A45: Ability 2 | B45: Prankster | D45: Prankster | H45: 45 | I45: Play Rough | J45: 45 | K45: Play Rough
A46: Ability 3 (HA) | B46: Rattled | D46: Rattled | H46: 48 | I46: Parting Shot | J46: 48 | K46: Parting Shot
A47: Evolution Changes | D47: Level 26 | H47: 52 | I47: Head Smash | J47: 52 | K47: Head Smash
H48: 55 | I48: Spirit Break | J48: 55 | K48: Spirit Break
H49: 59 | I49: Rock Wrecker | J49: 59 | K49: Rock Wrecker
H50: 65 | I50: Encore | J50: 65 | K50: Encore
H54: Bonsly | J54: Sudowoodo | N54: Now Compatible With
H55: 1 | I55: Bullet Seed | J55: 1 | K55: Obstruct | N55: HM01: Cut
H56: 1 | I56: Tickle | J56: 1 | K56: Tickle | N56: TM47: Low Sweep
H57: 6 | I57: Accelerock | J57: 6 | K57: Accelerock
H58: 9 | I58: Copycat | J58: 9 | K58: Copycat
H59: 13 | I59: Rock Tomb | J59: 13 | K59: Rock Tomb
B60: #438 Bonsly | D60: #185 Sudowoodo | H60: 18 | I60: Defense Curl | J60: 18 | K60: Defense Curl
A61: Type | B61: Rock | C61: Grass | D61: Rock | E61: Grass | H61: 20 | I61: Nature Power | J61: 20 | K61: Nature Power
A62: HP | B62: 10+ | C62: 60 | D62: 10+ | E62: 80 | H62: 22 | I62: Rollout | J62: 22 | K62: Rollout
A63: Attack | C63: 80 | E63: 100 | H63: 30 | I63: Seed Bomb | J63: 30 | K63: Seed Bomb
A64: Defence | C64: 95 | E64: 115 | H64: 33 | I64: Block | J64: 33 | K64: Block
A65: SpAtk | C65: 10 | E65: 30 | H65: 36 | I65: Double-Edge | J65: 36 | K65: Double-Edge
A66: SpDef | B66: 10+ | C66: 55 | D66: 10+ | E66: 75 | H66: 40 | I66: Rock Climb | J66: 40 | K66: Rock Climb
A67: Speed | B67: 40+ | C67: 50 | D67: 40+ | E67: 70 | H67: 43 | I67: Hammer Arm | J67: 43 | K67: Hammer Arm
A68: Total | B68: 60+ | C68: =SUM(C62:C67) -> 350 | D68: 60+ | E68: =SUM(E62:E67) -> 470 | H68: 45 | I68: Sucker Punch | J68: 45 | K68: Sucker Punch
A69: Ability 1 | B69: Rattled | D69: Rock Head | H69: 48 | I69: Parting Shot | J69: 48 | K69: Parting Shot
A70: Ability 2 | B70: Prankster | D70: Prankster | H70: 52 | I70: Head Smash | J70: 52 | K70: Head Smash
A71: Ability 3 (HA) | B71: Sap Sipper | D71: Sap Sipper | H71: 55 | I71: Wood Hammer | J71: 55 | K71: Wood Hammer
A72: Evolution Changes | D72: Level 26 | H72: 63 | I72: Rock Wrecker | J72: 63 | K72: Rock Wrecker
H76: Nosepass | J76: Probopass | N76: Now Compatible With
H77: 1 | I77: Tackle | J77: 1 | K77: Sandstorm | N77: TM66: Power Gem
H78: 1 | I78: Harden | J78: 1 | K78: Ancient Power | N78: TM79: Body Press
H79: 4 | I79: Stomp | J79: 4 | K79: Stomp
H80: 7 | I80: Block | J80: 7 | K80: Block
H81: 10 | I81: Metal Sound | J81: 10 | K81: Metal Sound
B82: #299 Nosepass | D82: #476 Probopass | H82: 13 | I82: Thunder Wave | J82: 13 | K82: Thunder Wave
A83: Type | B83: Rock | C83: Electric | D83: Rock | E83: Steel | H83: 16 | I83: Mud Shot | J83: 16 | K83: Mud Shot
A84: HP | B84: 20+ | C84: 50 | D84: 10+ | E84: 70 | H84: 19 | I84: Charge | J84: 19 | K84: Charge
A85: Attack | B85: 10+ | C85: 55 | E85: 55 | H85: 22 | I85: Parabolic Zap | J85: 22 | K85: Parabolic Zap
A86: Defence | C86: 135 | E86: 145 | H86: 25 | I86: Power Gem | J86: 25 | K86: Power Gem
A87: SpAtk | B87: 70+ | C87: 115 | D87: 20+ | E87: 95 | H87: 28 | I87: Iron Defense | J87: 28 | K87: Iron Defense
A88: SpDef | B88: 30+ | C88: 120 | E88: 150 | H88: 34 | I88: Magnet Bomb | J88: 34 | K88: Magnet Bomb
A89: Speed | C89: 30 | E89: 40 | H89: 38 | I89: Tri Attack | J89: 38 | K89: Tri Attack
A90: Total | B90: 45+ | C90: =SUM(C84:C89) -> 505 | D90: 30+ | E90: =SUM(E84:E89) -> 555 | H90: 41 | I90: Wide Guard | J90: 41 | K90: Wide Guard
A91: Ability 1 | B91: Magnet Pull | D91: Sand Force | H91: 44 | I91: Discharge | J91: 44 | K91: Discharge
A92: Ability 2 | B92: Solid Rock | D92: Sturdy | H92: 46 | I92: Flash Cannon | J92: 46 | K92: Flash Cannon
A93: Ability 3 (HA) | B93: Keen Senses (Compoundeyes) | D93: Levitate | H93: 50 | I93: Gravity | J93: 50 | K93: Gravity
A94: Evolution Changes | D94: Use Thunderstone on Nosepass | H94: 54 | I94: Diamond Storm | J94: 54 | K94: Diamond Storm
J95: 58 | K95: Volt Switch
J96: 62 | K96: Rest
J97: 67 | K97: Zap Cannon
J98: 75 | K98: Steel Beam
C111: Dodgeable | D111: Type 1 | E111: Grass | F111: Grass | G111: Ground | H111: Grass
C112: Singles | D112: Type 2 | E112: Rock | F112: Ground | G112: Flying | H112: Steel
D113: Item | E113: Rawst Berry | F113: Eviolite | G113: Scope Lens | H113: -
D114: Level | E114: 35 | F114: 35 | G114: 35 | H114: 35
D115: Nature | E115: Rash | F115: Rash | G115: Quiet | H115: Serious
D116: Ability | E116: Sap Sipper | F116: Solid Rock | G116: Sand Rush | H116: Strong Jaw
D117: Move 1 | E117: Rock Climb | F117: Seed Bomb | G117: Hurricane | H117: Crunch
D118: Move 2 | E118: Horn Leech | F118: Earthquake | G118: Earth Power | H118: Thunder Fang
D119: Move 3 | E119: Drill Run | F119: Leech Seed | G119: Tri Attack | H119: Weather Ball
D120: Move 4 | E120: Jump Kick | F120: Mirror Coat | G120: Thrash | H120: Iron Head
C122: Psychic Future | E122: Grumpig | F122: Marowak | G122: Lucario | H122: Lunatone
C123: Optional | D123: Type 1 | E123: Psychic | F123: Ground | G123: Fighting | H123: Rock
C124: Singles | D124: Type 2 | E124: Dark | F124: Ghost | G124: Steel | H124: Psychic
D125: Item | E125: Life Orb | F125: Thick Club | G125: Focus Sash | H125: Absorb Bulb
D126: Level | E126: 36 | F126: 36 | G126: 37 | H126: 37
D127: Nature | E127: Hasty | F127: Sassy | G127: Hardy | H127: Hardy
...

Sheet Mechanic Changes
B2: Mechanic Changes | F2: IMPORTANT
F3: It has not yet been decided whether these changes will be implemented in Cascade White as of yet.
B4: There are very few changes to the core battle mechanics of Pokemon in this romhack, with a few notable exceptions.
F7: I am just using this page to test out formatting for such things and put some ideas down.
B8: Type Chart
B10: A few small small changes have been made to the type chart to provide a more fresh experience for players and address some small balance concerns involved with the introduction of fairies.
B12: CHANGE #1
B13: Normal | C13: The purpose of this change is to provide a small nerf to fairies and a small buff to normal types by providing them a useful and important resistance.
B14: RESISTS
B15: Fairy
C16: The flavor reasoning is that Normal represents the mundane, the ordinary, the opposite of the whimsy and magic of the fairy type.
B19: CHANGE #2
B20: Ice | C20: This is a change meant to provide a meaningful buff to ice types by providing them a useful defensive resistance with which to switch in on.
B21: RESISTS
B22: Water
C23: The flavor reasoning is that Water and Ice are simply different states of the same matter, the only difference being temperature. It should be as hard to freeze water with Ice as it is to melt Ice with water.
B28: Special Battles
F29: Mechanic Changes
B30: While exploring Unova, you will encounter battles where unique conditions are applied to make things more interesting.
B32: These encounters are rare, but become more common as you get deeper into the game. All instances are of altered battle conditions are documented in the Master Sheet.
B34: Some effects include...
B35: Perma Trick Room | C35: Trick Room is set at the start of the battle, and has an infinite duration. It can still be reset by using Trick Room yourself.
B36: Inverse Battles | C36: The type chart is inverted, turning all weaknesses into resists and resists into weaknesses.
B37: Pre-Set Hazards | C37: Hazards are set on the player's side when the battle starts, damaging Pokemon on switch in.
B38: Adjusted Type Charts | C38: Small tweaks to the type chart may be included as part of the challenge of certain areas. I.e. In Drayden's gym, Fairies resist (are not immune to) Dragon moves.
B39: Perma Status | C39: A status condition is applied to all Pokemon in battle, such as Taunt, Grudge, Torment or Heal Block.
